id;referencia;nome_produto;marca;categoria;especificacao;caracteristicas;preco_eur;preco_formatado;pagina_catalogo
1;74365;AGUJAS PROCLINIC;Proclinic;AGUJAS Y ANESTESIAS;Agujas 30G 0,3 x 21 mm.;Agujas desechables;17.15;17,15 €;20
2;74366;AGUJAS PROCLINIC;Proclinic;AGUJAS Y ANESTESIAS;Agujas 30G 0,3 x 25 mm.;Agujas desechables;17.15;17,15 €;20
3;74367;AGUJAS PROCLINIC;Proclinic;AGUJAS Y ANESTESIAS;Agujas 27G 0,4 x 35 mm;Agujas desechables;17.15;17,15 €;20
4;74368;AGUJAS PROCLINIC;Proclinic;AGUJAS Y ANESTESIAS;Agujas 30XG-Short 0,3;Agujas desechables;17.15;17,15 €;20
5;74369;AGUJAS PROCLINIC;Proclinic;AGUJAS Y ANESTESIAS;Agujas 30XG-Short 0,3;Agujas desechables;17.15;17,15 €;20
6;21010;AGUJAS TERUMO;Terumo;AGUJAS Y ANESTESIAS;27G (0,4x21mm) Infiltrativa (Corta interna);100 unidades;21.19;21,19 €;21
7;21011;AGUJAS TERUMO;Terumo;AGUJAS Y ANESTESIAS;27L (0,4x35mm) Troncular;100 unidades;21.19;21,19 €;21
8;21012;AGUJAS TERUMO;Terumo;AGUJAS Y ANESTESIAS;30G (0,3x21mm) Infiltrativa;100 unidades;26.28;26,28 €;21
9;21013;AGUJAS TERUMO;Terumo;AGUJAS Y ANESTESIAS;27G (0,4x21mm) Infiltrativa;100 unidades;26.28;26,28 €;21
10;21014;AGUJAS TERUMO;Terumo;AGUJAS Y ANESTESIAS;30XG (0,3x16mm) Infiltrativa;100 unidades;26.28;26,28 €;21
11;21015;AGUJAS TERUMO;Terumo;AGUJAS Y ANESTESIAS;30XG (0,3x13mm) Intraligamentosa;100 unidades;26.28;26,28 €;21
12;2425;AGUJAS SOPIRA;Kulzer;AGUJAS Y ANESTESIAS;30G - Infiltrativa. 0,3 x 25 mm.;Caja de 100 unidades;26.28;26,28 €;21
13;2426;AGUJAS SOPIRA;Kulzer;AGUJAS Y ANESTESIAS;27L - Troncular. 0,4 x 38 mm.;Caja de 100 unidades;26.28;26,28 €;21
14;2427;AGUJAS SOPIRA;Kulzer;AGUJAS Y ANESTESIAS;27G - Infiltrativa. 0,4 x 25 mm.;Caja de 100 unidades;26.28;26,28 €;21
15;2428;AGUJAS SOPIRA;Kulzer;AGUJAS Y ANESTESIAS;30XG - Intraligamentosa. 0,3;Caja de 100 unidades;26.28;26,28 €;21
16;2436;AGUJAS SOPIRA;Kulzer;AGUJAS Y ANESTESIAS;27XG - Intraligamentosa. 0,4;Caja de 100 unidades;26.28;26,28 €;21
17;4313;AGUJAS OCTOPLUS;Laboratorios;AGUJAS Y ANESTESIAS;30G - Infiltrativa.;Caja Caja de 100 unidades.;21.7;21,70 €;21
18;4377;AGUJAS OCTOPLUS;Laboratorios;AGUJAS Y ANESTESIAS;30G - Infiltrativa.;Caja Caja de 100 unidades.;21.7;21,70 €;21
19;4378;AGUJAS OCTOPLUS;Laboratorios;AGUJAS Y ANESTESIAS;27L - Troncular.;Caja Caja de 100 unidades.;21.7;21,70 €;21
20;4379;AGUJAS OCTOPLUS;Laboratorios;AGUJAS Y ANESTESIAS;30XG - Intraligamentosa.0,3;Caja Caja de 100 unidades.;21.7;21,70 €;21
21;59449;AGUJAS SOPIRA;Kulzer;AGUJAS Y ANESTESIAS;30G - Infiltrativa. 0,3 x 21 mm.;Caja de 100 unidades;26.28;26,28 €;21
22;74360;AGUJAS BESTDENT;Bestdent;AGUJAS Y ANESTESIAS;Agujas 30G (0,3 x 21 mm.);Agujas desechables triple bisel para la aplicación de anestesia marca para indicar la posición del bisel.;11.95;11,95 €;21
23;74361;AGUJAS BESTDENT;Bestdent;AGUJAS Y ANESTESIAS;Agujas 30G (0,3 x 25 mm.);Agujas desechables triple bisel para la aplicación de anestesia marca para indicar la posición del bisel.;11.95;11,95 €;21
24;74362;AGUJAS BESTDENT;Bestdent;AGUJAS Y ANESTESIAS;Agujas 27G (0,4 x 35 mm.);Agujas desechables triple bisel para la aplicación de anestesia marca para indicar la posición del bisel.;11.95;11,95 €;21
25;74363;AGUJAS BESTDENT;Bestdent;AGUJAS Y ANESTESIAS;Agujas 30XG (0,3 x 12 mm.);Agujas desechables triple bisel para la aplicación de anestesia marca para indicar la posición del bisel.;11.95;11,95 €;21
26;74364;AGUJAS BESTDENT;Bestdent;AGUJAS Y ANESTESIAS;Agujas 30XG (0,3 x 16 mm.);Agujas desechables triple bisel para la aplicación de anestesia marca para indicar la posición del bisel.;11.95;11,95 €;21
27;99984;AGUJAS SOPIRA;Kulzer;AGUJAS Y ANESTESIAS;30G - Infiltrativa. 0,3 x 16 mm.;Caja de 100 unidades;26.28;26,28 €;21
28;19012;AGUJAS SEPTOJECT;Septodont;AGUJAS Y ANESTESIAS;;Caja de 100 unidades;17.5;17,50 €;22
29;19013;AGUJAS SEPTOJECT;Septodont;AGUJAS Y ANESTESIAS;;Caja de 100 unidades;17.5;17,50 €;22
30;19014;AGUJAS SEPTOJECT;Septodont;AGUJAS Y ANESTESIAS;;Caja de 100 unidades;17.5;17,50 €;22
31;19015;AGUJAS SEPTOJECT;Septodont;AGUJAS Y ANESTESIAS;;Caja de 100 unidades;17.5;17,50 €;22
32;19021;AGUJAS SEPTOJECT XL;Septodont;AGUJAS Y ANESTESIAS;27GX 0.4 x 35 mm;Caja de 100 unidades;17.5;17,50 €;22
33;19022;AGUJAS SEPTOJECT XL;Septodont;AGUJAS Y ANESTESIAS;27GX 0.4 x 25 mm;Caja de 100 unidades;21.25;21,25 €;22
34;19024;AGUJAS SEPTOJECT XL;Septodont;AGUJAS Y ANESTESIAS;30GX 0.3 x 21 mm;Caja de 100 unidades;17.5;17,50 €;22
35;19025;AGUJAS SEPTOJECT XL;Septodont;AGUJAS Y ANESTESIAS;30GX 0.3 x 25 mm;Caja de 100 unidades;17.5;17,50 €;22
36;19026;AGUJAS SEPTOJECT XL;Septodont;AGUJAS Y ANESTESIAS;30GX 0.3 x 12 mm;Caja de 100 unidades;17.5;17,50 €;22
37;19064;AGUJAS SEPTOJECT EVOLUTION;Septodont;AGUJAS Y ANESTESIAS;30G (0,3 x 9 mm);Caja de 100 unidades;21.25;21,25 €;22
38;19065;AGUJAS SEPTOJECT EVOLUTION;Septodont;AGUJAS Y ANESTESIAS;30G (0,3 x 16 mm);Caja de 100 unidades;21.25;21,25 €;22
39;19066;AGUJAS SEPTOJECT EVOLUTION;Septodont;AGUJAS Y ANESTESIAS;30G (0,3 x 25 mm);Caja de 100 unidades;21.25;21,25 €;22
40;19067;AGUJAS SEPTOJECT EVOLUTION;Septodont;AGUJAS Y ANESTESIAS;27G (0,4 x 25 mm);Caja de 100 unidades;21.25;21,25 €;22
41;2164;CONTENEDOR DE SEGURIDAD SC25;Larident;AGUJAS Y ANESTESIAS;;25 unidades de 2,2 litros;71.81;71,81 €;22
42;73854;AGUJAS MONOPROTECT;Inibsa;AGUJAS Y ANESTESIAS;30G Corta (0,30x25mm);Caja de 100 unidades;25.96;25,96 €;22
43;73855;AGUJAS MONOPROTECT;Inibsa;AGUJAS Y ANESTESIAS;27G Larga (0,40x36mm);Caja de 100 unidades;25.96;25,96 €;22
44;73856;AGUJAS MONOPROTECT;Inibsa;AGUJAS Y ANESTESIAS;30G Extra Corta (0,30x12mm);Caja de 100 unidades;25.96;25,96 €;22
45;73857;AGUJAS MONOPROTECT;Inibsa;AGUJAS Y ANESTESIAS;30G Corta (0,30x21mm);Caja de 100 unidades;25.96;25,96 €;22
46;73858;AGUJAS MONOPROTECT;Inibsa;AGUJAS Y ANESTESIAS;30G Extra Corta (0,30x16mm);Caja de 100 unidades;25.96;25,96 €;22
47;96463;AGUJAS SEPTOJECT;Septodont;AGUJAS Y ANESTESIAS;;Caja de 100 unidades;17.5;17,50 €;22
48;96464;AGUJAS SEPTOJECT;Septodont;AGUJAS Y ANESTESIAS;30G (0.3 x 10 mm);Caja de 100 unidades;17.5;17,50 €;22
49;96465;AGUJAS SEPTOJECT;Septodont;AGUJAS Y ANESTESIAS;30G (0,3 x 25 mm);Caja de 100 unidades;17.5;17,50 €;22
50;98495;CONTENEDOR DE AGUJAS;Larident;AGUJAS Y ANESTESIAS;;10 unidades de 0,6;16.37;16,37 €;22
51;01923;SPRAY REFRIGERANTE;Proclinic;AGUJAS Y ANESTESIAS;Naranja;200 ml.;9.4;9,40 €;23
52;01924;SPRAY REFRIGERANTE;Proclinic;AGUJAS Y ANESTESIAS;Menta;200 ml.;9.4;9,40 €;23
53;01925;SPRAY REFRIGERANTE;Bestdent;AGUJAS Y ANESTESIAS;Menta;200 ml.;9.4;9,40 €;23
54;6510;SPRAY REFRIGERANTE ENDO-FROST;Roeko;AGUJAS Y ANESTESIAS;;200 ml.;20.7;20,70 €;23
55;6818;SPRAY REFRIGERANTE INSTANT;Euronda Monoart;AGUJAS Y ANESTESIAS;;200 ml.;20.7;20,70 €;23
56;698911;SPRAY REFRIGERANTE AKZENTA;Akzenta;AGUJAS Y ANESTESIAS;Menta;200 ml.;18.35;18,35 €;23
57;19029;SPRAY REFRIGERANTE CRYOPULP;Septodont;AGUJAS Y ANESTESIAS;Spray refrigerante CryoPulp, adecuado para la congelación rápida de bolas de algodón o espuma, para pruebas de vitalidad de dientes y enfriamiento de materiales de impresión / fundición (hidrocoloides, etc.) Gas ecológico: propano-butano. Enfría hasta -40º C. Sabor menta. No rociar directamente sobre la mucosa.;200 ml.;35.83;35,83 €;24
58;1956;CRIO-ANESTÉSICO FRILJET;Acteon;AGUJAS Y ANESTESIAS;;200 g.;41.0;41,00 €;24
59;54835;BOLSA TÉRMICA;Dispotech;AGUJAS Y ANESTESIAS;;1 14 x18 cm. frigorífico.;4.73;4,73 €;24
60;6452;HIELO INSTANTÁNEO;Euronda Monoart;AGUJAS Y ANESTESIAS;;1 14 x18 cm. frigorífico.;39.0;39,00 €;24
61;85970;CON HIELO INSTANTÁNEO;Bestdent;AGUJAS Y ANESTESIAS;;24 unidades;26.9;26,90 €;24
62;49146;JERINGA ANESTESIA 3 AROS;Asa Dental;AGUJAS Y ANESTESIAS;;Sistema de doble gancho. ud.;55.49;55,49 €;25
63;80222;JERINGA ASPIRACIÓN 3 AROS BESTDENT;Bestdent;AGUJAS Y ANESTESIAS;;Sistema de doble gancho.;45.33;45,33 €;25
64;46297;JERINGA PLEGABLE;Proclinic;AGUJAS Y ANESTESIAS;Jeringa plegable con sistema de doble gancho.;;36.77;36,77 €;26
65;49147;JERINGA PLEGABLE;Asa Dental;AGUJAS Y ANESTESIAS;;Sistema;36.55;36,55 €;26
66;80220;JERINGA ASPIRACIÓN 1 ARO;Bestdent;AGUJAS Y ANESTESIAS;;Sistema de punta de;36.55;36,55 €;26
67;69600;JERINGA PLEGABLE CON ASPIRACIÓN UNIJECT K;Normon;AGUJAS Y ANESTESIAS;;Carga trasera. Triple gancho.;191.9;191,90 €;27
68;80255;JERINGA AUTOASPIRANTE;Bestdent;AGUJAS Y ANESTESIAS;;;55.43;55,43 €;27
69;19265;SEPTANEST;Septodont;AGUJAS Y ANESTESIAS;Septanest 1:100.000 (Azul).;5 blíster de 10 cartuchos de 1,7 ml.;;Sob consulta;28
70;19275;SEPTANEST;Septodont;AGUJAS Y ANESTESIAS;Septanest 1:200.000 (Verde);5 blíster de 10 cartuchos de 1,7 ml.;;Sob consulta;28
71;19276;SCANDONEST 3% S.V.C. (VERDE);Septodont;AGUJAS Y ANESTESIAS;;50 cartuchos de 1,8 ml.;;Sob consulta;28
72;41030;ULTRA SAFETY PLUS TWIST;Septodont;AGUJAS Y ANESTESIAS;30G-25MM;100 agujas + 1 émbolo autoclavable.;65.0;65,00 €;28
73;41031;ULTRA SAFETY PLUS TWIST;Septodont;AGUJAS Y ANESTESIAS;27G-35MM;100 agujas + 1 émbolo autoclavable.;65.0;65,00 €;28
74;41032;ULTRA SAFETY PLUS TWIST;Septodont;AGUJAS Y ANESTESIAS;27G-25MM;100 agujas + 1 émbolo autoclavable.;65.0;65,00 €;28
75;59476;FUNDAS JERINGAS ANESTESIA;Angie;AGUJAS Y ANESTESIAS;;3 fundas con forma de cocodrilo para jeringas. un giro de 45º que proporciona seguridad y evita la inestabilidad 2 en color verde y 1 en rosa, 3 kits de adhesivos decorativos.;29.06;29,06 €;28
76;2020;OCTOCAINE SOLUCIÓN INYECTABLE;Laboratorios Clarben;AGUJAS Y ANESTESIAS;Octocaine 20 mg/ml + 0,01 mg/ml (roja);50 carpules de 1,8 ml.;;Sob consulta;29
77;2021;OCTOCAINE SOLUCIÓN INYECTABLE;Laboratorios Clarben;AGUJAS Y ANESTESIAS;Octocaine 20 mg/ml + 0,02 mg/ml (verde);50 carpules de 1,8 ml.;;Sob consulta;29
78;2025;MEGANEST SOLUCIÓN INYECTABLE;Laboratorios Clarben;AGUJAS Y ANESTESIAS;Meganest 40 mg/ml + 0,01 mg/ml (naranja);50 carpules de 1,8 ml.;;Sob consulta;29
79;2026;MEGANEST SOLUCIÓN INYECTABLE;Laboratorios Clarben;AGUJAS Y ANESTESIAS;Meganest 40 mg/ml + 0,005 mg/ml (amarilla);50 carpules de 1,8 ml.;;Sob consulta;29
80;2022;HURRICAINE;Laboratorios;AGUJAS Y ANESTESIAS;;Bote de;;Sob consulta;30
81;20223;HURRICAINE SPRAY;Laboratorios Clarben;AGUJAS Y ANESTESIAS;Spray 60 ml.;Bote dosificador de 50 ml. Efectivo en pocos;;Sob consulta;30
82;20224;HURRICAINE;Laboratorios;AGUJAS Y ANESTESIAS;;Bote dosificador de 50 ml. Efectivo en pocos;;Sob consulta;30
83;20225;TOPIGEL ANESTESIA TÓPICA;Laboratorios Clarben;AGUJAS Y ANESTESIAS;;10 ml;;Sob consulta;30
84;2053;ISOGAINE S.V.C. (AZUL);Laboratorios Clarben;AGUJAS Y ANESTESIAS;;50 carpules de 1,8 ml.;;Sob consulta;30
85;5801;XILONIBSA 2% 1:80.000 (VERDE);Inibsa;AGUJAS Y ANESTESIAS;;100 cartuchos de 1,8 ml.;;Sob consulta;31
86;5810;SCANDINIBSA 3% S.V.C. (AZUL);Inibsa;AGUJAS Y ANESTESIAS;;100 cartuchos de 1,8 ml.;;Sob consulta;31
87;5811;SCANDINIBSA 2% FORTE 1:100.000 (AZUL OSCURO);Inibsa;AGUJAS Y ANESTESIAS;;100 cartuchos de 1,8 ml.;;Sob consulta;31
88;5815;ARTINIBSA;Inibsa;AGUJAS Y ANESTESIAS;Artinibsa 4% 1:100.000 (roja);100 cartuchos de 1,8 ml.;;Sob consulta;31
89;5816;ARTINIBSA;Inibsa;AGUJAS Y ANESTESIAS;Artinibsa 4% 1:200.000 (amarilla);100 cartuchos de 1,8 ml.;;Sob consulta;31
90;3569;ORAQIX GEL;Dentsply;AGUJAS Y ANESTESIAS;;20 cartuchos x 1,7 gr. + puntas aplicadoras. alisado radicular.;;Sob consulta;32
91;5814;ANESTESIA XILONIBSA SPRAY;Inibsa;AGUJAS Y ANESTESIAS;;50 ml;65.58;65,58 €;32
92;82014;INIBSACAIN PLUS - BUPIVACAINA 100X1,8ML;INIBSA;AGUJAS Y ANESTESIAS;;100 carpules de 1,80 ml;65.58;65,58 €;32
93;2213;ULTRACAIN;Normon;AGUJAS Y ANESTESIAS;Ultracain 1:200.000 (Azul);100 carpules de 1,7 ml.;;Sob consulta;33
94;2214;ULTRACAIN;Normon;AGUJAS Y ANESTESIAS;Ultracain 1:100.000 (Verde);100 carpules de 1,7 ml.;;Sob consulta;33
95;4311;LIDOCAINA 2% 1:80.000 (ROJA);Normon;AGUJAS Y ANESTESIAS;;100 carpules de 1,8 ml.;;Sob consulta;33
96;43365;NORMOBUCAL SPRAY;Normon;AGUJAS Y ANESTESIAS;;Spray 60 ml.;;Sob consulta;33
97;82012;MEPIVACAINA NORMOGEN 3% S.V.C.;Normon;AGUJAS Y ANESTESIAS;;100 cartuchos x 1,7 ml;;Sob consulta;33
98;36587;NANO HÍBRIDO PROCLINIC EXPERT;Proclinic Expert;RESTAURACIÓN;;El composite Nano Híbrido Proclinic Expert combina nanopartículas y tecnología híbrida. Otras marcas 1% 1,8% 2,5% Gracias a su translucidez permite conseguir restauraciones muy naturales sin necesidad de estratificar.;284.27;284,27 €;36
99;36588;NANO HÍBRIDO PROCLINIC EXPERT;Proclinic Expert;RESTAURACIÓN;Color A1 1;Jeringa 4 gr.;51.28;51,28 €;36
100;36589;NANO HÍBRIDO PROCLINIC EXPERT;Proclinic Expert;RESTAURACIÓN;Color A2;Jeringa 4 gr.;51.28;51,28 €;36
101;36590;NANO HÍBRIDO PROCLINIC EXPERT;Proclinic Expert;RESTAURACIÓN;Color A3;Jeringa 4 gr.;51.28;51,28 €;36
102;36591;NANO HÍBRIDO PROCLINIC EXPERT;Proclinic Expert;RESTAURACIÓN;Color A3.5;Jeringa 4 gr.;51.28;51,28 €;36
103;36592;NANO HÍBRIDO PROCLINIC EXPERT;Proclinic Expert;RESTAURACIÓN;Color A4;Jeringa 4 gr.;51.28;51,28 €;36
104;36593;NANO HÍBRIDO PROCLINIC EXPERT;Proclinic Expert;RESTAURACIÓN;Color B2;Jeringa 4 gr.;51.28;51,28 €;36
105;36594;NANO HÍBRIDO PROCLINIC EXPERT;Proclinic Expert;RESTAURACIÓN;Color C2;Jeringa 4 gr.;51.28;51,28 €;36
106;36595;NANO HÍBRIDO PROCLINIC EXPERT;Proclinic Expert;RESTAURACIÓN;Bleach;Jeringa 4 gr.;51.28;51,28 €;36
107;36596;NANO HÍBRIDO PROCLINIC EXPERT;Proclinic Expert;RESTAURACIÓN;Incisal;Jeringa 4 gr.;51.28;51,28 €;36
108;36597;NANO HÍBRIDO PROCLINIC EXPERT;Proclinic Expert;RESTAURACIÓN;OA3;Jeringa 4 gr.;51.28;51,28 €;36
109;36620;NANO HÍBRIDO PROCLINIC EXPERT;Proclinic Expert;RESTAURACIÓN;Color B3;Jeringa 4 gr.;51.28;51,28 €;36
110;36621;NANO HÍBRIDO PROCLINIC EXPERT;Proclinic Expert;RESTAURACIÓN;Color C3;Jeringa 4 gr.;51.28;51,28 €;36
111;36622;NANO HÍBRIDO PROCLINIC EXPERT;Proclinic Expert;RESTAURACIÓN;Color D3;Jeringa 4 gr.;51.28;51,28 €;36
112;36636;COMPOSITE UNIVERSAL ALL SHADES;Proclinic Expert;RESTAURACIÓN;Universal All Shades;1 jeringa de 4 gramos;53.51;53,51 €;37
113;36637;COMPOSITE UNIVERSAL ALL SHADES;Proclinic Expert;RESTAURACIÓN;Universal Opaque;1 jeringa de 4 gramos;53.51;53,51 €;37
114;36618;BULK FILL PROCLINIC EXPERT;Proclinic Expert;RESTAURACIÓN;Jeringa x 4 gr. Universal;Composite posterior compacto de tonalidad universal que permite realizar incrementos;46.24;46,24 €;38
115;25950;BULK FILL FLOW;Proclinic Expert;RESTAURACIÓN;Universal;1 jeringa de 2 gr.;30.51;30,51 €;39
116;25951;BULK FILL FLOW;Proclinic Expert;RESTAURACIÓN;A2;1 jeringa de 2 gr.;30.51;30,51 €;39
117;25952;BULK FILL FLOW;Proclinic Expert;RESTAURACIÓN;Universal;20 cápsulas de 0,25 gr. INDICACIONES: Restauraciones clase I.;83.32;83,32 €;39
118;25953;BULK FILL FLOW;Proclinic Expert;RESTAURACIÓN;A2;20 cápsulas de 0,25 gr. INDICACIONES: Restauraciones clase I.;83.32;83,32 €;39
119;36602;NANO FLOW PROCLINIC EXPERT;Proclinic Expert;RESTAURACIÓN;Color A1 2 jeringas;El composite Nano Flow Proclinic Expert tiene una elevada resistencia a la compresión;29.9;29,90 €;40
120;36603;NANO FLOW PROCLINIC EXPERT;Proclinic Expert;RESTAURACIÓN;Color A2;El composite Nano Flow Proclinic Expert tiene una elevada resistencia a la compresión;29.9;29,90 €;40
121;36604;NANO FLOW PROCLINIC EXPERT;Proclinic Expert;RESTAURACIÓN;Color A3;El composite Nano Flow Proclinic Expert tiene una elevada resistencia a la compresión;29.9;29,90 €;40
122;36605;NANO FLOW PROCLINIC EXPERT;Proclinic Expert;RESTAURACIÓN;Color A3.5;El composite Nano Flow Proclinic Expert tiene una elevada resistencia a la compresión;29.9;29,90 €;40
123;36607;NANO FLOW PROCLINIC EXPERT;Proclinic Expert;RESTAURACIÓN;Color OA2;El composite Nano Flow Proclinic Expert tiene una elevada resistencia a la compresión;29.9;29,90 €;40
124;36623;NANO FLOW PROCLINIC EXPERT;Proclinic Expert;RESTAURACIÓN;Color B2;El composite Nano Flow Proclinic Expert tiene una elevada resistencia a la compresión;29.9;29,90 €;40
125;36624;NANO FLOW PROCLINIC EXPERT;Proclinic Expert;RESTAURACIÓN;Color C2;El composite Nano Flow Proclinic Expert tiene una elevada resistencia a la compresión;29.9;29,90 €;40
126;36625;NANO FLOW PROCLINIC EXPERT;Proclinic Expert;RESTAURACIÓN;Bleach;El composite Nano Flow Proclinic Expert tiene una elevada resistencia a la compresión;29.9;29,90 €;40
127;41990;ORGANIZADOR JERINGAS COMPOSITE;Proclinic Expert;RESTAURACIÓN;;Para 12 jeringas;59.07;59,07 €;41
128;78564;ADHESIVO UNIVERSAL PROCLINIC EXPERT;Proclinic Expert;RESTAURACIÓN;5 ml.;El Adhesivo Universal de Proclinic Expert es un adhesivo monocomponente fotoactivable, diseñado para ser usado indistintamente con todas las técnicas adhesivas: autograbado, grabado selectivo en esmalte y grabado total. El adhesivo Universal Proclinic Expert garantiza valores de alta adhesión y se puede usar con seguridad en dentina seca y húmeda. Contiene el monómero MDP que crea una fuerte adhesión 1 química con la hidroxiapatita.;79.07;79,07 €;41
129;36599;ADHESIVO DE GRABADO TOTAL PROCLINIC EXPERT;Proclinic Expert;RESTAURACIÓN;5 ml.;El Adhesivo de Grabado Total Proclinic Expert es un adhesivo para la Se trata de un adhesivo que, gracias a su innovadora;67.02;67,02 €;42
130;78504;ADHESIVO DE AUTOGRABADO;Proclinic Expert;RESTAURACIÓN;5 ml.;El adhesivo de autograbado de Proclinic Versatilidad: Expert es un adhesivo mono componente, autograbante Compatible con la técnica de grabado que mejor se y fotopolimerizable, diseñado para garantizar una fuerte adhesión entre los composites dentales y las superficies de adapte a cada situación, ya sea grabado selectivo o esmalte y dentina. Compatible con todos los materiales de autograbado. composite fotopolimerizables disponibles en el mercado, ofrece un rendimiento confiable y de alta calidad en Mayor estabilidad y adhesión:;67.53;67,53 €;42
131;7839;ADHESIVO MONOCOMPONENTE;Proclinic;RESTAURACIÓN;5 ml.;;66.09;66,09 €;44
132;0110;ÁCIDO JUMBO;Proclinic;RESTAURACIÓN;, 0179 y 01583.;12 unidades;12.01;12,01 €;45
133;01583;ÁCIDO JUMBO;Proclinic;RESTAURACIÓN;;1 jeringa x 47 gr. + 2 jeringas x 3.5 gr. + 24 puntas + conector jeringas.;66.05;66,05 €;45
134;0179;ÁCIDO GEL VERDE;Proclinic;RESTAURACIÓN;;3 jeringa x 3 ml. + 12 puntas. Ácido ortofosfórico al 37%.;27.83;27,83 €;45
135;16321;ÁCIDO JUMBO;Proclinic;RESTAURACIÓN;;12 unidades;12.01;12,01 €;45
136;29001;OMNICHROMA FLOW;Tokuyama;RESTAURACIÓN;;1 jeringa x 3 gr (1,8 ml) + 10 puntas;66.05;66,05 €;46
137;29002;OMNICHROMA FLOW;Tokuyama;RESTAURACIÓN;;1 jeringa x 3 gr (1,8 ml) + 10 puntas;66.05;66,05 €;46
138;29003;OMNICHROMA FLOW;Tokuyama;RESTAURACIÓN;;Ref. Ref.;77.46;77,46 €;46
139;29004;OMNICHROMA FLOW;Tokuyama;RESTAURACIÓN;;Ref. Ref.;77.46;77,46 €;46
140;29005;OMNICHROMA FLOW;Tokuyama;RESTAURACIÓN;Flow;1 jeringa x 3 gr (1,8 ml) + 10 puntas;68.68;68,68 €;46
141;29006;OMNICHROMA FLOW;Tokuyama;RESTAURACIÓN;Blocker;1 jeringa x 3 gr (1,8 ml) + 10 puntas;68.68;68,68 €;46
142;46809;OMNICHROMA FLOW BULK;Tokuyama;RESTAURACIÓN;Flow;1 jeringa de 1,8 ml (3 g) + 10 puntas dispensadoras;68.68;68,68 €;46
143;28831;ESTELITE SIGMA QUICK;Tokuyama;RESTAURACIÓN;A4;Reposición jeringa 3,8 gr.;69.38;69,38 €;48
144;28832;ESTELITE SIGMA QUICK;Tokuyama;RESTAURACIÓN;A5;Reposición jeringa 3,8 gr.;69.38;69,38 €;48
145;28833;ESTELITE SIGMA QUICK;Tokuyama;RESTAURACIÓN;B2;Reposición jeringa 3,8 gr.;69.38;69,38 €;48
146;28834;ESTELITE SIGMA QUICK;Tokuyama;RESTAURACIÓN;B3;Reposición jeringa 3,8 gr.;69.38;69,38 €;48
147;28835;ESTELITE SIGMA QUICK;Tokuyama;RESTAURACIÓN;B4;Reposición jeringa 3,8 gr.;69.38;69,38 €;48
148;28836;ESTELITE SIGMA QUICK;Tokuyama;RESTAURACIÓN;C1;Reposición jeringa 3,8 gr.;69.38;69,38 €;48
149;28837;ESTELITE SIGMA QUICK;Tokuyama;RESTAURACIÓN;C2;Reposición jeringa 3,8 gr.;69.38;69,38 €;48
150;28838;ESTELITE SIGMA QUICK;Tokuyama;RESTAURACIÓN;C3;Reposición jeringa 3,8 gr.;69.38;69,38 €;48
151;28839;ESTELITE SIGMA QUICK;Tokuyama;RESTAURACIÓN;OA1;Reposición jeringa 3,8 gr.;69.38;69,38 €;48
152;28840;ESTELITE SIGMA QUICK;Tokuyama;RESTAURACIÓN;OPA2;Reposición jeringa 3,8 gr.;69.38;69,38 €;48
153;28841;ESTELITE SIGMA QUICK;Tokuyama;RESTAURACIÓN;CE (Inc.);Reposición jeringa 3,8 gr.;69.38;69,38 €;48
154;28842;ESTELITE SIGMA QUICK;Tokuyama;RESTAURACIÓN;WE;Reposición jeringa 3,8 gr.;296.83;296,83 €;48
155;28844;ESTELITE SIGMA QUICK KIT;Tokuyama;RESTAURACIÓN;Intro Kit 6 jeringas;6 jeringas x 3,8 gr. (Colores: 7. Composite radiopaco. + 1 bote Bond Force II x 1 ml. + 50 microaplicadores + 1 guía de colores.;296.83;296,83 €;48
156;28903;ESTELITE SIGMA QUICK;Tokuyama;RESTAURACIÓN;A1;Reposición jeringa 3,8 gr.;69.38;69,38 €;48
157;28904;ESTELITE SIGMA QUICK;Tokuyama;RESTAURACIÓN;A2;Reposición jeringa 3,8 gr.;69.38;69,38 €;48
158;28905;ESTELITE SIGMA QUICK;Tokuyama;RESTAURACIÓN;A3;Reposición jeringa 3,8 gr.;69.38;69,38 €;48
159;28906;ESTELITE SIGMA QUICK;Tokuyama;RESTAURACIÓN;A3,5;Reposición jeringa 3,8 gr.;69.38;69,38 €;48
160;28907;ESTELITE SIGMA QUICK;Tokuyama;RESTAURACIÓN;B1;Reposición jeringa 3,8 gr.;69.38;69,38 €;48
161;28908;ESTELITE SIGMA QUICK;Tokuyama;RESTAURACIÓN;OA2;Reposición jeringa 3,8 gr.;69.38;69,38 €;48
162;28909;ESTELITE SIGMA QUICK;Tokuyama;RESTAURACIÓN;OA3;Reposición jeringa 3,8 gr.;69.38;69,38 €;48
163;28910;ESTELITE SIGMA QUICK;Tokuyama;RESTAURACIÓN;BW;Reposición jeringa 3,8 gr.;69.38;69,38 €;48
164;28920;ESTELITE ASTERIA JERINGA;Tokuyama;RESTAURACIÓN;A1B;1 jeringa de 2.1 ml (4.0 gr.);72.8;72,80 €;49
165;28921;ESTELITE ASTERIA JERINGA;Tokuyama;RESTAURACIÓN;A2B;1 jeringa de 2.1 ml (4.0 gr.);72.8;72,80 €;49
166;28922;ESTELITE ASTERIA JERINGA;Tokuyama;RESTAURACIÓN;A3B;1 jeringa de 2.1 ml (4.0 gr.);72.8;72,80 €;49
167;28923;ESTELITE ASTERIA JERINGA;Tokuyama;RESTAURACIÓN;A3.5B;1 jeringa de 2.1 ml (4.0 gr.);72.8;72,80 €;49
168;28924;ESTELITE ASTERIA JERINGA;Tokuyama;RESTAURACIÓN;A4B;1 jeringa de 2.1 ml (4.0 gr.);72.8;72,80 €;49
169;28925;ESTELITE ASTERIA JERINGA;Tokuyama;RESTAURACIÓN;B3B;1 jeringa de 2.1 ml (4.0 gr.);72.8;72,80 €;49
170;28926;ESTELITE ASTERIA JERINGA;Tokuyama;RESTAURACIÓN;BL;1 jeringa de 2.1 ml (4.0 gr.);72.8;72,80 €;49
171;28927;ESTELITE ASTERIA JERINGA;Tokuyama;RESTAURACIÓN;NE;1 jeringa de 2.1 ml (4.0 gr.);72.8;72,80 €;49
172;28928;ESTELITE ASTERIA JERINGA;Tokuyama;RESTAURACIÓN;WE;1 jeringa de 2.1 ml (4.0 gr.);72.8;72,80 €;49
173;28929;ESTELITE ASTERIA JERINGA;Tokuyama;RESTAURACIÓN;YE;1 jeringa de 2.1 ml (4.0 gr.);72.8;72,80 €;49
174;28930;ESTELITE ASTERIA JERINGA;Tokuyama;RESTAURACIÓN;TE;1 jeringa de 2.1 ml (4.0 gr.);72.8;72,80 €;49
175;28931;ESTELITE ASTERIA JERINGA;Tokuyama;RESTAURACIÓN;OcE;1 jeringa de 2.1 ml (4.0 gr.);72.8;72,80 €;49
176;28932;ESTELITE ASTERIA JERINGA ESSENTIAL KIT;Tokuyama;RESTAURACIÓN;;Kit de 7 jeringas (A1B, A2B, A3B, A3.5B, A4B, NE,OcE).;455.19;455,19 €;49
177;28933;ESTELITE ASTERIA JERINGA;Tokuyama;RESTAURACIÓN;1 ud.;Estelite Asteria guía de colores. esmalte brindan efectos análogos al esmalte del diente natural.;60.46;60,46 €;49
178;28843;Composites universales ESTELITE SIGMA QUICK PLT/COMPULES;Tokuyama;RESTAURACIÓN;1 ud.;Guia Color Estelite Sigma Quick.;48.23;48,23 €;50
179;28845;ESTELITE SIGMA QUICK KIT 3 JERINGAS;Tokuyama;RESTAURACIÓN;;3 jeringas de 3,8 gr. (A2, A3, OA3.).;169.8;169,80 €;50
180;28847;Composites universales ESTELITE SIGMA QUICK PLT/COMPULES;Tokuyama;RESTAURACIÓN;A1;20 PLT/Compules de 0,2 gr.;95.22;95,22 €;50
181;28848;Composites universales ESTELITE SIGMA QUICK PLT/COMPULES;Tokuyama;RESTAURACIÓN;A2;20 PLT/Compules de 0,2 gr.;95.22;95,22 €;50
182;28849;Composites universales ESTELITE SIGMA QUICK PLT/COMPULES;Tokuyama;RESTAURACIÓN;A3;20 PLT/Compules de 0,2 gr.;95.22;95,22 €;50
183;28850;Composites universales ESTELITE SIGMA QUICK PLT/COMPULES;Tokuyama;RESTAURACIÓN;A3.5;20 PLT/Compules de 0,2 gr.;95.22;95,22 €;50
184;28851;Composites universales ESTELITE SIGMA QUICK PLT/COMPULES;Tokuyama;RESTAURACIÓN;A4;20 PLT/Compules de 0,2 gr.;95.22;95,22 €;50
185;28853;Composites universales ESTELITE SIGMA QUICK PLT/COMPULES;Tokuyama;RESTAURACIÓN;B1;20 PLT/Compules de 0,2 gr.;95.22;95,22 €;50
186;28854;Composites universales ESTELITE SIGMA QUICK PLT/COMPULES;Tokuyama;RESTAURACIÓN;B2;20 PLT/Compules de 0,2 gr.;95.22;95,22 €;50
187;28855;Composites universales ESTELITE SIGMA QUICK PLT/COMPULES;Tokuyama;RESTAURACIÓN;B3;20 PLT/Compules de 0,2 gr.;95.22;95,22 €;50
188;28857;Composites universales ESTELITE SIGMA QUICK PLT/COMPULES;Tokuyama;RESTAURACIÓN;C1;20 PLT/Compules de 0,2 gr.;95.22;95,22 €;50
189;28858;Composites universales ESTELITE SIGMA QUICK PLT/COMPULES;Tokuyama;RESTAURACIÓN;C2;20 PLT/Compules de 0,2 gr.;95.22;95,22 €;50
190;28859;Composites universales ESTELITE SIGMA QUICK PLT/COMPULES;Tokuyama;RESTAURACIÓN;C3;20 PLT/Compules de 0,2 gr.;95.22;95,22 €;50
191;28860;Composites universales ESTELITE SIGMA QUICK PLT/COMPULES;Tokuyama;RESTAURACIÓN;OA1;20 PLT/Compules de 0,2 gr.;95.22;95,22 €;50
192;28861;Composites universales ESTELITE SIGMA QUICK PLT/COMPULES;Tokuyama;RESTAURACIÓN;OA2;20 PLT/Compules de 0,2 gr.;95.22;95,22 €;50
193;28862;Composites universales ESTELITE SIGMA QUICK PLT/COMPULES;Tokuyama;RESTAURACIÓN;OA3;20 PLT/Compules de 0,2 gr.;95.22;95,22 €;50
194;28863;Composites universales ESTELITE SIGMA QUICK PLT/COMPULES;Tokuyama;RESTAURACIÓN;OPA2;20 PLT/Compules de 0,2 gr.;95.22;95,22 €;50
195;28864;Composites universales ESTELITE SIGMA QUICK PLT/COMPULES;Tokuyama;RESTAURACIÓN;CE (Inc.);20 PLT/Compules de 0,2 gr.;95.22;95,22 €;50
196;28865;Composites universales ESTELITE SIGMA QUICK PLT/COMPULES;Tokuyama;RESTAURACIÓN;BW;20 PLT/Compules de 0,2 gr.;95.22;95,22 €;50
197;28866;Composites universales ESTELITE SIGMA QUICK PLT/COMPULES;Tokuyama;RESTAURACIÓN;WE;20 PLT/Compules de 0,2 gr.;95.22;95,22 €;50
198;28934;ESTELITE ® COLOR;Tokuyama;RESTAURACIÓN;Transparente;1 jeringa de 1.0 gr.;63.03;63,03 €;50
199;28935;ESTELITE ® COLOR;Tokuyama;RESTAURACIÓN;Blanco;1 jeringa de 1.0 gr.;63.03;63,03 €;50
200;28936;ESTELITE ® COLOR;Tokuyama;RESTAURACIÓN;Azul;1 jeringa de 1.0 gr.;63.03;63,03 €;50
201;28937;ESTELITE ® COLOR;Tokuyama;RESTAURACIÓN;Amarillo;1 jeringa de 1.0 gr.;63.03;63,03 €;50
202;28938;ESTELITE ® COLOR;Tokuyama;RESTAURACIÓN;Gris;1 jeringa de 1.0 gr.;63.03;63,03 €;50
203;28939;ESTELITE ® COLOR;Tokuyama;RESTAURACIÓN;Ocre;1 jeringa de 1.0 gr.;63.03;63,03 €;50
204;28940;ESTELITE ® COLOR;Tokuyama;RESTAURACIÓN;Marrón oscuro;1 jeringa de 1.0 gr.;63.03;63,03 €;50
205;28941;ESTELITE ® COLOR;Tokuyama;RESTAURACIÓN;Rojo;1 jeringa de 1.0 gr.;63.03;63,03 €;50
206;28942;ESTELITE ® COLOR;Tokuyama;RESTAURACIÓN;Lavanda;1 jeringa de 1.0 gr.;63.03;63,03 €;50
207;28943;ESTELITE ® COLOR;Tokuyama;RESTAURACIÓN;Rosa opaco;1 jeringa de 1.0 gr.;63.03;63,03 €;50
208;28944;ESTELITE ® COLOR;Tokuyama;RESTAURACIÓN;Croma alto opaco;1 jeringa de 1.0 gr.;63.03;63,03 €;50
209;28945;ESTELITE ® COLOR;Tokuyama;RESTAURACIÓN;Croma medio opaco;1 jeringa de 1.0 gr.;63.03;63,03 €;50
210;28946;ESTELITE ® COLOR;Tokuyama;RESTAURACIÓN;Croma bajo opaco;1 jeringa de 1.0 gr.;63.03;63,03 €;50
211;28947;ESTELITE ® COLOR;Tokuyama;RESTAURACIÓN;Estelite color kit;13 jeringas x 0,9 gr (azul, gris, lavanda, ocre, marrón oscuro, blanco, amarillo, rojo, claro, PO, LCO, MCO, HCO) + 15 puntas + 15 tapas + 5 pocillos de mezcla.;616.71;616,71 €;50
212;28912;ESTELITE POSTERIOR QUICK;Tokuyama;RESTAURACIÓN;PA1;1 jeringa, 2,0 ml (4,2;72.95;72,95 €;51
213;28913;ESTELITE POSTERIOR QUICK;Tokuyama;RESTAURACIÓN;PA2;1 jeringa, 2,0 ml (4,2;72.95;72,95 €;51
214;28914;ESTELITE POSTERIOR QUICK;Tokuyama;RESTAURACIÓN;PA3;1 jeringa, 2,0 ml (4,2;72.95;72,95 €;51
215;28915;ESTELITE POSTERIOR QUICK;Tokuyama;RESTAURACIÓN;PCE;1 jeringa, 2,0 ml (4,2;72.95;72,95 €;51
216;28970;ESTELITE UNIVERSAL FLOW;Tokuyama;RESTAURACIÓN;A1;1 jeringa de 1 ml. (1,7;47.01;47,01 €;51
217;28971;ESTELITE UNIVERSAL FLOW;Tokuyama;RESTAURACIÓN;A2;1 jeringa de 1 ml. (1,7;47.01;47,01 €;51
218;28972;ESTELITE UNIVERSAL FLOW;Tokuyama;RESTAURACIÓN;A3;1 jeringa de 1 ml. (1,7;47.01;47,01 €;51
219;28973;ESTELITE UNIVERSAL FLOW;Tokuyama;RESTAURACIÓN;A3.5;1 jeringa de 1 ml. (1,7;47.01;47,01 €;51
220;28974;ESTELITE UNIVERSAL FLOW;Tokuyama;RESTAURACIÓN;A4;1 jeringa de 1 ml. (1,7;47.01;47,01 €;51
221;28975;ESTELITE UNIVERSAL FLOW;Tokuyama;RESTAURACIÓN;A5;1 jeringa de 1 ml. (1,7;47.01;47,01 €;51
222;28976;ESTELITE UNIVERSAL FLOW;Tokuyama;RESTAURACIÓN;B3;Guía de colores.;47.01;47,01 €;51
223;28977;ESTELITE UNIVERSAL FLOW;Tokuyama;RESTAURACIÓN;OPA2;Guía de colores.;47.01;47,01 €;51
224;28978;ESTELITE UNIVERSAL FLOW;Tokuyama;RESTAURACIÓN;OPA3;Guía de colores.;47.01;47,01 €;51
225;28979;ESTELITE UNIVERSAL FLOW;Tokuyama;RESTAURACIÓN;OPA4;50 uds.;47.01;47,01 €;51
226;28980;ESTELITE UNIVERSAL FLOW;Tokuyama;RESTAURACIÓN;CE;50 uds.;47.01;47,01 €;51
227;28981;ESTELITE UNIVERSAL FLOW;Tokuyama;RESTAURACIÓN;BW;50 uds.;47.01;47,01 €;51
228;28982;ESTELITE UNIVERSAL FLOW;Tokuyama;RESTAURACIÓN;;Guía de colores.;48.23;48,23 €;51
229;28983;ESTELITE UNIVERSAL FLOW;Tokuyama;RESTAURACIÓN;Estelite universal flow puntas.;50 uds.;47.01;47,01 €;51
230;28984;ESTELITE UNIVERSAL FLOW;Tokuyama;RESTAURACIÓN;A1;1 jeringa de 1.8 ml. (3.0 gr.) + 10 puntas.;65.41;65,41 €;51
231;28985;ESTELITE UNIVERSAL FLOW;Tokuyama;RESTAURACIÓN;A2;1 jeringa de 1.8 ml. (3.0 gr.) + 10 puntas.;65.41;65,41 €;51
232;28986;ESTELITE UNIVERSAL FLOW;Tokuyama;RESTAURACIÓN;A3;1 jeringa de 1.8 ml. (3.0 gr.) + 10 puntas.;65.41;65,41 €;51
233;28987;ESTELITE UNIVERSAL FLOW;Tokuyama;RESTAURACIÓN;A3.5;1 jeringa de 1.8 ml. (3.0 gr.) + 10 puntas.;65.41;65,41 €;51
234;28988;ESTELITE UNIVERSAL FLOW;Tokuyama;RESTAURACIÓN;OPA2;1 jeringa de 1.8 ml. (3.0 gr.) + 10 puntas.;65.41;65,41 €;51
235;28989;ESTELITE UNIVERSAL FLOW;Tokuyama;RESTAURACIÓN;OPA3;1 jeringa de 1.8 ml. (3.0 gr.) + 10 puntas.;65.41;65,41 €;51
236;28990;ESTELITE UNIVERSAL FLOW;Tokuyama;RESTAURACIÓN;OPA4;1 jeringa de 1.8 ml. (3.0 gr.) + 10 puntas.;65.41;65,41 €;51
237;28991;ESTELITE UNIVERSAL FLOW;Tokuyama;RESTAURACIÓN;A1;1 jeringa de 1.8 ml. (3.0;65.41;65,41 €;51
238;28992;ESTELITE UNIVERSAL FLOW;Tokuyama;RESTAURACIÓN;A2;1 jeringa de 1.8 ml. (3.0;65.41;65,41 €;51
239;28993;ESTELITE UNIVERSAL FLOW;Tokuyama;RESTAURACIÓN;A3;1 jeringa de 1.8 ml. (3.0;65.41;65,41 €;51
240;28994;ESTELITE UNIVERSAL FLOW;Tokuyama;RESTAURACIÓN;A3.5;1 jeringa de 1.8 ml. (3.0;65.41;65,41 €;51
241;28995;ESTELITE UNIVERSAL FLOW;Tokuyama;RESTAURACIÓN;A4;1 jeringa de 1.8 ml. (3.0;65.41;65,41 €;51
242;28996;ESTELITE UNIVERSAL FLOW;Tokuyama;RESTAURACIÓN;A5;1 jeringa de 1.8 ml. (3.0;65.41;65,41 €;51
243;28948;ADHESIVO BOND FORCE II;Tokuyama;RESTAURACIÓN;Kit adhesivo 5 ml. + accesorios;;60.42;60,42 €;52
244;28949;ADHESIVO BOND FORCE II;Tokuyama;RESTAURACIÓN;Reposición adhesivo 5 ml.;;147.34;147,34 €;52
245;28950;ESTELITE BULK FILL FLOW;Tokuyama;RESTAURACIÓN;U;1 jeringa de 1,8 ml. +;58.13;58,13 €;52
246;28951;ESTELITE BULK FILL FLOW;Tokuyama;RESTAURACIÓN;B1;1 jeringa de 1,8 ml. +;58.13;58,13 €;52
247;28952;ESTELITE BULK FILL FLOW;Tokuyama;RESTAURACIÓN;A1;1 jeringa de 1,8 ml. +;58.13;58,13 €;52
248;28953;ESTELITE BULK FILL FLOW;Tokuyama;RESTAURACIÓN;A2;1 jeringa de 1,8 ml. +;58.13;58,13 €;52
249;28954;ESTELITE BULK FILL FLOW;Tokuyama;RESTAURACIÓN;A3;1 jeringa de 1,8 ml. +;58.13;58,13 €;52
250;28955;ESTELITE BULK FILL FLOW;Tokuyama;RESTAURACIÓN;U;Caja;58.13;58,13 €;52
251;28956;ESTELITE BULK FILL FLOW;Tokuyama;RESTAURACIÓN;B1;Caja;58.13;58,13 €;52
252;28957;ESTELITE BULK FILL FLOW;Tokuyama;RESTAURACIÓN;A1;Caja;58.13;58,13 €;52
253;28958;ESTELITE BULK FILL FLOW;Tokuyama;RESTAURACIÓN;A2;Caja;58.13;58,13 €;52
254;28959;ESTELITE BULK FILL FLOW;Tokuyama;RESTAURACIÓN;A3;Caja;58.13;58,13 €;52
255;38912;ADHESIVO UNIVERSAL BOND;Tokuyama;RESTAURACIÓN;Kit;Kit: 1 bote Universal pocillo de mezclas + 5u de pocillos de;145.22;145,22 €;52
256;38913;ADHESIVO UNIVERSAL BOND;Tokuyama;RESTAURACIÓN;Bond A (5ml);Kit: 1 bote Universal pocillo de mezclas + 5u de pocillos de;60.42;60,42 €;52
257;38914;ADHESIVO UNIVERSAL BOND;Tokuyama;RESTAURACIÓN;Bond B (4ml);Kit: 1 bote Universal pocillo de mezclas + 5u de pocillos de;60.42;60,42 €;52
258;18740;TETRIC EVOCERAM CAVIFIL;Ivoclar Vivadent;RESTAURACIÓN;1 ud.;20 x 0,2 gr.;201.5;201,50 €;54
259;36750;TETRIC EVOCERAM CAVIFIL;Ivoclar Vivadent;RESTAURACIÓN;B1;20 x 0,2 gr.;104.0;104,00 €;54
260;82572;TETRIC EVOCERAM CAVIFIL;Ivoclar Vivadent;RESTAURACIÓN;D2;20 x 0,2 gr.;104.0;104,00 €;54
261;9005;TETRIC EVOCERAM 1 JERINGA;Ivoclar Vivadent;RESTAURACIÓN;A1;1 jeringa x 3 gr.;70.8;70,80 €;54
262;9006;TETRIC EVOCERAM 1 JERINGA;Ivoclar Vivadent;RESTAURACIÓN;A2;1 jeringa x 3 gr.;70.8;70,80 €;54
263;9007;TETRIC EVOCERAM 1 JERINGA;Ivoclar Vivadent;RESTAURACIÓN;A3;1 jeringa x 3 gr.;70.8;70,80 €;54
264;9008;TETRIC EVOCERAM 1 JERINGA;Ivoclar Vivadent;RESTAURACIÓN;A3.5;1 jeringa x 3 gr.;70.8;70,80 €;54
265;9009;TETRIC EVOCERAM 1 JERINGA;Ivoclar Vivadent;RESTAURACIÓN;A4;1 jeringa x 3 gr.;70.8;70,80 €;54
266;9010;TETRIC EVOCERAM 1 JERINGA;Ivoclar Vivadent;RESTAURACIÓN;B2;1 jeringa x 3 gr.;70.8;70,80 €;54
267;9011;TETRIC EVOCERAM 1 JERINGA;Ivoclar Vivadent;RESTAURACIÓN;B3;1 jeringa x 3 gr.;70.8;70,80 €;54
268;9012;TETRIC EVOCERAM 1 JERINGA;Ivoclar Vivadent;RESTAURACIÓN;C1;1 jeringa x 3 gr.;70.8;70,80 €;54
269;9013;TETRIC EVOCERAM 1 JERINGA;Ivoclar Vivadent;RESTAURACIÓN;C2;1 jeringa x 3 gr.;70.8;70,80 €;54
270;9014;TETRIC EVOCERAM 1 JERINGA;Ivoclar Vivadent;RESTAURACIÓN;C3;1 jeringa x 3 gr.;70.8;70,80 €;54
271;90140;TETRIC EVOCERAM 1 JERINGA;Ivoclar Vivadent;RESTAURACIÓN;D2;1 jeringa x 3 gr.;70.8;70,80 €;54
272;9015;TETRIC EVOCERAM 1 JERINGA;Ivoclar Vivadent;RESTAURACIÓN;D3;1 jeringa x 3 gr.;70.8;70,80 €;54
273;9016;TETRIC EVOCERAM 1 JERINGA;Ivoclar Vivadent;RESTAURACIÓN;A3.5 Dentina;1 jeringa x 3 gr.;70.8;70,80 €;54
274;9017;TETRIC EVOCERAM 1 JERINGA;Ivoclar Vivadent;RESTAURACIÓN;A4 Dentina;1 jeringa x 3 gr.;70.8;70,80 €;54
275;9018;TETRIC EVOCERAM 1 JERINGA;Ivoclar Vivadent;RESTAURACIÓN;B2 Dentina;1 jeringa x 3 gr.;70.8;70,80 €;54
276;9019;TETRIC EVOCERAM 1 JERINGA;Ivoclar Vivadent;RESTAURACIÓN;T;1 jeringa x 3 gr.;70.8;70,80 €;54
277;9020;TETRIC EVOCERAM 1 JERINGA;Ivoclar Vivadent;RESTAURACIÓN;Bleach XL;1 jeringa x 3 gr.;70.8;70,80 €;54
278;9021;TETRIC EVOCERAM 1 JERINGA;Ivoclar Vivadent;RESTAURACIÓN;Bleach L;1 jeringa x 3 gr.;70.8;70,80 €;54
279;9022;TETRIC EVOCERAM 1 JERINGA;Ivoclar Vivadent;RESTAURACIÓN;Bleach I;1 jeringa x 3 gr.;70.8;70,80 €;54
280;9023;TETRIC EVOCERAM 1 JERINGA;Ivoclar Vivadent;RESTAURACIÓN;Bleach M;1 jeringa x 3 gr.;70.8;70,80 €;54
281;90231;TETRIC EVOCERAM 1 JERINGA;Ivoclar Vivadent;RESTAURACIÓN;A2 Dentina;1 jeringa x 3 gr.;70.8;70,80 €;54
282;90232;TETRIC EVOCERAM 1 JERINGA;Ivoclar Vivadent;RESTAURACIÓN;B1;1 jeringa x 3 gr.;70.8;70,80 €;54
283;9024;TETRIC EVOCERAM 3 JERINGAS;Ivoclar Vivadent;RESTAURACIÓN;A1;3 jeringas x 3 gr.;70.8;70,80 €;54
284;9025;TETRIC EVOCERAM 3 JERINGAS;Ivoclar Vivadent;RESTAURACIÓN;A2;3 jeringas x 3 gr.;70.8;70,80 €;54
285;9026;TETRIC EVOCERAM 3 JERINGAS;Ivoclar Vivadent;RESTAURACIÓN;A3;3 jeringas x 3 gr.;70.8;70,80 €;54
286;9027;TETRIC EVOCERAM 3 JERINGAS;Ivoclar Vivadent;RESTAURACIÓN;A3.5;3 jeringas x 3 gr.;70.8;70,80 €;54
287;9028;TETRIC EVOCERAM 3 JERINGAS;Ivoclar Vivadent;RESTAURACIÓN;A4;3 jeringas x 3 gr.;70.8;70,80 €;54
288;9029;TETRIC EVOCERAM 3 JERINGAS;Ivoclar Vivadent;RESTAURACIÓN;B2;3 jeringas x 3 gr.;70.8;70,80 €;54
289;9031;TETRIC EVOCERAM 3 JERINGAS;Ivoclar Vivadent;RESTAURACIÓN;A3.5 Dentina;3 jeringas x 3 gr.;70.8;70,80 €;54
290;9045;TETRIC EVOCERAM CAVIFIL;Ivoclar Vivadent;RESTAURACIÓN;A1;20 x 0,2 gr.;104.0;104,00 €;54
291;9046;TETRIC EVOCERAM CAVIFIL;Ivoclar Vivadent;RESTAURACIÓN;A2;20 x 0,2 gr.;104.0;104,00 €;54
292;9047;TETRIC EVOCERAM CAVIFIL;Ivoclar Vivadent;RESTAURACIÓN;A3;20 x 0,2 gr.;104.0;104,00 €;54
293;9048;TETRIC EVOCERAM CAVIFIL;Ivoclar Vivadent;RESTAURACIÓN;A3.5;20 x 0,2 gr.;104.0;104,00 €;54
294;9049;TETRIC EVOCERAM CAVIFIL;Ivoclar Vivadent;RESTAURACIÓN;A4;20 x 0,2 gr.;104.0;104,00 €;54
295;9050;TETRIC EVOCERAM CAVIFIL;Ivoclar Vivadent;RESTAURACIÓN;B2;20 x 0,2 gr.;104.0;104,00 €;54
296;9051;TETRIC EVOCERAM CAVIFIL;Ivoclar Vivadent;RESTAURACIÓN;B3;20 x 0,2 gr.;104.0;104,00 €;54
297;9053;TETRIC EVOCERAM CAVIFIL;Ivoclar Vivadent;RESTAURACIÓN;C2;20 x 0,2 gr.;104.0;104,00 €;54
298;9054;TETRIC EVOCERAM CAVIFIL;Ivoclar Vivadent;RESTAURACIÓN;C3;20 x 0,2 gr.;104.0;104,00 €;54
299;9056;TETRIC EVOCERAM CAVIFIL;Ivoclar Vivadent;RESTAURACIÓN;D3;20 x 0,2 gr.;104.0;104,00 €;54
300;9057;TETRIC EVOCERAM CAVIFIL;Ivoclar Vivadent;RESTAURACIÓN;A3.5 Dentina;20 x 0,2 gr.;104.0;104,00 €;54
301;9058;TETRIC EVOCERAM CAVIFIL;Ivoclar Vivadent;RESTAURACIÓN;A4 Dentina;20 x 0,2 gr.;104.0;104,00 €;54
302;9059;TETRIC EVOCERAM CAVIFIL;Ivoclar Vivadent;RESTAURACIÓN;B2 Dentina;20 x 0,2 gr.;104.0;104,00 €;54
303;9060;TETRIC EVOCERAM CAVIFIL;Ivoclar Vivadent;RESTAURACIÓN;T;20 x 0,2 gr.;201.5;201,50 €;54
304;9061;TETRIC EVOCERAM CAVIFIL;Ivoclar Vivadent;RESTAURACIÓN;Bleach I;20 x 0,2 gr.;201.5;201,50 €;54
305;97620;TETRIC EVOCERAM CAVIFIL;Ivoclar Vivadent;RESTAURACIÓN;Bleach XL Dentina;20 x 0,2 gr.;201.5;201,50 €;54
306;97635;TETRIC EVOCERAM CAVIFIL;Ivoclar Vivadent;RESTAURACIÓN;Bleach M;20 x 0,2 gr.;201.5;201,50 €;54
307;23870;TETRIC PRIME;Ivoclar Vivadent;RESTAURACIÓN;A1;1 jeringa de 3 gr.;68.15;68,15 €;55
308;23870-23881;TETRIC PRIME;Ivoclar Vivadent;RESTAURACIÓN;;1 jeringa de 3 gr.;68.15;68,15 €;55
309;23871;TETRIC PRIME;Ivoclar Vivadent;RESTAURACIÓN;A2;1 jeringa de 3 gr.;68.15;68,15 €;55
310;23872;TETRIC PRIME;Ivoclar Vivadent;RESTAURACIÓN;A3;1 jeringa de 3 gr.;68.15;68,15 €;55
311;23873;TETRIC PRIME;Ivoclar Vivadent;RESTAURACIÓN;A3.5;1 jeringa de 3 gr.;68.15;68,15 €;55
312;23874;TETRIC PRIME;Ivoclar Vivadent;RESTAURACIÓN;A4;1 jeringa de 3 gr.;68.15;68,15 €;55
313;23875;TETRIC PRIME;Ivoclar Vivadent;RESTAURACIÓN;B1;1 jeringa de 3 gr.;68.15;68,15 €;55
314;23876;TETRIC PRIME;Ivoclar Vivadent;RESTAURACIÓN;B2;1 jeringa de 3 gr.;68.15;68,15 €;55
315;23877;TETRIC PRIME;Ivoclar Vivadent;RESTAURACIÓN;C2;1 jeringa de 3 gr.;68.15;68,15 €;55
316;23878;TETRIC PRIME;Ivoclar Vivadent;RESTAURACIÓN;A2 dentina;1 jeringa de 3 gr.;68.15;68,15 €;55
317;23879;TETRIC PRIME;Ivoclar Vivadent;RESTAURACIÓN;A3.5 dentina;1 jeringa de 3 gr.;68.15;68,15 €;55
318;23880;TETRIC PRIME;Ivoclar Vivadent;RESTAURACIÓN;Color T;1 jeringa de 3 gr.;68.15;68,15 €;55
319;23881;TETRIC PRIME;Ivoclar Vivadent;RESTAURACIÓN;Color Bleach L;1 jeringa de 3 gr.;68.15;68,15 €;55
320;23882;TETRIC PRIME;Ivoclar Vivadent;RESTAURACIÓN;A1;3 jeringas de 3 gr.;194.0;194,00 €;55
321;23882-23887;TETRIC PRIME;Ivoclar Vivadent;RESTAURACIÓN;;3 jeringas de 3 gr.;194.0;194,00 €;55
322;23883;TETRIC PRIME;Ivoclar Vivadent;RESTAURACIÓN;A2;3 jeringas de 3 gr.;194.0;194,00 €;55
323;23884;TETRIC PRIME;Ivoclar Vivadent;RESTAURACIÓN;A3;3 jeringas de 3 gr.;194.0;194,00 €;55
324;23885;TETRIC PRIME;Ivoclar Vivadent;RESTAURACIÓN;A3.5;3 jeringas de 3 gr.;194.0;194,00 €;55
325;23889;TETRIC PRIME;Ivoclar Vivadent;RESTAURACIÓN;A1;20 cápsulas de 0,25 gr.;125.5;125,50 €;55
326;23890;TETRIC PRIME;Ivoclar Vivadent;RESTAURACIÓN;A2;20 cápsulas de 0,25 gr.;125.5;125,50 €;55
327;23891;TETRIC PRIME;Ivoclar Vivadent;RESTAURACIÓN;A3;20 cápsulas de 0,25 gr.;125.5;125,50 €;55
328;23892;TETRIC PRIME;Ivoclar Vivadent;RESTAURACIÓN;A3.5;20 cápsulas de 0,25 gr.;125.5;125,50 €;55
329;23892-23900;TETRIC PRIME;Ivoclar Vivadent;RESTAURACIÓN;;20 cápsulas de 0,25 gr.;125.5;125,50 €;55
330;23893;TETRIC PRIME;Ivoclar Vivadent;RESTAURACIÓN;A4;20 cápsulas de 0,25 gr.;125.5;125,50 €;55
331;23894;TETRIC PRIME;Ivoclar Vivadent;RESTAURACIÓN;B1;20 cápsulas de 0,25 gr.;125.5;125,50 €;55
332;23895;TETRIC PRIME;Ivoclar Vivadent;RESTAURACIÓN;B2;20 cápsulas de 0,25 gr.;125.5;125,50 €;55
333;23896;TETRIC PRIME;Ivoclar Vivadent;RESTAURACIÓN;C2;20 cápsulas de 0,25 gr.;125.5;125,50 €;55
334;23897;TETRIC PRIME;Ivoclar Vivadent;RESTAURACIÓN;A2 dentina;20 cápsulas de 0,25 gr.;125.5;125,50 €;55
335;23898;TETRIC PRIME;Ivoclar Vivadent;RESTAURACIÓN;A3.5 dentina;20 cápsulas de 0,25 gr.;125.5;125,50 €;55
336;23899;TETRIC PRIME;Ivoclar Vivadent;RESTAURACIÓN;Color T;20 cápsulas de 0,25 gr.;125.5;125,50 €;55
337;23900;TETRIC PRIME;Ivoclar Vivadent;RESTAURACIÓN;Color Bleach L;20 cápsulas de 0,25 gr.;125.5;125,50 €;55
338;23830;TETRIC POWERFILL;Ivoclar Vivadent;RESTAURACIÓN;IVA;1 jeringa;68.15;68,15 €;56
339;23831;TETRIC POWERFILL;Ivoclar Vivadent;RESTAURACIÓN;IVB;1 jeringa;68.15;68,15 €;56
340;23832;TETRIC POWERFILL;Ivoclar Vivadent;RESTAURACIÓN;IVW;1 jeringa;68.15;68,15 €;56
341;23833;TETRIC POWERFILL;Ivoclar Vivadent;RESTAURACIÓN;IVB;;68.15;68,15 €;56
342;23834;TETRIC POWERFILL;Ivoclar Vivadent;RESTAURACIÓN;IVW;;68.15;68,15 €;56
343;23835;TETRIC POWERFILL;Ivoclar Vivadent;RESTAURACIÓN;IVA;;68.15;68,15 €;56
344;23838;TETRIC POWERFLOW;Ivoclar Vivadent;RESTAURACIÓN;IVA;1;99.8;99,80 €;56
345;23839;TETRIC POWERFLOW;Ivoclar Vivadent;RESTAURACIÓN;IVB;1;99.8;99,80 €;56
346;23840;TETRIC POWERFLOW;Ivoclar Vivadent;RESTAURACIÓN;IVW;1;99.8;99,80 €;56
347;23841;TETRIC POWERFILL;Ivoclar Vivadent;RESTAURACIÓN;IVA;20 cápsulas x 0,2 gr.;45.45;45,45 €;56
348;23842;TETRIC POWERFILL;Ivoclar Vivadent;RESTAURACIÓN;IVB;20 cápsulas x 0,2 gr.;45.45;45,45 €;56
349;45701;TETRIC EVOFLOW;Ivoclar Vivadent;RESTAURACIÓN;Cánula Luer;20;45.45;45,45 €;56
350;79416;TETRIC EVOFLOW;Ivoclar Vivadent;RESTAURACIÓN;B1;1 jeringa;45.45;45,45 €;56
351;9066;TETRIC EVOFLOW;Ivoclar Vivadent;RESTAURACIÓN;A1;1 jeringa;45.45;45,45 €;56
352;9067;TETRIC EVOFLOW;Ivoclar Vivadent;RESTAURACIÓN;A2;1 jeringa;45.45;45,45 €;56
353;90675;TETRIC EVOFLOW;Ivoclar Vivadent;RESTAURACIÓN;A2 Dentina;1 jeringa;45.45;45,45 €;56
354;9068;TETRIC EVOFLOW;Ivoclar Vivadent;RESTAURACIÓN;A3;1 jeringa;45.45;45,45 €;56
355;9069;TETRIC EVOFLOW;Ivoclar Vivadent;RESTAURACIÓN;A3.5;1 jeringa;45.45;45,45 €;56
356;9070;TETRIC EVOFLOW;Ivoclar Vivadent;RESTAURACIÓN;A4;1 jeringa;45.45;45,45 €;56
357;9071;TETRIC EVOFLOW;Ivoclar Vivadent;RESTAURACIÓN;B3;1 jeringa;45.45;45,45 €;56
358;9072;TETRIC EVOFLOW;Ivoclar Vivadent;RESTAURACIÓN;T;1 jeringa;45.45;45,45 €;56
359;9073;TETRIC EVOFLOW;Ivoclar Vivadent;RESTAURACIÓN;A3.5 Dentina;1 jeringa;45.45;45,45 €;56
360;9074;TETRIC EVOFLOW;Ivoclar Vivadent;RESTAURACIÓN;Bleach XL;1 jeringa;45.45;45,45 €;56
361;9075;TETRIC EVOFLOW;Ivoclar Vivadent;RESTAURACIÓN;Bleach L;1 jeringa;45.45;45,45 €;56
362;9077;TETRIC EVOFLOW;Ivoclar Vivadent;RESTAURACIÓN;Bleach M;1 jeringa;45.45;45,45 €;56
363;9081;TETRIC EVOFLOW;Ivoclar Vivadent;RESTAURACIÓN;;;99.8;99,80 €;56
364;9082;TETRIC EVOFLOW;Ivoclar Vivadent;RESTAURACIÓN;;1 jeringa;99.8;99,80 €;56
365;9083;TETRIC EVOFLOW;Ivoclar Vivadent;RESTAURACIÓN;;1 jeringa;99.8;99,80 €;56
366;9084;TETRIC EVOFLOW;Ivoclar Vivadent;RESTAURACIÓN;;1 jeringa;45.45;45,45 €;56
367;9085;TETRIC EVOFLOW;Ivoclar Vivadent;RESTAURACIÓN;;1 jeringa;45.45;45,45 €;56
368;9086;TETRIC EVOFLOW;Ivoclar Vivadent;RESTAURACIÓN;;1 jeringa;45.45;45,45 €;56
369;9087;TETRIC EVOFLOW;Ivoclar Vivadent;RESTAURACIÓN;;1 jeringa;45.45;45,45 €;56
370;9088;TETRIC EVOFLOW;Ivoclar Vivadent;RESTAURACIÓN;;1 jeringa;45.45;45,45 €;56
371;9089;TETRIC EVOFLOW;Ivoclar Vivadent;RESTAURACIÓN;;20;99.8;99,80 €;56
372;9090;TETRIC EVOFLOW;Ivoclar Vivadent;RESTAURACIÓN;;20;99.8;99,80 €;56
373;9092;TETRIC EVOFLOW;Ivoclar Vivadent;RESTAURACIÓN;;20;20.7;20,70 €;56
374;18711;IPS EMPRESS DIRECT CAVIFIL;;RESTAURACIÓN;Bleach XL Dentina;10 Cavifils de 0,2 gr.;86.35;86,35 €;57
375;18712;IPS EMPRESS DIRECT CAVIFIL;;RESTAURACIÓN;Enamel A1;10 Cavifils de 0,2 gr.;59.25;59,25 €;57
376;18714;IPS EMPRESS DIRECT CAVIFIL;;RESTAURACIÓN;Enamel BL-L;10 Cavifils de 0,2 gr.;59.25;59,25 €;57
377;22631;IPS EMPRESS DIRECT CAVIFIL;;RESTAURACIÓN;Enamel C3;10 Cavifils de 0,2 gr.;86.35;86,35 €;57
378;56879;IPS EMPRESS DIRECT;;RESTAURACIÓN;Dentina B2;1 jeringa 3;86.35;86,35 €;57
379;59279;IPS EMPRESS DIRECT CAVIFIL;;RESTAURACIÓN;Trans OPAL;10 Cavifils de 0,2 gr.;86.35;86,35 €;57
380;59280;IPS EMPRESS DIRECT CAVIFIL;;RESTAURACIÓN;Trans 30;10 Cavifils de 0,2 gr.;86.35;86,35 €;57
381;59281;IPS EMPRESS DIRECT;;RESTAURACIÓN;Dentina A2;1 jeringa 3;86.35;86,35 €;57
382;59282;IPS EMPRESS DIRECT;;RESTAURACIÓN;Dentina A3;1 jeringa 3;86.35;86,35 €;57
383;59283;IPS EMPRESS DIRECT;;RESTAURACIÓN;Dentina A3.5;1 jeringa 3;86.35;86,35 €;57
384;59284;IPS EMPRESS DIRECT;;RESTAURACIÓN;Dentina A1;1 jeringa 3;86.35;86,35 €;57
385;59285;IPS EMPRESS DIRECT;;RESTAURACIÓN;Enamel A1;1 jeringa 3;86.35;86,35 €;57
386;59286;IPS EMPRESS DIRECT;;RESTAURACIÓN;Enamel B1;1 jeringa 3;86.35;86,35 €;57
387;59287;IPS EMPRESS DIRECT CAVIFIL;;RESTAURACIÓN;Enamel A2;10 Cavifils de 0,2 gr.;59.25;59,25 €;57
388;59288;IPS EMPRESS DIRECT CAVIFIL;;RESTAURACIÓN;Enamel A3;10 Cavifils de 0,2 gr.;59.25;59,25 €;57
389;59289;IPS EMPRESS DIRECT;;RESTAURACIÓN;Dentina IVA5;1 jeringa 3;86.35;86,35 €;57
390;59290;IPS EMPRESS DIRECT;;RESTAURACIÓN;Dentina IVA6;1 jeringa 3;86.35;86,35 €;57
391;59292;IPS EMPRESS DIRECT;;RESTAURACIÓN;Dentina B2;1 jeringa 3;86.35;86,35 €;57
392;59297;IPS EMPRESS DIRECT;;RESTAURACIÓN;Enamel A2;1 jeringa 3;86.35;86,35 €;57
393;59298;IPS EMPRESS DIRECT;;RESTAURACIÓN;Enamel A3;1 jeringa 3;86.35;86,35 €;57
394;59299;IPS EMPRESS DIRECT;;RESTAURACIÓN;Enamel A3.5;1 jeringa 3;86.35;86,35 €;57
395;59300;IPS EMPRESS DIRECT;;RESTAURACIÓN;Enamel A4;1 jeringa 3;86.35;86,35 €;57
396;59302;IPS EMPRESS DIRECT;;RESTAURACIÓN;Enamel B2;1 jeringa 3;86.35;86,35 €;57
397;59303;IPS EMPRESS DIRECT;;RESTAURACIÓN;Enamel B3;1 jeringa 3;86.35;86,35 €;57
398;59305;IPS EMPRESS DIRECT CAVIFIL;;RESTAURACIÓN;Enamel C1;10 Cavifils de 0,2 gr.;86.35;86,35 €;57
399;59306;IPS EMPRESS DIRECT CAVIFIL;;RESTAURACIÓN;Enamel C2;10 Cavifils de 0,2 gr.;86.35;86,35 €;57
400;59308;IPS EMPRESS DIRECT CAVIFIL;;RESTAURACIÓN;Enamel D2;10 Cavifils de 0,2 gr.;86.35;86,35 €;57
401;59309;IPS EMPRESS DIRECT CAVIFIL;;RESTAURACIÓN;Enamel D3;10 Cavifils de 0,2 gr.;86.35;86,35 €;57
402;59310;IPS EMPRESS DIRECT;;RESTAURACIÓN;Enamel BL-L;1 jeringa 3;86.35;86,35 €;57
403;59311;IPS EMPRESS DIRECT CAVIFIL;;RESTAURACIÓN;Enamel C1;10 Cavifils de 0,2 gr.;59.25;59,25 €;57
404;59312;IPS EMPRESS DIRECT CAVIFIL;;RESTAURACIÓN;Enamel B2;10 Cavifils de 0,2 gr.;59.25;59,25 €;57
405;59313;IPS EMPRESS DIRECT CAVIFIL;;RESTAURACIÓN;Enamel BL-XL;10 Cavifils de 0,2 gr.;59.25;59,25 €;57
406;59314;IPS EMPRESS DIRECT CAVIFIL;;RESTAURACIÓN;Enamel B3;10 Cavifils de 0,2 gr.;59.25;59,25 €;57
407;59316;IPS EMPRESS DIRECT OPAQUE;;RESTAURACIÓN;Opaque 1.8 gr.;1 jeringa 1.8 gr.;50.3;50,30 €;57
408;59377;IPS EMPRESS DIRECT CAVIFIL;;RESTAURACIÓN;Enamel A3.5;10 Cavifils de 0,2 gr.;59.25;59,25 €;57
409;83033;IPS EMPRESS DIRECT CAVIFIL;;RESTAURACIÓN;Bleach L Dentina;10 Cavifils de 0,2 gr.;86.35;86,35 €;57
410;83220;IPS EMPRESS DIRECT;;RESTAURACIÓN;Blanco. 1 x 1 gr.;PS Empress de aspecto natural. Puede usarse CAD/CAM y para enmascarar;30.15;30,15 €;57
411;83221;IPS EMPRESS DIRECT;;RESTAURACIÓN;Marrón. 1 x 1 gr.;PS Empress de aspecto natural. Puede usarse CAD/CAM y para enmascarar;30.15;30,15 €;57
412;83222;IPS EMPRESS DIRECT;;RESTAURACIÓN;Ocre. 1 x 1 gr.;PS Empress de aspecto natural. Puede usarse CAD/CAM y para enmascarar;30.15;30,15 €;57
413;96494;IPS EMPRESS DIRECT CAVIFIL;;RESTAURACIÓN;Dentina A1;10 Cavifils de 0,2 gr.;59.25;59,25 €;57
414;96495;IPS EMPRESS DIRECT CAVIFIL;;RESTAURACIÓN;Dentina A3;10 Cavifils de 0,2 gr.;59.25;59,25 €;57
415;97556;IPS EMPRESS DIRECT CAVIFIL;;RESTAURACIÓN;Dentina C3;10 Cavifils de 0,2 gr.;59.25;59,25 €;57
416;97591;IPS EMPRESS DIRECT CAVIFIL;;RESTAURACIÓN;Dentina A2;10 Cavifils de 0,2 gr.;59.25;59,25 €;57
417;99583;IPS EMPRESS DIRECT CAVIFIL;;RESTAURACIÓN;Dentina A3.5;10 Cavifils de 0,2 gr.;59.25;59,25 €;57
418;99830;IPS EMPRESS DIRECT CAVIFIL;;RESTAURACIÓN;Dentina A4;10 Cavifils de 0,2 gr.;59.25;59,25 €;57
419;99852;IPS EMPRESS DIRECT;;RESTAURACIÓN;Dentina C3;1 jeringa 3;86.35;86,35 €;57
420;99853;IPS EMPRESS DIRECT;;RESTAURACIÓN;Dentina D2;1 jeringa 3;86.35;86,35 €;57
421;99854;IPS EMPRESS DIRECT CAVIFIL;;RESTAURACIÓN;Trans 20;10 Cavifils de 0,2 gr.;86.35;86,35 €;57
422;99934;IPS EMPRESS DIRECT;;RESTAURACIÓN;Dentina A4;1 jeringa 3;86.35;86,35 €;57
423;99935;IPS EMPRESS DIRECT;;RESTAURACIÓN;Enamel BL-XL;1 jeringa 3;86.35;86,35 €;57
424;23907;ADHESE UNIVERSAL DC MONODOSIS;Ivoclar Vivadent;RESTAURACIÓN;Regular;25 unidosis x 0,1 gramos;94.95;94,95 €;58
425;23908;ADHESE UNIVERSAL DC MONODOSIS;Ivoclar Vivadent;RESTAURACIÓN;Small/Endo;25 unidosis x 0,1 gramos;94.95;94,95 €;58
426;23909;Adhesivos universales ADHESE UNIVERSAL;Ivoclar Vivadent;RESTAURACIÓN;Cánulas VivaPen 100 uds.;1 jeringa VivaPen x 2 ml. + 100 cánulas + 20 fundas protectoras VivaPen;43.25;43,25 €;58
427;32310;EXCITE F;Ivoclar;RESTAURACIÓN;Bote 5;;145.5;145,50 €;58
428;59317;EXCITE F;Ivoclar;RESTAURACIÓN;Doble;;175.5;175,50 €;58
429;59318;EXCITE F;Ivoclar;RESTAURACIÓN;Monodosis;;255.5;255,50 €;58
430;65940;Adhesivos universales ADHESE UNIVERSAL;Ivoclar Vivadent;RESTAURACIÓN;Adhese universal System VivaPen;1 jeringa VivaPen x 2 ml. + 100 cánulas + 20 fundas protectoras VivaPen;121.5;121,50 €;58
431;65941;Adhesivos universales ADHESE UNIVERSAL;Ivoclar Vivadent;RESTAURACIÓN;Adhese universal VivaPen 2 ml.;1 jeringa VivaPen x 2 ml. + 100 cánulas + 20 fundas protectoras VivaPen;79.7;79,70 €;58
432;65942;Adhesivos universales ADHESE UNIVERSAL;Ivoclar Vivadent;RESTAURACIÓN;Starter Kit VivaPen;1 jeringa VivaPen x 0,5 ml. + 10 cánulas + 20 fundas protectoras VivaPen;45.65;45,65 €;58
433;65944;Adhesivos universales ADHESE UNIVERSAL;Ivoclar Vivadent;RESTAURACIÓN;Adhese universal botella 5 gr.;1 jeringa VivaPen x 2 ml. + 100 cánulas + 20 fundas protectoras VivaPen;129.5;129,50 €;58
434;65945;Adhesivos universales ADHESE UNIVERSAL;Ivoclar Vivadent;RESTAURACIÓN;Adhese universal botella 2 x 5 gr.;1 jeringa VivaPen x 2 ml. + 100 cánulas + 20 fundas protectoras VivaPen;231.5;231,50 €;58
435;65946;Adhesivos universales ADHESE UNIVERSAL;Ivoclar Vivadent;RESTAURACIÓN;Adhese universal VivaPen 3 x 2 ml.;1 jeringa VivaPen x 2 ml. + 100 cánulas + 20 fundas protectoras VivaPen;220.0;220,00 €;58
436;73933;Adhesivos universales ADHESE UNIVERSAL;Ivoclar Vivadent;RESTAURACIÓN;Fundas protectoras VivaPen 300 uds.;1 jeringa VivaPen x 2 ml. + 100 cánulas + 20 fundas protectoras VivaPen;39.15;39,15 €;58
437;29859;CENTION FORTE;Ivoclar Vivadent;RESTAURACIÓN;Aplicador de cápsulas (1u.);cápsulas de 0,3 gr.;92.45;92,45 €;59
438;29860;CENTION FORTE;Ivoclar Vivadent;RESTAURACIÓN;Kit - 50 cápsulas;cápsulas de 0,3 gr.;202.0;202,00 €;59
439;29861;CENTION FORTE;Ivoclar Vivadent;RESTAURACIÓN;Starter Kit - 20 cápsulas;cápsulas de 0,3 gr.;108.0;108,00 €;59
440;29862;CENTION FORTE;Ivoclar Vivadent;RESTAURACIÓN;Reposición - 50 cápsulas;cápsulas de 0,3 gr.;161.5;161,50 €;59
441;29863;CENTION FORTE;Ivoclar Vivadent;RESTAURACIÓN;Jumbo - 100 cápsulas;cápsulas de 0,3 gr.;279.0;279,00 €;59
442;29864;CENTION FORTE;Ivoclar Vivadent;RESTAURACIÓN;Primer - 6 gr.;cápsulas de 0,3 gr.;84.7;84,70 €;59
443;3208;HELIOBOND;Ivoclar Vivadent;RESTAURACIÓN;Bote 11 gr.;;112.5;112,50 €;59
444;32080;HELIOBOND;Ivoclar Vivadent;RESTAURACIÓN;Bote 6 gr.;;72.95;72,95 €;59
445;65947;ADHESE 2;Ivoclar Vivadent;RESTAURACIÓN;Starter Kit VivaPen LC/DC;1 jeringa de 0,5 ml + 10 cánulas LC + 10 cánulas DC;55.85;55,85 €;59
446;65948;ADHESE 2;Ivoclar Vivadent;RESTAURACIÓN;Kit VivaPen LC;1 jeringa de 2 ml + 100 cánulas LC;120.5;120,50 €;59
447;65949;ADHESE 2;Ivoclar Vivadent;RESTAURACIÓN;Kit VivaPen DC;1 jeringa de 2 ml + 100 cánulas DC;163.0;163,00 €;59
448;65950;ADHESE 2;Ivoclar Vivadent;RESTAURACIÓN;Refill bote 5g;1 jeringa de 2 ml + 100 cánulas DC;129.0;129,00 €;59
449;65951;ADHESE 2;Ivoclar Vivadent;RESTAURACIÓN;Refill bote 2x5g;1 jeringa de 2 ml + 100 cánulas DC;230.5;230,50 €;59
450;65952;ADHESE 2;Ivoclar Vivadent;RESTAURACIÓN;Refill VivaPen 2ml;1 jeringa de 2 ml + 100 cánulas DC;79.25;79,25 €;59
451;65953;ADHESE 2;Ivoclar Vivadent;RESTAURACIÓN;Refill VivaPen 3x2ml;1 jeringa de 2 ml + 100 cánulas DC;219.0;219,00 €;59
452;2381;TOTAL ETCH;Ivoclar Vivadent;RESTAURACIÓN;1 jeringa Jumbo x 30 gr. + 10;;113.5;113,50 €;60
453;3204;TOTAL ETCH;Ivoclar Vivadent;RESTAURACIÓN;2 jeringas x 2 gr. + 10 puntas;;26.1;26,10 €;60
454;32049;TOTAL ETCH;Ivoclar Vivadent;RESTAURACIÓN;Reposición de 20 cánulas;;18.65;18,65 €;60
455;6561;OPTRAGATE;Ivoclar Vivadent;RESTAURACIÓN;40 uds. regular + 40 uds. small;;138.0;138,00 €;60
456;6562;OPTRAGATE;Ivoclar Vivadent;RESTAURACIÓN;Regular 80 uds.;;138.0;138,00 €;60
457;6563;OPTRAGATE;Ivoclar Vivadent;RESTAURACIÓN;Small 80 uds.;1 jeringas de 2,5 g;138.0;138,00 €;60
458;98713;LIQUID STRIP GLICERINA;Ivoclar Vivadent;RESTAURACIÓN;;1 jeringas de 2,5 g;23.3;23,30 €;60
459;23802;OPTRAGATE;Ivoclar Vivadent;RESTAURACIÓN;Small;40 unidades (20 u. color azul + 20 u. color;95.05;95,05 €;61
460;23803;OPTRAGATE;Ivoclar Vivadent;RESTAURACIÓN;Junior;40 unidades (20 u. color azul + 20 u. color;95.05;95,05 €;61
461;23818;OPTRASCULPT;Ivoclar Vivadent;RESTAURACIÓN;Reposición pad negro 6 mm.;60 unidades;52.6;52,60 €;61
462;65480;OPTRASCULPT;Ivoclar Vivadent;RESTAURACIÓN;1 instrumento + 60 almohadillas de 6 mm +;;129.0;129,00 €;61
463;65481;OPTRASCULPT;Ivoclar Vivadent;RESTAURACIÓN;Reposición pad verde 4 mm.;60 unidades;52.6;52,60 €;61
464;6580;OPTRAGATE;Ivoclar;RESTAURACIÓN;;;147.5;147,50 €;61
465;90062;OPTRASCULPT;Ivoclar Vivadent;RESTAURACIÓN;Starter kit 1 instrumento doble, 20 uds.;;84.05;84,05 €;61
466;90063;OPTRASCULPT;Ivoclar Vivadent;RESTAURACIÓN;Reposición bola;60 unidades;49.65;49,65 €;61
467;90064;OPTRASCULPT;Ivoclar Vivadent;RESTAURACIÓN;Reposición cincel punta;60 unidades;49.65;49,65 €;61
468;90065;OPTRASCULPT;Ivoclar Vivadent;RESTAURACIÓN;Reposición pirámide punta;60 unidades;49.65;49,65 €;61
469;58545;FILTEK Z250 JERINGAS;Solventum (3M);RESTAURACIÓN;Kit introducción;Kit Introducción: 4 jeringas (A2, A3.5, A4, B3) + 3 gr. Adhesivo Scotchbond + 1 jeringa gel grabador + accesorios.;310.04;310,04 €;62
470;5855;Composites;;RESTAURACIÓN;A1;Jeringa de 4 gr.;94.29;94,29 €;62
471;5856;Composites;;RESTAURACIÓN;A2;Jeringa de 4 gr.;94.29;94,29 €;62
472;58575;Composites;;RESTAURACIÓN;A3;Jeringa de 4 gr.;94.29;94,29 €;62
473;5858;Composites;;RESTAURACIÓN;A3.5;Jeringa de 4 gr.;94.29;94,29 €;62
474;5859;Composites;;RESTAURACIÓN;A4;Jeringa de 4 gr.;94.29;94,29 €;62
475;5861;Composites;;RESTAURACIÓN;B1;Jeringa de 4 gr.;94.29;94,29 €;62
476;5862;FILTEK Z250 JERINGAS;Solventum (3M);RESTAURACIÓN;B2;;94.29;94,29 €;62
477;5863;FILTEK Z250 JERINGAS;Solventum (3M);RESTAURACIÓN;B3;Kit Introducción: 4 jeringas (A2, A3.5, A4, B3) + 3 gr. Adhesivo Scotchbond + 1 jeringa gel grabador + accesorios.;94.29;94,29 €;62
478;5864;FILTEK Z250 JERINGAS;Solventum (3M);RESTAURACIÓN;;Kit Introducción: 4 jeringas (A2, A3.5, A4, B3) + 3 gr. Adhesivo Scotchbond + 1 jeringa gel grabador + accesorios.;94.29;94,29 €;62
479;5867;FILTEK Z250 JERINGAS;Solventum (3M);RESTAURACIÓN;D3;Kit Introducción: 4 jeringas (A2, A3.5, A4, B3) + 3 gr. Adhesivo Scotchbond + 1 jeringa gel grabador + accesorios.;94.29;94,29 €;62
480;5868;FILTEK Z250 JERINGAS;Solventum (3M);RESTAURACIÓN;I;Kit Introducción: 4 jeringas (A2, A3.5, A4, B3) + 3 gr. Adhesivo Scotchbond + 1 jeringa gel grabador + accesorios.;94.29;94,29 €;62
481;5869;FILTEK Z250 JERINGAS;Solventum (3M);RESTAURACIÓN;UD;Kit Introducción: 4 jeringas (A2, A3.5, A4, B3) + 3 gr. Adhesivo Scotchbond + 1 jeringa gel grabador + accesorios.;310.04;310,04 €;62
482;58715;FILTEK Z250 REPOSICIÓN;Solventum (3M);RESTAURACIÓN;A1;20 cápsulas de 0,20;94.29;94,29 €;62
483;58725;FILTEK Z250 REPOSICIÓN;Solventum (3M);RESTAURACIÓN;A2;20 cápsulas de 0,20;94.29;94,29 €;62
484;5873;FILTEK Z250 REPOSICIÓN;Solventum (3M);RESTAURACIÓN;A3;20 cápsulas de 0,20;94.29;94,29 €;62
485;5874;FILTEK Z250 REPOSICIÓN;Solventum (3M);RESTAURACIÓN;A3.5;20 cápsulas de 0,20;94.29;94,29 €;62
486;58755;FILTEK Z250 REPOSICIÓN;Solventum (3M);RESTAURACIÓN;A4;20 cápsulas de 0,20;94.29;94,29 €;62
487;5877;FILTEK Z250 REPOSICIÓN;Solventum (3M);RESTAURACIÓN;B1;20 cápsulas de 0,20;94.29;94,29 €;62
488;5878;FILTEK Z250 REPOSICIÓN;Solventum (3M);RESTAURACIÓN;B2;20 cápsulas de 0,20;94.29;94,29 €;62
489;58795;FILTEK Z250 REPOSICIÓN;Solventum (3M);RESTAURACIÓN;B3;20 cápsulas de 0,20;94.29;94,29 €;62
490;5880;FILTEK Z250 REPOSICIÓN;Solventum (3M);RESTAURACIÓN;C2;20 cápsulas de 0,20;94.29;94,29 €;62
491;5883;FILTEK Z250 REPOSICIÓN;Solventum (3M);RESTAURACIÓN;D3;20 cápsulas de 0,20;94.29;94,29 €;62
492;5885;FILTEK Z250 REPOSICIÓN;Solventum (3M);RESTAURACIÓN;UD;20 cápsulas de 0,20;94.29;94,29 €;62
493;36756;FILTEK SUPREME XTE JERINGAS;Solventum (3M);RESTAURACIÓN;Kit Multitono;4 jeringas de 3g (1 x A4 + 1 x esmalte A2;251.72;251,72 €;63
494;3868;FILTEK SUPREME XTE JERINGAS;Solventum (3M);RESTAURACIÓN;Translúcido Claro;Jeringa x 3 gr.;71.13;71,13 €;63
495;38681;FILTEK SUPREME XTE JERINGAS;Solventum (3M);RESTAURACIÓN;XW Emalte;12 jeringas X 3 gr. + Sistema C olores. (Dentina: A2, A3, A4+Body: A2, A1, A2 ,A3, W+AT);71.13;71,13 €;63
496;3874;FILTEK SUPREME XTE JERINGAS;Solventum (3M);RESTAURACIÓN;A1 Dentina;Jeringa x 3 gr.;71.13;71,13 €;63
497;3999;FILTEK SUPREME XTE JERINGAS;Solventum (3M);RESTAURACIÓN;Translúcido Ámbar;Jeringa x 3 gr.;71.13;71,13 €;63
498;71069;FILTEK SUPREME XTE JERINGAS;Solventum (3M);RESTAURACIÓN;;4 jeringas de 3g (1 x A4 + 1 x esmalte A2;251.72;251,72 €;63
499;71109;FILTEK SUPREME XTE JERINGAS;Solventum (3M);RESTAURACIÓN;;4 jeringas x 3 gr. (2 x;251.72;251,72 €;63
500;7112;FILTEK SUPREME XTE JERINGAS;Solventum (3M);RESTAURACIÓN;A2 Dentina;Jeringa x 3 gr.;71.13;71,13 €;63
501;7113;FILTEK SUPREME XTE JERINGAS;Solventum (3M);RESTAURACIÓN;A4 Dentina;Jeringa x 3 gr.;71.13;71,13 €;63
502;7115;FILTEK SUPREME XTE JERINGAS;Solventum (3M);RESTAURACIÓN;B3 Dentina;Jeringa x 3 gr.;71.13;71,13 €;63
503;7116;FILTEK SUPREME XTE JERINGAS;Solventum (3M);RESTAURACIÓN;C4 Dentina;Jeringa x 3 gr.;71.13;71,13 €;63
504;7118;FILTEK SUPREME XTE JERINGAS;Solventum (3M);RESTAURACIÓN;W Dentina;Jeringa x 3 gr.;71.13;71,13 €;63
505;7119;FILTEK SUPREME XTE JERINGAS;Solventum (3M);RESTAURACIÓN;A1 Body;Jeringa x 3 gr.;71.13;71,13 €;63
506;7120;FILTEK SUPREME XTE JERINGAS;Solventum (3M);RESTAURACIÓN;A2 Body;;71.13;71,13 €;63
507;7121;FILTEK SUPREME XTE JERINGAS;Solventum (3M);RESTAURACIÓN;A3 Body;;71.13;71,13 €;63
508;7122;FILTEK SUPREME XTE JERINGAS;Solventum (3M);RESTAURACIÓN;A3,5 Body;4 jeringas x 3 gr. (2 x;71.13;71,13 €;63
509;7123;FILTEK SUPREME XTE JERINGAS;Solventum (3M);RESTAURACIÓN;A4 Body;4 jeringas x 3 gr. (2 x;71.13;71,13 €;63
510;7124;FILTEK SUPREME XTE JERINGAS;Solventum (3M);RESTAURACIÓN;B1 Body;4 jeringas x 3 gr. (2 x;251.72;251,72 €;63
511;7125;FILTEK SUPREME XTE JERINGAS;Solventum (3M);RESTAURACIÓN;B2 Body;4 jeringas de 3g (1 x A4 + 1 x esmalte A2;71.13;71,13 €;63
512;7126;FILTEK SUPREME XTE JERINGAS;Solventum (3M);RESTAURACIÓN;B3 Body;4 jeringas de 3g (1 x A4 + 1 x esmalte A2;71.13;71,13 €;63
513;7127;FILTEK SUPREME XTE JERINGAS;Solventum (3M);RESTAURACIÓN;C1 Body;4 jeringas de 3g (1 x A4 + 1 x esmalte A2;71.13;71,13 €;63
514;7128;FILTEK SUPREME XTE JERINGAS;Solventum (3M);RESTAURACIÓN;C2 Body;4 jeringas de 3g (1 x A4 + 1 x esmalte A2;251.72;251,72 €;63
515;7129;FILTEK SUPREME XTE JERINGAS;Solventum (3M);RESTAURACIÓN;C3 Body;12 jeringas X 3 gr. + Sistema C olores. (Dentina: A2, A3, A4+Body: A2, A1, A2 ,A3, W+AT);71.13;71,13 €;63
516;7130;FILTEK SUPREME XTE JERINGAS;Solventum (3M);RESTAURACIÓN;D2 Body;12 jeringas X 3 gr. + Sistema C olores. (Dentina: A2, A3, A4+Body: A2, A1, A2 ,A3, W+AT);71.13;71,13 €;63
517;7131;FILTEK SUPREME XTE JERINGAS;Solventum (3M);RESTAURACIÓN;W Body;12 jeringas X 3 gr. + Sistema C olores. (Dentina: A2, A3, A4+Body: A2, A1, A2 ,A3, W+AT);71.13;71,13 €;63
518;7132;FILTEK SUPREME XTE JERINGAS;Solventum (3M);RESTAURACIÓN;A1 Esmalte;Jeringa x 3 gr.;71.13;71,13 €;63
519;7133;FILTEK SUPREME XTE JERINGAS;Solventum (3M);RESTAURACIÓN;A2 Esmalte;Jeringa x 3 gr.;71.13;71,13 €;63
520;7134;FILTEK SUPREME XTE JERINGAS;Solventum (3M);RESTAURACIÓN;A3 Esmalte;Jeringa x 3 gr.;71.13;71,13 €;63
521;7135;FILTEK SUPREME XTE JERINGAS;Solventum (3M);RESTAURACIÓN;B1 Esmalte;Jeringa x 3 gr.;71.13;71,13 €;63
522;7136;FILTEK SUPREME XTE JERINGAS;Solventum (3M);RESTAURACIÓN;B2 Esmalte;Jeringa x 3 gr.;71.13;71,13 €;63
523;7137;FILTEK SUPREME XTE JERINGAS;Solventum (3M);RESTAURACIÓN;D2 Esmalte;Jeringa x 3 gr.;71.13;71,13 €;63
524;7138;FILTEK SUPREME XTE JERINGAS;Solventum (3M);RESTAURACIÓN;W Esmalte;Jeringa x 3 gr.;71.13;71,13 €;63
525;7139;FILTEK SUPREME XTE JERINGAS;Solventum (3M);RESTAURACIÓN;Translúcido Gris;Jeringa x 3 gr.;71.13;71,13 €;63
526;71675;FILTEK SUPREME XTE JERINGAS;Solventum (3M);RESTAURACIÓN;XW Body;12 jeringas X 3 gr. + Sistema C olores. (Dentina: A2, A3, A4+Body: A2, A1, A2 ,A3, W+AT);555.07;555,07 €;63
527;7195;FILTEK SUPREME XTE JERINGAS;Solventum (3M);RESTAURACIÓN;A3 Dentina;Jeringa x 3 gr.;71.13;71,13 €;63
528;74761;FILTEK Z500;Solventum (3M);RESTAURACIÓN;Intro kit jeringas;3 jeringas x 3 gr. (A2,;145.32;145,32 €;63
529;74762;Composites universales;;RESTAURACIÓN;A1;Jeringa x 3 gr.;51.84;51,84 €;63
530;74763;FILTEK Z500;Solventum (3M);RESTAURACIÓN;A2;;51.84;51,84 €;63
531;74764;FILTEK Z500;Solventum (3M);RESTAURACIÓN;A3;3 jeringas x 3 gr. (A2,;51.84;51,84 €;63
532;74765;FILTEK Z500;Solventum (3M);RESTAURACIÓN;A3.5;3 jeringas x 3 gr. (A2,;51.84;51,84 €;63
533;74766;FILTEK Z500;Solventum (3M);RESTAURACIÓN;A4;3 jeringas x 3 gr. (A2,;145.32;145,32 €;63
534;74767;FILTEK Z500;Solventum (3M);RESTAURACIÓN;B2;60 cápsulas x 0,2 gr.;51.84;51,84 €;63
535;74768;FILTEK Z500;Solventum (3M);RESTAURACIÓN;C2;60 cápsulas x 0,2 gr.;51.84;51,84 €;63
536;74770;FILTEK Z500;Solventum (3M);RESTAURACIÓN;OA3;60 cápsulas x 0,2 gr.;51.84;51,84 €;63
537;74771;FILTEK Z500;Solventum (3M);RESTAURACIÓN;Intro kit cápsulas;60 cápsulas x 0,2 gr.;212.02;212,02 €;63
538;74772;FILTEK Z500;Solventum (3M);RESTAURACIÓN;A1;20 cápsulas de 0,2 g r.;72.76;72,76 €;63
539;74773;FILTEK Z500;Solventum (3M);RESTAURACIÓN;A2;20 cápsulas de 0,2 g r.;72.76;72,76 €;63
540;74774;FILTEK Z500;Solventum (3M);RESTAURACIÓN;A3;20 cápsulas de 0,2 g r.;72.76;72,76 €;63
541;74775;FILTEK Z500;Solventum (3M);RESTAURACIÓN;A3.5;20 cápsulas de 0,2 g r.;72.76;72,76 €;63
542;74776;FILTEK Z500;Solventum (3M);RESTAURACIÓN;A4;20 cápsulas de 0,2 g r.;72.76;72,76 €;63
543;74777;FILTEK Z500;Solventum (3M);RESTAURACIÓN;B2;20 cápsulas de 0,2 g r.;72.76;72,76 €;63
544;74778;FILTEK Z500;Solventum (3M);RESTAURACIÓN;C2;20 cápsulas de 0,2 g r.;72.76;72,76 €;63
545;74780;FILTEK Z500;Solventum (3M);RESTAURACIÓN;OA3;20 cápsulas de 0,2 g r.;72.76;72,76 €;63
546;25370;FILTEK UNIVERSAL JERINGAS;Solventum (3M);RESTAURACIÓN;Kit essential;5 jeringas de 4 gr. (1 + Guía técnica + Instrucciones de uso.;347.49;347,49 €;64
547;25371;FILTEK UNIVERSAL JERINGAS;Solventum (3M);RESTAURACIÓN;A1;4 gr.;78.79;78,79 €;64
548;25372;FILTEK UNIVERSAL JERINGAS;Solventum (3M);RESTAURACIÓN;A2;4 gr.;78.79;78,79 €;64
549;25373;FILTEK UNIVERSAL JERINGAS;Solventum (3M);RESTAURACIÓN;A3;4 gr.;78.79;78,79 €;64
550;25374;FILTEK UNIVERSAL JERINGAS;Solventum (3M);RESTAURACIÓN;A3,5;4 gr.;78.79;78,79 €;64
551;25375;FILTEK UNIVERSAL JERINGAS;Solventum (3M);RESTAURACIÓN;A4;4 gr.;78.79;78,79 €;64
552;25376;FILTEK UNIVERSAL JERINGAS;Solventum (3M);RESTAURACIÓN;B1;4 gr.;78.79;78,79 €;64
553;25377;FILTEK UNIVERSAL JERINGAS;Solventum (3M);RESTAURACIÓN;B2;4 gr.;78.79;78,79 €;64
554;25378;FILTEK UNIVERSAL JERINGAS;Solventum (3M);RESTAURACIÓN;D3;4 gr.;78.79;78,79 €;64
555;25379;FILTEK UNIVERSAL JERINGAS;Solventum (3M);RESTAURACIÓN;XW;4 gr.;78.79;78,79 €;64
556;25381;FILTEK UNIVERSAL;Solventum (3M);RESTAURACIÓN;Kit essential;"90 (20 x A1, A2, A3, A3.5; + Instrucciones de uso.";312.2;312,20 €;64
557;25382;FILTEK UNIVERSAL;Solventum (3M);RESTAURACIÓN;A1;20;78.79;78,79 €;64
558;25383;FILTEK UNIVERSAL;Solventum (3M);RESTAURACIÓN;A2;20;78.79;78,79 €;64
559;25384;FILTEK UNIVERSAL;Solventum (3M);RESTAURACIÓN;A3;20;78.79;78,79 €;64
560;25385;FILTEK UNIVERSAL;Solventum (3M);RESTAURACIÓN;A3,5;20;78.79;78,79 €;64
561;25386;FILTEK UNIVERSAL;Solventum (3M);RESTAURACIÓN;A4;20;78.79;78,79 €;64
562;25387;FILTEK UNIVERSAL;Solventum (3M);RESTAURACIÓN;B1;20;78.79;78,79 €;64
563;25388;FILTEK UNIVERSAL;Solventum (3M);RESTAURACIÓN;B2;20;78.79;78,79 €;64
564;25389;FILTEK UNIVERSAL;Solventum (3M);RESTAURACIÓN;D3;20;78.79;78,79 €;64
565;25390;FILTEK UNIVERSAL;Solventum (3M);RESTAURACIÓN;XW;20;78.79;78,79 €;64
566;25391;FILTEK UNIVERSAL;Solventum (3M);RESTAURACIÓN;PO;10;78.79;78,79 €;64
567;25392;FILTEK UNIVERSAL JERINGAS;Solventum (3M);RESTAURACIÓN;PO;4 gr.;78.79;78,79 €;64
568;36755;FILTEK SUPREME;Solventum;RESTAURACIÓN;Kit Multitono;40 A4;195.24;195,24 €;64
569;38680;FILTEK SUPREME;Solventum;RESTAURACIÓN;Universal;40;53.84;53,84 €;64
570;45713;FILTEK SUPREME;Solventum;RESTAURACIÓN;D3 Body;20 cápsulas de 0,20 gr.;53.84;53,84 €;64
571;71119;FILTEK SUPREME;Solventum;RESTAURACIÓN;Intro kit cápsulas;40;176.53;176,53 €;64
572;71181;FILTEK SUPREME;Solventum;RESTAURACIÓN;A3 Dentina;10;53.84;53,84 €;64
573;7142;FILTEK SUPREME;Solventum;RESTAURACIÓN;A2 Dentina;10;53.84;53,84 €;64
574;7143;FILTEK SUPREME;Solventum;RESTAURACIÓN;A4 Dentina;10;53.84;53,84 €;64
575;7145;FILTEK SUPREME;Solventum;RESTAURACIÓN;B3 Dentina;10;53.84;53,84 €;64
576;7146;FILTEK SUPREME;Solventum;RESTAURACIÓN;C4 Dentina;10;53.84;53,84 €;64
577;7148;FILTEK SUPREME;Solventum;RESTAURACIÓN;A1 Body;20 cápsulas de 0,20 gr.;94.89;94,89 €;64
578;7149;FILTEK SUPREME;Solventum;RESTAURACIÓN;A2 Body;20 cápsulas de 0,20 gr.;94.89;94,89 €;64
579;7150;FILTEK SUPREME;Solventum;RESTAURACIÓN;A3 Body;20 cápsulas de 0,20 gr.;0.2;0,20 €;64
580;7151;FILTEK SUPREME;Solventum;RESTAURACIÓN;A3.5 Body;20 cápsulas de 0,20 gr.;53.84;53,84 €;64
581;7152;FILTEK SUPREME;Solventum;RESTAURACIÓN;A4 Body;20 cápsulas de 0,20 gr.;53.84;53,84 €;64
582;7153;FILTEK SUPREME;Solventum;RESTAURACIÓN;B1 Body;20 cápsulas de 0,20 gr.;53.84;53,84 €;64
583;7154;FILTEK SUPREME;Solventum;RESTAURACIÓN;B2 Body;20 cápsulas de 0,20 gr.;53.84;53,84 €;64
584;7155;FILTEK SUPREME;Solventum;RESTAURACIÓN;B3 Body;20 cápsulas de 0,20 gr.;53.84;53,84 €;64
585;7156;FILTEK SUPREME;Solventum;RESTAURACIÓN;C1 Body;20 cápsulas de 0,20 gr.;53.84;53,84 €;64
586;7157;FILTEK SUPREME;Solventum;RESTAURACIÓN;C2 Body;20 cápsulas de 0,20 gr.;53.84;53,84 €;64
587;7158;FILTEK SUPREME;Solventum;RESTAURACIÓN;C3 Body;20 cápsulas de 0,20 gr.;53.84;53,84 €;64
588;7159;FILTEK SUPREME;Solventum;RESTAURACIÓN;D2 Body;20 cápsulas de 0,20 gr.;53.84;53,84 €;64
589;7160;FILTEK SUPREME;Solventum;RESTAURACIÓN;W Body;20 cápsulas de 0,20 gr.;53.84;53,84 €;64
590;7161;FILTEK SUPREME;Solventum;RESTAURACIÓN;A1 Esmalte;10;53.84;53,84 €;64
591;7162;FILTEK SUPREME;Solventum;RESTAURACIÓN;A2 Esmalte;10;53.84;53,84 €;64
592;7163;FILTEK SUPREME;Solventum;RESTAURACIÓN;A3 Esmalte;10;53.84;53,84 €;64
593;7164;FILTEK SUPREME;Solventum;RESTAURACIÓN;B1 Esmalte;10;53.84;53,84 €;64
594;7165;FILTEK SUPREME;Solventum;RESTAURACIÓN;B2 Esmalte;10;53.84;53,84 €;64
595;7166;FILTEK SUPREME;Solventum;RESTAURACIÓN;D2 Esmalte;10;53.84;53,84 €;64
596;7167;FILTEK SUPREME;Solventum;RESTAURACIÓN;W Esmalte;10;53.84;53,84 €;64
597;71672;FILTEK SUPREME;Solventum;RESTAURACIÓN;Ct Translúcido;40;176.53;176,53 €;64
598;71673;FILTEK SUPREME;Solventum;RESTAURACIÓN;XWB Body;20 cápsulas de 0,20 gr.;53.84;53,84 €;64
599;71674;FILTEK SUPREME;Solventum;RESTAURACIÓN;WD Body;40 A4;53.84;53,84 €;64
600;7458;FILTEK SUPREME;Solventum;RESTAURACIÓN;A1 Dentina;10;53.84;53,84 €;64
601;82562;FILTEK SUPREME;Solventum;RESTAURACIÓN;A6 Body;20 cápsulas de 0,20 gr.;53.84;53,84 €;64
602;75659;FILTEK EASY MATCH;Solventum (3M);RESTAURACIÓN;Bright;20 cápsulas de 0,20;78.79;78,79 €;65
603;75660;FILTEK EASY MATCH;Solventum (3M);RESTAURACIÓN;Natural;20 cápsulas de 0,20;78.79;78,79 €;65
604;75661;FILTEK EASY MATCH;Solventum (3M);RESTAURACIÓN;Warm;20 cápsulas de 0,20;78.79;78,79 €;65
605;75662;FILTEK EASY MATCH;Solventum (3M);RESTAURACIÓN;Bright;1 jeringa de 4 gramos;78.79;78,79 €;65
606;75663;FILTEK EASY MATCH;Solventum (3M);RESTAURACIÓN;Natural;1 jeringa de 4 gramos;78.79;78,79 €;65
607;75664;FILTEK EASY MATCH;Solventum (3M);RESTAURACIÓN;Warm;1 jeringa de 4 gramos;78.79;78,79 €;65
608;75665;FILTEK EASY MATCH;Solventum (3M);RESTAURACIÓN;;60 cápsulas de 0,20 g (20 cápsulas de cada color: bright, natural, warm);189.11;189,11 €;65
609;75666;Composites universales;;RESTAURACIÓN;Intro kit jeringas;3 jeringas de 4 g (1 jeringa de cada color: bright, natural, warm);189.11;189,11 €;65
610;75667;FILTEK EASY MATCH;Solventum (3M);RESTAURACIÓN;Value pack cápsulas;100 cápsulas de 0,20 g (color natural);78.79;78,79 €;65
611;75668;FILTEK EASY MATCH;Solventum (3M);RESTAURACIÓN;Value pack jeringas;5 jeringas de 4 g (color natural);315.18;315,18 €;65
612;75685;FILTEK EASY MATCH FLUIDO;Solventum;RESTAURACIÓN;Bright;2 jeringas de 2 g + puntas;86.14;86,14 €;65
613;75686;FILTEK EASY MATCH FLUIDO;Solventum;RESTAURACIÓN;Natural;2 jeringas de 2 g + puntas;86.14;86,14 €;65
614;75687;FILTEK EASY MATCH FLUIDO;Solventum;RESTAURACIÓN;Warm;2 jeringas de 2 g + puntas;86.14;86,14 €;65
615;75688;FILTEK EASY MATCH FLUIDO;Solventum;RESTAURACIÓN;Intro kit;3 jeringas de 2 g (1u;103.36;103,36 €;65
616;25331;FILTEK BULK FILL FLOW;Solventum (3M);RESTAURACIÓN;A1;2 jeringas de 2 gr.;82.11;82,11 €;66
617;25332;FILTEK BULK FILL FLOW;Solventum (3M);RESTAURACIÓN;A2;2 jeringas de 2 gr.;82.11;82,11 €;66
618;25333;FILTEK BULK FILL FLOW;Solventum (3M);RESTAURACIÓN;A3;2 jeringas de 2 gr.;82.11;82,11 €;66
619;25334;FILTEK BULK FILL FLOW;Solventum (3M);RESTAURACIÓN;Universal;2 jeringas de 2 gr.;82.11;82,11 €;66
620;25335;FILTEK SUPREME FLOW;Solventum (3M);RESTAURACIÓN;A1;15 cápsulas x 0,2 gr.;82.11;82,11 €;66
621;25336;FILTEK SUPREME FLOW;Solventum (3M);RESTAURACIÓN;A2;15 cápsulas x 0,2 gr.;82.11;82,11 €;66
622;25337;FILTEK SUPREME FLOW;Solventum (3M);RESTAURACIÓN;A3;15 cápsulas x 0,2 gr.;82.11;82,11 €;66
623;25338;FILTEK SUPREME FLOW;Solventum (3M);RESTAURACIÓN;Universal;15 cápsulas x 0,2 gr.;82.11;82,11 €;66
624;26825;FILTEK SUPREME FLOW;Solventum (3M);RESTAURACIÓN;A2;20 cápsulas de 0,2 gr.;81.66;81,66 €;66
625;26826;FILTEK SUPREME FLOW;Solventum (3M);RESTAURACIÓN;A3;20 cápsulas de 0,2 gr.;81.66;81,66 €;66
626;26827;FILTEK SUPREME FLOW;Solventum (3M);RESTAURACIÓN;;20 cápsulas de 0,2 gr.;81.66;81,66 €;66
627;26828;FILTEK SUPREME FLOW;Solventum (3M);RESTAURACIÓN;A3.5;20 cápsulas de 0,2 gr.;81.66;81,66 €;66
628;26829;FILTEK SUPREME FLOW;Solventum (3M);RESTAURACIÓN;OA3;20 cápsulas de 0,2 gr.;81.66;81,66 €;66
629;4089;FILTEK SUPREME FLOW;Solventum (3M);RESTAURACIÓN;Puntas;20 uds.;7.53;7,53 €;66
630;72950;FILTEK SUPREME FLOW;Solventum (3M);RESTAURACIÓN;A1;2 jeringas de 2 gr.;82.04;82,04 €;66
631;72951;FILTEK SUPREME FLOW;Solventum (3M);RESTAURACIÓN;A2;2 jeringas de 2 gr.;82.04;82,04 €;66
632;72952;FILTEK SUPREME FLOW;Solventum (3M);RESTAURACIÓN;A3;2 jeringas de 2 gr.;82.04;82,04 €;66
633;72953;FILTEK SUPREME FLOW;Solventum (3M);RESTAURACIÓN;A3.5;2 jeringas de 2 gr.;82.04;82,04 €;66
634;72954;FILTEK SUPREME FLOW;Solventum (3M);RESTAURACIÓN;A4;2 jeringas de 2 gr.;82.04;82,04 €;66
635;72955;FILTEK SUPREME FLOW;Solventum (3M);RESTAURACIÓN;B1;2 jeringas de 2 gr.;82.04;82,04 €;66
636;72956;FILTEK SUPREME FLOW;Solventum (3M);RESTAURACIÓN;B2;2 jeringas de 2 gr.;82.04;82,04 €;66
637;72957;FILTEK SUPREME FLOW;Solventum (3M);RESTAURACIÓN;C2;2 jeringas de 2 gr.;82.04;82,04 €;66
638;72958;FILTEK SUPREME FLOW;Solventum (3M);RESTAURACIÓN;D2;2 jeringas de 2 gr.;82.04;82,04 €;66
639;72959;FILTEK SUPREME FLOW;Solventum (3M);RESTAURACIÓN;OA3;2 jeringas de 2 gr.;82.04;82,04 €;66
640;72960;FILTEK SUPREME FLOW;Solventum (3M);RESTAURACIÓN;W;2 jeringas de 2 gr.;82.04;82,04 €;66
641;72961;FILTEK SUPREME FLOW;Solventum (3M);RESTAURACIÓN;XW;2 jeringas de 2 gr.;82.04;82,04 €;66
642;25360;FILTEK ONE;Solventum (3M);RESTAURACIÓN;A1;20 cápsulas x 0,2 gr.;128.8;128,80 €;67
643;25361;FILTEK ONE;Solventum (3M);RESTAURACIÓN;A2;20 cápsulas x 0,2 gr.;128.8;128,80 €;67
644;25362;FILTEK ONE;Solventum (3M);RESTAURACIÓN;A3;20 cápsulas x 0,2 gr.;128.8;128,80 €;67
645;25363;FILTEK ONE;Solventum (3M);RESTAURACIÓN;B1;20 cápsulas x 0,2 gr.;77.11;77,11 €;67
646;25364;FILTEK ONE;Solventum (3M);RESTAURACIÓN;C2;20 cápsulas x 0,2 gr.;77.11;77,11 €;67
647;25365;FILTEK ONE;Solventum (3M);RESTAURACIÓN;A1;1 jeringas de 4 gr.;77.11;77,11 €;67
648;25366;FILTEK ONE;Solventum (3M);RESTAURACIÓN;A2;1 jeringas de 4 gr.;77.11;77,11 €;67
649;25367;FILTEK ONE;Solventum (3M);RESTAURACIÓN;A3;1 jeringas de 4 gr.;77.11;77,11 €;67
650;25368;FILTEK ONE;Solventum (3M);RESTAURACIÓN;B1;1 jeringas de 4 gr.;77.11;77,11 €;67
651;25369;FILTEK ONE;Solventum (3M);RESTAURACIÓN;C2;1 jeringas de 4 gr.;77.11;77,11 €;67
652;5850;FILTEK P60;Solventum;RESTAURACIÓN;Kit introducción;3 Scotchbond 1XT x;347.1;347,10 €;67
653;58515;FILTEK P60;Solventum;RESTAURACIÓN;A3;Jeringa;128.8;128,80 €;67
654;5852;FILTEK P60;Solventum;RESTAURACIÓN;B2;Jeringa;128.8;128,80 €;67
655;5853;FILTEK P60;Solventum;RESTAURACIÓN;C2;Jeringa;128.8;128,80 €;67
656;74941;ADHESIVO SCOTCHBOND;Solventum;RESTAURACIÓN;;Bote;168.85;168,85 €;67
657;74942;ADHESIVO SCOTCHBOND;Solventum;RESTAURACIÓN;Scotchbond;Bote;145.08;145,08 €;67
658;74943;ADHESIVO SCOTCHBOND;Solventum;RESTAURACIÓN;40 L-Pop;Monodosis;145.08;145,08 €;67
659;74944;ADHESIVO SCOTCHBOND;Solventum;RESTAURACIÓN;Scotchbond;Bote;158.72;158,72 €;67
660;74945;ADHESIVO SCOTCHBOND;Solventum;RESTAURACIÓN;Ácido Gel.;Monodosis;47.53;47,53 €;67
661;74957;ADHESIVO SCOTCHBOND;Solventum;RESTAURACIÓN;100 L-Pop;Monodosis;318.65;318,65 €;67
662;74958;ADHESIVO SCOTCHBOND;Solventum;RESTAURACIÓN;200 L-Pop;Monodosis;578.06;578,06 €;67
663;74961;ADHESIVO SCOTCHBOND;Solventum;RESTAURACIÓN;500 L-Pop;Monodosis;1321.66;1321,66 €;67
664;2693;ADPER SCOTCHBOND 1 XT INTRO;Solventum (3M);RESTAURACIÓN;;Botella 6 gr. + 2 jeringas ácido y accesorios.;238.59;238,59 €;68
665;2694;ADPER SCOTCHBOND;Solventum;RESTAURACIÓN;;;189.13;189,13 €;68
666;74977;SCOTCHBOND UNIVERSAL;Solventum (3M);RESTAURACIÓN;Kit Intro;Kit intro: 1 bote adhesivo microaplicadores + 1 jeringa ácido x 3 + instrucciones de uso.;153.22;153,22 €;68
667;74978;SCOTCHBOND UNIVERSAL;Solventum (3M);RESTAURACIÓN;1 bote x 5 ml.;Kit intro: 1 bote adhesivo microaplicadores + 1 jeringa ácido x 3 + instrucciones de uso.;131.63;131,63 €;68
668;74979;SCOTCHBOND UNIVERSAL;Solventum (3M);RESTAURACIÓN;3 botes x 5 ml.;Kit intro: 1 bote adhesivo microaplicadores + 1 jeringa ácido x 3 + instrucciones de uso.;355.36;355,36 €;68
669;74980;SCOTCHBOND UNIVERSAL;Solventum (3M);RESTAURACIÓN;Kit Intro;Kit dispensadoras ácido +;153.22;153,22 €;68
670;74981;SCOTCHBOND UNIVERSAL;Solventum (3M);RESTAURACIÓN;100 L-Pop;Kit dispensadoras ácido +;131.63;131,63 €;68
671;74982;SCOTCHBOND UNIVERSAL;Solventum (3M);RESTAURACIÓN;200 L-Pop;Kit dispensadoras ácido +;355.36;355,36 €;68
672;2505;ADPER SCOTCHBOND MULTI-ADHESIÓN;Solventum (3M);RESTAURACIÓN;Adhesivo - 7543;Reposición 8 ml.;208.22;208,22 €;69
673;2506;ADPER SCOTCHBOND MULTI-ADHESIÓN;Solventum (3M);RESTAURACIÓN;Primer - 7542;Reposición 8 ml.;208.22;208,22 €;69
674;25091;PUNTAS DISPENSADORAS DE ÁCIDO;Solventum (3M);RESTAURACIÓN;;25 puntas de dispensado. del sistema que se empleen. El tiempo de;20.16;20,16 €;69
675;3042;PUNTAS DISPENSADORAS DE ÁCIDO;Solventum (3M);RESTAURACIÓN;A2;20 compules de 0,25;120.24;120,24 €;69
676;3043;PUNTAS DISPENSADORAS DE ÁCIDO;Solventum (3M);RESTAURACIÓN;A3;20 compules de 0,25;120.24;120,24 €;69
677;3044;PUNTAS DISPENSADORAS DE ÁCIDO;Solventum (3M);RESTAURACIÓN;A3.5;20 compules de 0,25;120.24;120,24 €;69
678;3045;SPECTRUM TPH3;Dentsply;RESTAURACIÓN;A4;10 compules de 0,25;104.29;104,29 €;69
679;3046;SPECTRUM TPH3;Dentsply;RESTAURACIÓN;B1;;120.24;120,24 €;69
680;3047;SPECTRUM TPH3;Dentsply;RESTAURACIÓN;B2;;120.24;120,24 €;69
681;3048;SPECTRUM TPH3;Dentsply;RESTAURACIÓN;B3;Jeringa de 4,5 gr.;120.24;120,24 €;69
682;3049;SPECTRUM TPH3;Dentsply;RESTAURACIÓN;C2;Jeringa de 4,5 gr.;120.24;120,24 €;69
683;3050;SPECTRUM TPH3;Dentsply;RESTAURACIÓN;C3;Jeringa de 4,5 gr.;120.24;120,24 €;69
684;3052;SPECTRUM TPH3;Dentsply;RESTAURACIÓN;OA2 Opaco;10 compules de 0,25;104.29;104,29 €;69
685;3053;SPECTRUM TPH3;Dentsply;RESTAURACIÓN;OA3.5 Opaco;10 compules de 0,25;104.29;104,29 €;69
686;3056;PUNTAS DISPENSADORAS DE ÁCIDO;Solventum (3M);RESTAURACIÓN;A1;20 compules de 0,25;120.24;120,24 €;69
687;3084;SPECTRUM TPH3;Dentsply;RESTAURACIÓN;A2;Jeringa de 4,5 gr.;104.29;104,29 €;69
688;3085;SPECTRUM TPH3;Dentsply;RESTAURACIÓN;A3;Jeringa de 4,5 gr.;104.29;104,29 €;69
689;3086;SPECTRUM TPH3;Dentsply;RESTAURACIÓN;A3.5;Jeringa de 4,5 gr.;104.29;104,29 €;69
690;3088;SPECTRUM TPH3;Dentsply;RESTAURACIÓN;B1;Jeringa de 4,5 gr.;104.29;104,29 €;69
691;3089;SPECTRUM TPH3;Dentsply;RESTAURACIÓN;B2;Jeringa de 4,5 gr.;104.29;104,29 €;69
692;3093;SPECTRUM TPH3;Dentsply;RESTAURACIÓN;OA-3.5 Opaco;Jeringa de 4,5 gr.;104.29;104,29 €;69
693;3095;PUNTAS DISPENSADORAS DE ÁCIDO;Solventum (3M);RESTAURACIÓN;;1 ud.;65.03;65,03 €;69
694;39989;ADPER SCOTCHBOND MULTI-ADHESIÓN;Solventum (3M);RESTAURACIÓN;Kit;Reposición 8 ml.;371.91;371,91 €;69
695;72800;CERAM.X SPECTRA ST;Dentsply;RESTAURACIÓN;Intro kit compules;24 compules de 0,25 A4 y BW) + 1 pistola aplicadora + accesorios.;151.16;151,16 €;70
696;72801;CERAM.X SPECTRA ST;Dentsply;RESTAURACIÓN;A1, B1, C1;16 compules de 0,25;97.71;97,71 €;70
697;72802;CERAM.X SPECTRA ST;Dentsply;RESTAURACIÓN;A2, B2, D2;16 compules de 0,25;97.71;97,71 €;70
698;72803;CERAM.X SPECTRA ST;Dentsply;RESTAURACIÓN;A3, C2, D3, D4;16 compules de 0,25;97.71;97,71 €;70
699;72804;CERAM.X SPECTRA ST;Dentsply;RESTAURACIÓN;A3,5, B3, B4, C3;16 compules de 0,25;97.71;97,71 €;70
700;72805;CERAM.X SPECTRA ST;Dentsply;RESTAURACIÓN;A4, C4;16 compules de 0,25;97.71;97,71 €;70
701;72806;CERAM.X SPECTRA ST;Dentsply;RESTAURACIÓN;BW;16 compules de 0,25;97.71;97,71 €;70
702;72807;CERAM.X SPECTRA ST;Dentsply;RESTAURACIÓN;A2, B2, D2 52;52 compules de 0,25;288.59;288,59 €;70
703;72808;CERAM.X SPECTRA ST;Dentsply;RESTAURACIÓN;A3, C2, D3, D4;52 compules de 0,25;288.59;288,59 €;70
704;72809;CERAM.X SPECTRA ST;Dentsply;RESTAURACIÓN;Intro kit jeringas;5 jeringas de 3 gr. (A1, + 1 bote x 2,5 ml. Prime&Bond Active;330.02;330,02 €;70
705;72810;CERAM.X SPECTRA ST;Dentsply;RESTAURACIÓN;A1, B1, C1;1 jeringa de 3 gr.;73.28;73,28 €;70
706;72811;CERAM.X SPECTRA ST;Dentsply;RESTAURACIÓN;A2, B2, D2;1 jeringa de 3 gr.;73.28;73,28 €;70
707;72812;CERAM.X SPECTRA ST;Dentsply;RESTAURACIÓN;A3, C2, D3, D4;1 jeringa de 3 gr.;73.28;73,28 €;70
708;72813;CERAM.X SPECTRA ST;Dentsply;RESTAURACIÓN;A3,5, B3, B4, C3;1 jeringa de 3 gr.;73.28;73,28 €;70
709;72814;CERAM.X SPECTRA ST;Dentsply;RESTAURACIÓN;A4;1 jeringa de 3 gr.;73.28;73,28 €;70
710;72821;CERAM.X SPECTRA ST;Dentsply;RESTAURACIÓN;A1;16 compules de 0,25 gr.;97.71;97,71 €;70
711;72822;CERAM.X SPECTRA ST;Dentsply;RESTAURACIÓN;A2;16 compules de 0,25 gr.;97.71;97,71 €;70
712;72823;CERAM.X SPECTRA ST;Dentsply;RESTAURACIÓN;A3;16 compules de 0,25 gr.;97.71;97,71 €;70
713;72824;CERAM.X SPECTRA ST;Dentsply;RESTAURACIÓN;A3.5;16 compules de 0,25 gr.;97.71;97,71 €;70
714;72825;CERAM.X SPECTRA ST;Dentsply;RESTAURACIÓN;;16 compules de 0,25 gr.;97.71;97,71 €;70
715;72826;CERAM.X SPECTRA ST;Dentsply;RESTAURACIÓN;;16 compules de 0,25 gr.;97.71;97,71 €;70
716;72827;CERAM.X SPECTRA ST;Dentsply;RESTAURACIÓN;A2;52 compules de 0,25 gr. A2, A3, A3,5, A4);288.59;288,59 €;70
717;72828;CERAM.X SPECTRA ST;Dentsply;RESTAURACIÓN;A3;52 compules de 0,25 gr. A2, A3, A3,5, A4);288.59;288,59 €;70
718;72830;CERAM.X SPECTRA ST;Dentsply;RESTAURACIÓN;A1;1 jeringa de 3 gr.;73.28;73,28 €;70
719;72831;CERAM.X SPECTRA ST;Dentsply;RESTAURACIÓN;A2;1 jeringa de 3 gr.;73.28;73,28 €;70
720;72832;CERAM.X SPECTRA ST;Dentsply;RESTAURACIÓN;A3;1 jeringa de 3 gr.;73.28;73,28 €;70
721;72833;CERAM.X SPECTRA ST;Dentsply;RESTAURACIÓN;A3.5;1 jeringa de 3 gr.;73.28;73,28 €;70
722;72834;CERAM.X SPECTRA ST;Dentsply;RESTAURACIÓN;A4;1 jeringa de 3 gr.;73.28;73,28 €;70
723;72835;CERAM.X SPECTRA ST EFFECTS;;RESTAURACIÓN;Intro kit;24 compules (12 uds. guía técnica ilustrada, i-shade.;151.16;151,16 €;71
724;72836;CERAM.X SPECTRA ST EFFECTS;;RESTAURACIÓN;D1;6 compules x 0,25;97.71;97,71 €;71
725;72837;CERAM.X SPECTRA ST EFFECTS;;RESTAURACIÓN;D3;6 compules x 0,25;97.71;97,71 €;71
726;72838;CERAM.X SPECTRA ST EFFECTS;;RESTAURACIÓN;E1;6 compules x 0,25;97.71;97,71 €;71
727;72839;CERAM.X SPECTRA ST EFFECTS;;RESTAURACIÓN;D1;1 jeringa x 3 gramos;73.28;73,28 €;71
728;72840;CERAM.X SPECTRA ST EFFECTS;;RESTAURACIÓN;D3;1 jeringa x 3 gramos;73.28;73,28 €;71
729;72841;CERAM.X SPECTRA ST EFFECTS;;RESTAURACIÓN;E1;1 jeringa x 3 gramos;73.28;73,28 €;71
730;72842;CERAM.X SPECTRA ST EFFECTS;;RESTAURACIÓN;Intro kit compules;24 compules (12 uds. guía técnica ilustrada, i-shade.;0.25;0,25 €;71
731;72843;CERAM.X SPECTRA ST FLOW;;RESTAURACIÓN;A1;16 compules x 0,25;97.71;97,71 €;71
732;72844;CERAM.X SPECTRA ST FLOW;;RESTAURACIÓN;A2;16 compules x 0,25;97.71;97,71 €;71
733;72845;CERAM.X SPECTRA ST FLOW;;RESTAURACIÓN;A3;16 compules x 0,25;97.71;97,71 €;71
734;72846;CERAM.X SPECTRA ST FLOW;;RESTAURACIÓN;A3.5;16 compules x 0,25;97.71;97,71 €;71
735;72847;CERAM.X SPECTRA ST FLOW;;RESTAURACIÓN;A4;16 compules x 0,25;73.28;73,28 €;71
736;72848;CERAM.X SPECTRA ST FLOW;;RESTAURACIÓN;BW;16 compules x 0,25;73.28;73,28 €;71
737;72850;CERAM.X SPECTRA ST FLOW;;RESTAURACIÓN;D3;16 compules x 0,25;73.28;73,28 €;71
738;72852;CERAM.X SPECTRA ST EFFECTS;;RESTAURACIÓN;Intro kit jeringas;24 compules (12 uds. guía técnica ilustrada, i-shade.;151.16;151,16 €;71
739;72853;CERAM.X SPECTRA ST FLOW JERINGAS;;RESTAURACIÓN;A1;2 jeringas x 1,8 gr.;87.97;87,97 €;71
740;72854;CERAM.X SPECTRA ST FLOW JERINGAS;;RESTAURACIÓN;A2;2 jeringas x 1,8 gr.;87.97;87,97 €;71
741;72855;CERAM.X SPECTRA ST FLOW JERINGAS;;RESTAURACIÓN;A3;2 jeringas x 1,8 gr.;87.97;87,97 €;71
742;72856;CERAM.X SPECTRA ST FLOW JERINGAS;;RESTAURACIÓN;A3.5;2 jeringas x 1,8 gr.;97.71;97,71 €;71
743;72857;CERAM.X SPECTRA ST FLOW JERINGAS;;RESTAURACIÓN;A4;2 jeringas x 1,8 gr.;97.71;97,71 €;71
744;72860;CERAM.X SPECTRA ST FLOW JERINGAS;;RESTAURACIÓN;D3;2 jeringas x 1,8 gr.;97.71;97,71 €;71
745;72861;CERAM.X SPECTRA ST FLOW JERINGAS;;RESTAURACIÓN;E1;2 jeringas x 1,8 gr.;97.71;97,71 €;71
746;72862;CERAM.X SPECTRA ST FLOW JERINGAS;;RESTAURACIÓN;Puntas;50 uds.;97.71;97,71 €;71
747;72776;CERAM.X DUO;Dentsply;RESTAURACIÓN;Dentina D1 (A1,B1);16 cápsulas de 0,25 gr.;100.67;100,67 €;72
748;72777;CERAM.X DUO;Dentsply;RESTAURACIÓN;Dentina D2 (A2,B2,C1,D2);16 cápsulas de 0,25 gr.;100.67;100,67 €;72
749;72778;CERAM.X DUO;Dentsply;RESTAURACIÓN;Dentina D3 (A3,A3.5,B3-4,C2-3,D3-4);16 cápsulas de 0,25 gr.;100.67;100,67 €;72
750;72779;CERAM.X DUO;Dentsply;RESTAURACIÓN;Dentina D4 (A4,C4);16 cápsulas de 0,25 gr.;100.67;100,67 €;72
751;72780;CERAM.X DUO;Dentsply;RESTAURACIÓN;Dentina Bleach (Dientes blancos);16 cápsulas de 0,25 gr.;100.67;100,67 €;72
752;72781;CERAM.X DUO;Dentsply;RESTAURACIÓN;Esmalte E1 (B1-2,C2,D4);16 cápsulas de 0,25 gr.;100.67;100,67 €;72
753;72782;CERAM.X DUO;Dentsply;RESTAURACIÓN;Esmalte E2 (A1-3,C1,C3-4,D2-3);16 cápsulas de 0,25 gr.;100.67;100,67 €;72
754;72783;CERAM.X DUO;Dentsply;RESTAURACIÓN;Esmalte E3 (A2-3,A3.5,A4,B3-4);16 cápsulas de 0,25 gr.;100.67;100,67 €;72
755;72786;CERAM.X DUO;Dentsply;RESTAURACIÓN;Dentina D2 (A2,B2,C1,D2);Jeringa de 3 gr.;75.53;75,53 €;72
756;72787;CERAM.X DUO;Dentsply;RESTAURACIÓN;Dentina D3 (A3,A3.5,B3-4,C2-3,D3-4);Jeringa de 3 gr.;75.53;75,53 €;72
757;72789;CERAM.X DUO;Dentsply;RESTAURACIÓN;Dentina Bleach (Dientes blancos);Jeringa de 3 gr.;75.53;75,53 €;72
758;72790;CERAM.X DUO;Dentsply;RESTAURACIÓN;Esmalte E1 (B1-2,C2,D4);Jeringa de 3 gr.;75.53;75,53 €;72
759;72791;CERAM.X DUO;Dentsply;RESTAURACIÓN;Esmalte E2 (A1-3,C1,C3-4,D2-3);Jeringa de 3 gr.;75.53;75,53 €;72
760;72792;CERAM.X DUO;Dentsply;RESTAURACIÓN;Esmalte E3 (A2-3,A3.5,A4,B3-4);Jeringa de 3 gr.;75.53;75,53 €;72
761;3033;QUIXFIL;Dentsply;RESTAURACIÓN;Reposición 20 compules;Compules de 0,28 gr.;127.15;127,15 €;73
762;3034;QUIXFIL;Dentsply;RESTAURACIÓN;Reposición 100 compules;Compules de 0,28 gr.;603.86;603,86 €;73
763;7203;ESTHET-X HD COMPULES;Dentsply;RESTAURACIÓN;A1;20 compules x 0,25;190.77;190,77 €;73
764;7204;ESTHET-X HD COMPULES;Dentsply;RESTAURACIÓN;A2;20 compules x 0,25;190.77;190,77 €;73
765;7205;ESTHET-X HD COMPULES;Dentsply;RESTAURACIÓN;A3;20 compules x 0,25;190.77;190,77 €;73
766;7206;ESTHET-X HD COMPULES;Dentsply;RESTAURACIÓN;A3.5;20 compules x 0,25;190.77;190,77 €;73
767;7207;ESTHET-X HD COMPULES;Dentsply;RESTAURACIÓN;A4;10 compules x 0,25;96.34;96,34 €;73
768;7208;ESTHET-X HD COMPULES;Dentsply;RESTAURACIÓN;B1;20 compules x 0,25;190.77;190,77 €;73
769;7209;ESTHET-X HD COMPULES;Dentsply;RESTAURACIÓN;B2;20 compules x 0,25;190.77;190,77 €;73
770;7210;ESTHET-X HD COMPULES;Dentsply;RESTAURACIÓN;B3;10 compules x 0,25;96.34;96,34 €;73
771;7211;ESTHET-X HD COMPULES;Dentsply;RESTAURACIÓN;B5/DY;10 compules x 0,25;96.34;96,34 €;73
772;7212;ESTHET-X HD COMPULES;Dentsply;RESTAURACIÓN;C1;10 compules x 0,25;96.34;96,34 €;73
773;7213;ESTHET-X HD COMPULES;Dentsply;RESTAURACIÓN;C2;20 compules x 0,25;190.77;190,77 €;73
774;7214;ESTHET-X HD COMPULES;Dentsply;RESTAURACIÓN;C3;;96.34;96,34 €;73
775;7215;ESTHET-X HD COMPULES;Dentsply;RESTAURACIÓN;C4;;96.34;96,34 €;73
776;7216;ESTHET-X HD COMPULES;Dentsply;RESTAURACIÓN;C5/XGB;20 compules x 0,25;0.25;0,25 €;73
777;7217;ESTHET-X HD COMPULES;Dentsply;RESTAURACIÓN;D2;20 compules x 0,25;96.34;96,34 €;73
778;7218;ESTHET-X HD COMPULES;Dentsply;RESTAURACIÓN;D3;20 compules x 0,25;96.34;96,34 €;73
779;7220;ESTHET-X HD COMPULES;Dentsply;RESTAURACIÓN;White;20 compules x 0,25;190.77;190,77 €;73
780;7221;ESTHET-X HD COMPULES;Dentsply;RESTAURACIÓN;XL;20 compules x 0,25;96.34;96,34 €;73
781;7222;ESTHET-X HD COMPULES;Dentsply;RESTAURACIÓN;W0;20 compules x 0,25;96.34;96,34 €;73
782;7223;ESTHET-X HD COMPULES;Dentsply;RESTAURACIÓN;A2 Opaco;20 compules x 0,25;96.34;96,34 €;73
783;7224;ESTHET-X HD COMPULES;Dentsply;RESTAURACIÓN;A4 Opaco;20 compules x 0,25;96.34;96,34 €;73
784;7225;ESTHET-X HD COMPULES;Dentsply;RESTAURACIÓN;B2 Opaco;20 compules x 0,25;96.34;96,34 €;73
785;7226;ESTHET-X HD COMPULES;Dentsply;RESTAURACIÓN;C1 Opaco;20 compules x 0,25;96.34;96,34 €;73
786;7227;ESTHET-X HD COMPULES;Dentsply;RESTAURACIÓN;C4 Opaco;20 compules x 0,25;96.34;96,34 €;73
787;7228;ESTHET-X HD COMPULES;Dentsply;RESTAURACIÓN;D3 Opaco;10 compules x 0,25;96.34;96,34 €;73
788;7229;ESTHET-X HD COMPULES;Dentsply;RESTAURACIÓN;;10 compules x 0,25;96.34;96,34 €;73
789;7230;ESTHET-X HD COMPULES;Dentsply;RESTAURACIÓN;White Enamel;10 compules x 0,25;96.34;96,34 €;73
790;7231;ESTHET-X HD COMPULES;Dentsply;RESTAURACIÓN;Yellow Enamel;10 compules x 0,25;96.34;96,34 €;73
791;7232;ESTHET-X HD COMPULES;Dentsply;RESTAURACIÓN;Amber Enamel;10 compules x 0,25;96.34;96,34 €;73
792;7233;ESTHET-X HD COMPULES;Dentsply;RESTAURACIÓN;Grey Enamel;10 compules x 0,25;96.34;96,34 €;73
793;2763;SUREFIL EASY TWIST;Dentsply;RESTAURACIÓN;A;Jeringa 3 gr.;92.6;92,60 €;74
794;2764;SUREFIL EASY TWIST;Dentsply;RESTAURACIÓN;B;Jeringa 3 gr.;92.6;92,60 €;74
795;2765;SUREFIL EASY TWIST;Dentsply;RESTAURACIÓN;C;Jeringa 3 gr.;92.6;92,60 €;74
796;73001;SDR FLOW +;Dentsply;RESTAURACIÓN;Kit Intro Prime & Bond;45 compules x 0,25 gr, + 1 adhesivo Prime&Bond Active + dispensador compules y un clixdish.;325.68;325,68 €;74
797;73002;SDR FLOW +;Dentsply;RESTAURACIÓN;Universal;15 compules x 0,25 gr.;95.4;95,40 €;74
798;73003;SDR FLOW +;Dentsply;RESTAURACIÓN;A1;15 compules x 0,25 gr.;95.4;95,40 €;74
799;73004;SDR FLOW +;Dentsply;RESTAURACIÓN;A2;15 compules x 0,25 gr.;95.4;95,40 €;74
800;73005;SDR FLOW +;Dentsply;RESTAURACIÓN;A3;15 compules x 0,25 gr.;95.4;95,40 €;74
801;73006;SDR FLOW +;Dentsply;RESTAURACIÓN;Eco universal;50 compules x 0,25 gr.;281.47;281,47 €;74
802;73007;SDR FLOW +;Dentsply;RESTAURACIÓN;Universal;2 jeringa x 1 gr.;50.87;50,87 €;74
803;73008;SDR FLOW +;Dentsply;RESTAURACIÓN;Eco universal;10 jeringas x 1 gr.;227.79;227,79 €;74
804;73009;SDR FLOW +;Dentsply;RESTAURACIÓN;Universal;60 puntas aplicadoras jeringa;32.58;32,58 €;74
805;3062;PRIME & BOND NT REPOSICIÓN;Dentsply;RESTAURACIÓN;;2 frascos x 4,5 ml.;279.82;279,82 €;76
806;30624;PRIME&BOND;;RESTAURACIÓN;;;132.89;132,89 €;76
807;30625;Adhesivos universales;;RESTAURACIÓN;;;132.89;132,89 €;76
808;30626;PRIME&BOND;;RESTAURACIÓN;;;132.89;132,89 €;76
809;30627;PRIME&BOND;;RESTAURACIÓN;;;79.72;79,72 €;76
810;30628;PRIME&BOND;;RESTAURACIÓN;30624;;132.89;132,89 €;76
811;30629;PRIME&BOND;;RESTAURACIÓN;;;132.89;132,89 €;76
812;2798;CONDITIONER;Dentsply;RESTAURACIÓN;;2;149.36;149,36 €;77
813;3059;SELF CURE ACTIVADOR;Dentsply;RESTAURACIÓN;;Frasco de 4,5 ml. Para y/o XP Bond.;149.36;149,36 €;77
814;3074;PRIME & BOND QUICK MONODOSIS;Dentsply;RESTAURACIÓN;;80 monodosis.;309.67;309,67 €;77
815;3590;PRIME & BOND XP;Dentsply;RESTAURACIÓN;5 ml.;;201.77;201,77 €;77
816;35903;PRIME & BOND XP;Dentsply;RESTAURACIÓN;3 x 5 ml.;;575.08;575,08 €;77
817;3021;DYRACT EXTRA;Dentsply;RESTAURACIÓN;;;132.14;132,14 €;78
818;3022;DYRACT EXTRA;Dentsply;RESTAURACIÓN;;;132.14;132,14 €;78
819;30235;DYRACT EXTRA;Dentsply;RESTAURACIÓN;;;132.14;132,14 €;78
820;3024;DYRACT EXTRA;Dentsply;RESTAURACIÓN;;;132.14;132,14 €;78
821;30270;DYRACT EXTRA;Dentsply;RESTAURACIÓN;;;132.14;132,14 €;78
822;48849;GRANDIO SO JERINGA;Voco;RESTAURACIÓN;A2 Opaco;Jer inga de 4 gr.;99.2;99,20 €;78
823;48856;GRANDIO SO JERINGA;Voco;RESTAURACIÓN;A3.5;Jer inga de 4 gr.;99.2;99,20 €;78
824;48857;GRANDIO SO JERINGA;Voco;RESTAURACIÓN;VC A3,25;Jer inga de 4 gr.;99.2;99,20 €;78
825;48858;GRANDIO SO JERINGA;Voco;RESTAURACIÓN;A3;Jer inga de 4 gr.;99.2;99,20 €;78
826;48859;GRANDIO SO JERINGA;Voco;RESTAURACIÓN;A4;Jer inga de 4 gr.;99.2;99,20 €;78
827;49045;GRANDIO SO JERINGA;Voco;RESTAURACIÓN;A5;Jer inga de 4 gr.;99.2;99,20 €;78
828;49051;GRANDIO SO JERINGA;Voco;RESTAURACIÓN;A2;Jer inga de 4 gr.;99.2;99,20 €;78
829;49065;GRANDIO SO JERINGA;Voco;RESTAURACIÓN;B2;Jer inga de 4 gr.;99.2;99,20 €;78
830;49066;GRANDIO SO JERINGA;Voco;RESTAURACIÓN;A1;Jer inga de 4 gr.;99.2;99,20 €;78
831;49067;GRANDIO SO JERINGA;Voco;RESTAURACIÓN;B3;Jer inga de 4 gr.;99.2;99,20 €;78
832;49068;GRANDIO SO JERINGA;Voco;RESTAURACIÓN;C2;Jer inga de 4 gr.;99.2;99,20 €;78
833;49076;GRANDIO SO JERINGA;Voco;RESTAURACIÓN;OA3.5;Jer inga de 4 gr.;99.2;99,20 €;78
834;7251;DYRACT EXTRA;Dentsply;RESTAURACIÓN;A2;20 compules de 0,25 gr.;129.79;129,79 €;78
835;7252;DYRACT EXTRA;Dentsply;RESTAURACIÓN;A3;20 compules de 0,25 gr.;129.79;129,79 €;78
836;7253;DYRACT EXTRA;Dentsply;RESTAURACIÓN;A3.5;20 compules de 0,25 gr.;129.79;129,79 €;78
837;7254;DYRACT EXTRA;Dentsply;RESTAURACIÓN;A4;20 compules de 0,25 gr.;129.79;129,79 €;78
838;7255;DYRACT EXTRA;Dentsply;RESTAURACIÓN;B1;20 compules de 0,25 gr.;129.79;129,79 €;78
839;7256;DYRACT EXTRA;Dentsply;RESTAURACIÓN;B3;20 compules de 0,25 gr.;129.79;129,79 €;78
840;7257;DYRACT EXTRA;Dentsply;RESTAURACIÓN;C2;20 compules de 0,25 gr.;129.79;129,79 €;78
841;7258;DYRACT EXTRA;Dentsply;RESTAURACIÓN;C3;20 compules de 0,25 gr.;129.79;129,79 €;78
842;7259;DYRACT EXTRA;Dentsply;RESTAURACIÓN;Opaco A2;20 compules de 0,25 gr.;129.79;129,79 €;78
843;72590;DYRACT EXTRA;Dentsply;RESTAURACIÓN;Opaco A3;20 compules de 0,25 gr.;129.79;129,79 €;78
844;100567;GRANDIO;Voco;RESTAURACIÓN;Kit de prueba cápsulas;10 cápsulas de 0,3 (2u. xA1, A2, A3, A3.5, + 10u. x Futurabond + accesorios;73.7;73,70 €;79
845;100568;KITS GRANDIO SO UNLIMITED;;RESTAURACIÓN;Kit jeringas;Kit 5 jeringas de 4,5 (1u. xA1, A2, A3, A3.5,;396.3;396,30 €;79
846;100569;GRANDIO;Voco;RESTAURACIÓN;;Kit 75 cápsulas de (15u. xA1, A2, A3, A3.5,;99.2;99,20 €;79
847;100570;GRANDIO;Voco;RESTAURACIÓN;;Kit 75 cápsulas de (15u. xA1, A2, A3, A3.5,;99.2;99,20 €;79
848;100571;GRANDIO;Voco;RESTAURACIÓN;;10 cápsulas de 0,3 (2u. xA1, A2, A3, A3.5, + 10u. x Futurabond + accesorios;99.2;99,20 €;79
849;100572;GRANDIO;Voco;RESTAURACIÓN;;10 cápsulas de 0,3 (2u. xA1, A2, A3, A3.5, + 10u. x Futurabond + accesorios;99.2;99,20 €;79
850;100573;GRANDIO;Voco;RESTAURACIÓN;;10 cápsulas de 0,3 (2u. xA1, A2, A3, A3.5, + 10u. x Futurabond + accesorios;99.2;99,20 €;79
851;100574;GRANDIO;Voco;RESTAURACIÓN;;10 cápsulas de 0,3 (2u. xA1, A2, A3, A3.5, + 10u. x Futurabond + accesorios;99.2;99,20 €;79
852;100575;GRANDIO;Voco;RESTAURACIÓN;;10 cápsulas de 0,3 (2u. xA1, A2, A3, A3.5, + 10u. x Futurabond + accesorios;99.2;99,20 €;79
853;100576;GRANDIO;Voco;RESTAURACIÓN;Kit cápsulas;Kit 75 cápsulas de (15u. xA1, A2, A3, A3.5,;396.3;396,30 €;79
854;100577;GRANDIO;Voco;RESTAURACIÓN;;Kit 75 cápsulas de (15u. xA1, A2, A3, A3.5,;99.2;99,20 €;79
855;100578;GRANDIO;Voco;RESTAURACIÓN;;Kit 75 cápsulas de (15u. xA1, A2, A3, A3.5,;99.2;99,20 €;79
856;100579;GRANDIO;Voco;RESTAURACIÓN;;10 cápsulas de 0,3 (2u. xA1, A2, A3, A3.5, + 10u. x Futurabond + accesorios;99.2;99,20 €;79
857;100580;GRANDIO;Voco;RESTAURACIÓN;;10 cápsulas de 0,3 (2u. xA1, A2, A3, A3.5, + 10u. x Futurabond + accesorios;99.2;99,20 €;79
858;100581;GRANDIO;Voco;RESTAURACIÓN;;10 cápsulas de 0,3 (2u. xA1, A2, A3, A3.5, + 10u. x Futurabond + accesorios;99.2;99,20 €;79
859;100582;GRANDIO;Voco;RESTAURACIÓN;;10 cápsulas de 0,3 (2u. xA1, A2, A3, A3.5, + 10u. x Futurabond + accesorios;99.2;99,20 €;79
860;100583;GRANDIO;Voco;RESTAURACIÓN;;10 cápsulas de 0,3 (2u. xA1, A2, A3, A3.5, + 10u. x Futurabond + accesorios;99.2;99,20 €;79
861;48505;GRANDIO SO CÁPSULAS;Voco;RESTAURACIÓN;B2;16 Cápsulas De 0,25;99.2;99,20 €;79
862;48850;GRANDIO;Voco;RESTAURACIÓN;A3;;0.25;0,25 €;79
863;48851;GRANDIO;Voco;RESTAURACIÓN;Set;;181.8;181,80 €;79
864;48854;GRANDIO;Voco;RESTAURACIÓN;A3.5;;99.2;99,20 €;79
865;48855;GRANDIO;Voco;RESTAURACIÓN;VC;;99.2;99,20 €;79
866;48863;GRANDIO;Voco;RESTAURACIÓN;BL;;99.2;99,20 €;79
867;49001;GRANDIO SO CÁPSULAS;Voco;RESTAURACIÓN;A2;2 jeringas de 2 gr.;86.1;86,10 €;79
868;49002;GRANDIO SO CÁPSULAS;Voco;RESTAURACIÓN;A3;2 jeringas de 2 gr.;86.1;86,10 €;79
869;49003;GRANDIO SO CÁPSULAS;Voco;RESTAURACIÓN;A3.5;2 jeringas de 2 gr.;86.1;86,10 €;79
870;49004;GRANDIO SO CÁPSULAS;Voco;RESTAURACIÓN;Set jeringa;5 jeringas de 2 gr.;86.1;86,10 €;79
871;49044;GRANDIO SO CÁPSULAS;Voco;RESTAURACIÓN;D3;16 Cápsulas De 0,25;99.2;99,20 €;79
872;49046;GRANDIO SO CÁPSULAS;Voco;RESTAURACIÓN;A3.5;16 Cápsulas De 0,25;99.2;99,20 €;79
873;49047;GRANDIO;Voco;RESTAURACIÓN;A2;;86.1;86,10 €;79
874;49048;GRANDIO SO CÁPSULAS;Voco;RESTAURACIÓN;C2;16 Cápsulas De 0,25;99.2;99,20 €;79
875;49049;GRANDIO SO CÁPSULAS;Voco;RESTAURACIÓN;A2 Opaco;16 Cápsulas De 0,25;99.2;99,20 €;79
876;49055;GRANDIO;Voco;RESTAURACIÓN;A4;;99.2;99,20 €;79
877;49056;GRANDIO;Voco;RESTAURACIÓN;WO;;99.2;99,20 €;79
878;49057;GRANDIO;Voco;RESTAURACIÓN;OA2;;99.2;99,20 €;79
879;49059;GRANDIO SO CÁPSULAS;Voco;RESTAURACIÓN;A1;16 Cápsulas De 0,25;99.2;99,20 €;79
880;49060;GRANDIO SO CÁPSULAS;Voco;RESTAURACIÓN;A2;16 Cápsulas De 0,25;99.2;99,20 €;79
881;49061;GRANDIO SO CÁPSULAS;Voco;RESTAURACIÓN;A3;16 Cápsulas De 0,25;99.2;99,20 €;79
882;49062;GRANDIO SO CÁPSULAS;Voco;RESTAURACIÓN;A3.25;16 Cápsulas De 0,25;99.2;99,20 €;79
883;49063;GRANDIO SO CÁPSULAS;Voco;RESTAURACIÓN;A4;16 Cápsulas De 0,25;99.2;99,20 €;79
884;49064;GRANDIO SO CÁPSULAS;Voco;RESTAURACIÓN;A5;16 Cápsulas De 0,25;99.2;99,20 €;79
885;97229;GRANDIO;Voco;RESTAURACIÓN;A1;;86.1;86,10 €;79
886;97550;GRANDIO SO CÁPSULAS;Voco;RESTAURACIÓN;A3.5 Opaco;16 Cápsulas De 0,25;99.2;99,20 €;79
887;48524;GRANDIO SO INLAY SYSTEM SILICONA;Voco;RESTAURACIÓN;;2 cartuchos de 50 ml + accesorios.;70.6;70,60 €;80
888;48525;GRANDIO SO FLOW CÁPSULAS;Voco;RESTAURACIÓN;A2;16 cápsulas x 0,25 gr.;86.1;86,10 €;80
889;48526;GRANDIO SO FLOW CÁPSULAS;Voco;RESTAURACIÓN;A3;16 cápsulas x 0,25 gr.;86.1;86,10 €;80
890;48527;GRANDIO SO FLOW CÁPSULAS;Voco;RESTAURACIÓN;A3.5;16 cápsulas x 0,25 gr.;86.1;86,10 €;80
891;48528;GRANDIO SO FLOW CÁPSULAS;Voco;RESTAURACIÓN;High Flow A2;16 cápsulas x 0,25 gr.;86.1;86,10 €;80
892;58502;GRANDIO SO LIGHT FLOW;Voco;RESTAURACIÓN;A1;2 jeringas de 2 gr.;86.1;86,10 €;80
893;58503;GRANDIO SO LIGHT FLOW;Voco;RESTAURACIÓN;A2;2 jeringas de 2 gr.;86.1;86,10 €;80
894;58504;GRANDIO SO LIGHT FLOW;Voco;RESTAURACIÓN;A3;2 jeringas de 2 gr.;86.1;86,10 €;80
895;58505;GRANDIO SO LIGHT FLOW;Voco;RESTAURACIÓN;A3.5;2 jeringas de 2 gr.;86.1;86,10 €;80
896;58507;GRANDIO SO X-TRA;Voco;RESTAURACIÓN;16 cápsulas color universal;Cápsulas de 0,25 gr.;94.6;94,60 €;80
897;35501;GRANDIO JERINGAS;Voco;RESTAURACIÓN;B2;;95.7;95,70 €;81
898;48504;GRANDIO JERINGAS;Voco;RESTAURACIÓN;OA3.5;5 jeringas x 4g. (A1, + colorímetro.;408.1;408,10 €;81
899;4880;GRANDIO JERINGAS;Voco;RESTAURACIÓN;;5 jeringas x 4g. (A1, + colorímetro.;408.1;408,10 €;81
900;4884;GRANDIO FLOW;Voco;RESTAURACIÓN;A3;2 jeringas de 2 gr.;90.1;90,10 €;81
901;4885;GRANDIO FLOW;Voco;RESTAURACIÓN;A2;Jeringa de 4 gr.;95.7;95,70 €;81
902;4886;GRANDIO FLOW;Voco;RESTAURACIÓN;A3;Jeringa de 4 gr.;95.7;95,70 €;81
903;4887;GRANDIO FLOW;Voco;RESTAURACIÓN;A3.5;Jeringa de 4 gr.;95.7;95,70 €;81
904;48871;GRANDIO JERINGAS;Voco;RESTAURACIÓN;C2;5 jeringas x 4g. (A1, + colorímetro.;95.7;95,70 €;81
905;4888;GRANDIO CÁPSULAS;Voco;RESTAURACIÓN;A2 Opaco;Jeringa de 4 gr.;95.7;95,70 €;81
906;4889;GRANDIO CÁPSULAS;Voco;RESTAURACIÓN;A1;Jeringa de 4 gr.;95.7;95,70 €;81
907;4890;GRANDIO CÁPSULAS;Voco;RESTAURACIÓN;A1;20 cápsulas de 0,25;106.8;106,80 €;81
908;4892;GRANDIO CÁPSULAS;Voco;RESTAURACIÓN;A2;20 cápsulas de 0,25;106.8;106,80 €;81
909;4893;GRANDIO CÁPSULAS;Voco;RESTAURACIÓN;A3;20 cápsulas de 0,25;106.8;106,80 €;81
910;4894;GRANDIO CÁPSULAS;Voco;RESTAURACIÓN;A3.5;20 cápsulas de 0,25;106.8;106,80 €;81
911;4895;GRANDIO CÁPSULAS;Voco;RESTAURACIÓN;A2;20 cápsulas de 0,25;106.8;106,80 €;81
912;4896;GRANDIO FLOW;Voco;RESTAURACIÓN;A2;2 jeringas de 2 gr.;90.1;90,10 €;81
913;4899;GRANDIO FLOW;Voco;RESTAURACIÓN;A1;2 jeringas de 2 gr.;90.1;90,10 €;81
914;48995;GRANDIO FLOW;Voco;RESTAURACIÓN;A3.5;2 jeringas de 2 gr.;90.1;90,10 €;81
915;4905;GRANDIO FLOW;Voco;RESTAURACIÓN;A4;Jeringa de 4 gr.;95.7;95,70 €;81
916;55079;GRANDIO JERINGAS;Voco;RESTAURACIÓN;C3;5 jeringas x 4g. (A1, + colorímetro.;95.7;95,70 €;81
917;55092;GRANDIO JERINGAS;Voco;RESTAURACIÓN;B3;;95.7;95,70 €;81
918;56888;GRANDIO FLOW;Voco;RESTAURACIÓN;OA2;2 jeringas de 2 gr.;90.1;90,10 €;81
919;59543;GRANDIO FLOW;Voco;RESTAURACIÓN;B1;2 jeringas de 2 gr.;90.1;90,10 €;81
920;59544;GRANDIO FLOW;Voco;RESTAURACIÓN;C2;2 jeringas de 2 gr.;90.1;90,10 €;81
921;61702;GRANDIO JERINGAS;Voco;RESTAURACIÓN;D2;5 jeringas x 4g. (A1, + colorímetro.;95.7;95,70 €;81
922;61710;GRANDIO CÁPSULAS;Voco;RESTAURACIÓN;A4;20 cápsulas de 0,25;106.8;106,80 €;81
923;61711;GRANDIO CÁPSULAS;Voco;RESTAURACIÓN;B1;20 cápsulas de 0,25;106.8;106,80 €;81
924;61712;GRANDIO CÁPSULAS;Voco;RESTAURACIÓN;B2;20 cápsulas de 0,25;106.8;106,80 €;81
925;61713;GRANDIO CÁPSULAS;Voco;RESTAURACIÓN;C2;20 cápsulas de 0,25;106.8;106,80 €;81
926;61714;GRANDIO CÁPSULAS;Voco;RESTAURACIÓN;C3;20 cápsulas de 0,25;106.8;106,80 €;81
927;61721;GRANDIO CÁPSULAS;Voco;RESTAURACIÓN;B3;20 cápsulas de 0,25;106.8;106,80 €;81
928;75629;GRANDIO CÁPSULAS;Voco;RESTAURACIÓN;A3.5;20 cápsulas de 0,25;106.8;106,80 €;81
929;96808;GRANDIO FLOW;Voco;RESTAURACIÓN;Grandio flow A3;20 cápsulas de 0,25;97.9;97,90 €;81
930;96809;GRANDIO FLOW;Voco;RESTAURACIÓN;Grandi2w A3.5;20 cápsulas de 0,25;97.9;97,90 €;81
931;97621;GRANDIO CÁPSULAS;Voco;RESTAURACIÓN;D2;20 cápsulas de 0,25;106.8;106,80 €;81
932;98645;GRANDIO CÁPSULAS;Voco;RESTAURACIÓN;D3. Dentina;20 cápsulas de 0,25;106.8;106,80 €;81
933;48513;ADMIRA FUSION;Voco;RESTAURACIÓN;;;92.9;92,90 €;82
934;48750;ADMIRA FUSION;Voco;RESTAURACIÓN;;Set + bond 5 jeringas;389.3;389,30 €;82
935;48751;ADMIRA FUSION;Voco;RESTAURACIÓN;A1;1 jeringa;81.1;81,10 €;82
936;48752;ADMIRA FUSION;Voco;RESTAURACIÓN;A2;1 jeringa;81.1;81,10 €;82
937;48753;ADMIRA FUSION;Voco;RESTAURACIÓN;A3;1 jeringa;81.1;81,10 €;82
938;48754;ADMIRA FUSION;Voco;RESTAURACIÓN;A3.5;1 jeringa;81.1;81,10 €;82
939;48755;ADMIRA FUSION;Voco;RESTAURACIÓN;A4;1 jeringa;81.1;81,10 €;82
940;48756;ADMIRA FUSION;Voco;RESTAURACIÓN;B1;;81.1;81,10 €;82
941;48757;ADMIRA FUSION;Voco;RESTAURACIÓN;B2;1 jeringa de 2 3 cápsulas de 0,2 3 cápsulas de 0,2 3 cápsulas de 0,2 3 cápsulas de 0,2;81.1;81,10 €;82
942;48758;ADMIRA FUSION;Voco;RESTAURACIÓN;B3;1 jeringa de 2 3 cápsulas de 0,2 3 cápsulas de 0,2 3 cápsulas de 0,2 3 cápsulas de 0,2;81.1;81,10 €;82
943;48759;ADMIRA FUSION;Voco;RESTAURACIÓN;BL;1 jeringa de 2 3 cápsulas de 0,2 3 cápsulas de 0,2 3 cápsulas de 0,2 3 cápsulas de 0,2;81.1;81,10 €;82
944;48760;Composites universales;;RESTAURACIÓN;C2;1 jeringa;81.1;81,10 €;82
945;48761;Composites universales;;RESTAURACIÓN;D3;1 jeringa;81.1;81,10 €;82
946;48762;Composites universales;;RESTAURACIÓN;GA3.25;1 jeringa;81.1;81,10 €;82
947;48763;ADMIRA FUSION;Voco;RESTAURACIÓN;GA5;1 jeringa;81.1;81,10 €;82
948;48764;ADMIRA FUSION;Voco;RESTAURACIÓN;Incisal;1 jeringa;81.1;81,10 €;82
949;48765;ADMIRA FUSION;Voco;RESTAURACIÓN;OA1;;81.1;81,10 €;82
950;48766;ADMIRA FUSION;Voco;RESTAURACIÓN;OA2;1 jeringa de 2 3 cápsulas de 0,2 3 cápsulas de 0,2 3 cápsulas de 0,2 3 cápsulas de 0,2;81.1;81,10 €;82
951;48767;ADMIRA FUSION;Voco;RESTAURACIÓN;OA3;1 jeringa de 2 3 cápsulas de 0,2 3 cápsulas de 0,2 3 cápsulas de 0,2 3 cápsulas de 0,2;81.1;81,10 €;82
952;48768;ADMIRA FUSION;Voco;RESTAURACIÓN;OA3.5;1 jeringa de 2 3 cápsulas de 0,2 3 cápsulas de 0,2 3 cápsulas de 0,2 3 cápsulas de 0,2;81.1;81,10 €;82
953;48769;ADMIRA FUSION;Voco;RESTAURACIÓN;;Set + bond 75;389.3;389,30 €;82
954;48770;ADMIRA FUSION;Voco;RESTAURACIÓN;A1;15;81.1;81,10 €;82
955;48772;ADMIRA FUSION;Voco;RESTAURACIÓN;A2;15;81.1;81,10 €;82
956;48773;ADMIRA FUSION;Voco;RESTAURACIÓN;A3;15;81.1;81,10 €;82
957;48774;ADMIRA FUSION;Voco;RESTAURACIÓN;A3.5;15;81.1;81,10 €;82
958;48775;ADMIRA FUSION;Voco;RESTAURACIÓN;A4;15;81.1;81,10 €;82
959;48776;ADMIRA FUSION;Voco;RESTAURACIÓN;B1;15;389.3;389,30 €;82
960;48777;ADMIRA FUSION;Voco;RESTAURACIÓN;B2;15;81.1;81,10 €;82
961;48778;ADMIRA FUSION;Voco;RESTAURACIÓN;B3;15;81.1;81,10 €;82
962;48779;ADMIRA FUSION;Voco;RESTAURACIÓN;BL;15;389.3;389,30 €;82
963;48780;ADMIRA FUSION;Voco;RESTAURACIÓN;C2;15;81.1;81,10 €;82
964;48781;ADMIRA FUSION;Voco;RESTAURACIÓN;D3;15;81.1;81,10 €;82
965;48782;ADMIRA FUSION;Voco;RESTAURACIÓN;GA3.25;Set + bond 5 jeringas;81.1;81,10 €;82
966;48783;ADMIRA FUSION;Voco;RESTAURACIÓN;GA5;Set + bond 5 jeringas;81.1;81,10 €;82
967;48784;ADMIRA FUSION;Voco;RESTAURACIÓN;Incisal;Set + bond 5 jeringas;81.1;81,10 €;82
968;48786;ADMIRA FUSION;Voco;RESTAURACIÓN;OA1;Set + bond 5 jeringas;81.1;81,10 €;82
969;48787;ADMIRA FUSION;Voco;RESTAURACIÓN;OA2;Set + bond 75;81.1;81,10 €;82
970;48788;ADMIRA FUSION;Voco;RESTAURACIÓN;OA3;Set + bond 75;81.1;81,10 €;82
971;48789;ADMIRA FUSION;Voco;RESTAURACIÓN;OA3.5;Set + bond 75;81.1;81,10 €;82
972;48790;ADMIRA FUSION;Voco;RESTAURACIÓN;15 cápsulas;;81.1;81,10 €;82
973;48791;ADMIRA FUSION;Voco;RESTAURACIÓN;1 jeringa;;81.1;81,10 €;82
974;48793;ADMIRA FUSION FLOW;Voco;RESTAURACIÓN;;Set de 5 jeringas de;242.8;242,80 €;82
975;48794;ADMIRA FUSION FLOW;Voco;RESTAURACIÓN;A1;2 jeringas de 2 gr.;92.9;92,90 €;82
976;48795;ADMIRA FUSION FLOW;Voco;RESTAURACIÓN;A2;2 jeringas de 2 gr.;92.9;92,90 €;82
977;48796;ADMIRA FUSION FLOW;Voco;RESTAURACIÓN;A3;2 jeringas de 2 gr.;92.9;92,90 €;82
978;48797;ADMIRA FUSION FLOW;Voco;RESTAURACIÓN;A3.5;2 jeringas de 2 gr.;92.9;92,90 €;82
979;48798;ADMIRA FUSION FLOW;Voco;RESTAURACIÓN;A4;2 jeringas de 2 gr.;92.9;92,90 €;82
980;48799;ADMIRA FUSION FLOW;Voco;RESTAURACIÓN;B1;2 jeringas de 2 gr.;92.9;92,90 €;82
981;48803;ADMIRA FUSION FLOW;Voco;RESTAURACIÓN;Incisal;2 jeringas de 2 gr.;92.9;92,90 €;82
982;48804;ADMIRA FUSION FLOW;Voco;RESTAURACIÓN;OA2;2 jeringas de 2 gr.;92.9;92,90 €;82
983;48805;ADMIRA FUSION FLOW;Voco;RESTAURACIÓN;BL;2 jeringas de 2 gr.;92.9;92,90 €;82
984;48806;ADMIRA FUSION FLOW;Voco;RESTAURACIÓN;WO;2 jeringas de 2 gr.;92.9;92,90 €;82
985;61747;ADMIRA FUSION;Voco;RESTAURACIÓN;;1 jeringa de 2 3 cápsulas de 0,2 3 cápsulas de 0,2 3 cápsulas de 0,2 3 cápsulas de 0,2;76.6;76,60 €;82
986;48560;ADMIRA FUSION 5;Voco;RESTAURACIÓN;A1;1 jeringa de 3 g.;81.1;81,10 €;83
987;48561;ADMIRA FUSION 5;Voco;RESTAURACIÓN;A2;1 jeringa de 3 g.;81.1;81,10 €;83
988;48562;ADMIRA FUSION 5;Voco;RESTAURACIÓN;A3;1 jeringa de 3 g.;81.1;81,10 €;83
989;48563;ADMIRA FUSION 5;Voco;RESTAURACIÓN;A1;15 cápsulas de 0,2 g.;81.1;81,10 €;83
990;48564;ADMIRA FUSION 5;Voco;RESTAURACIÓN;A2;15 cápsulas de 0,2 g.;81.1;81,10 €;83
991;48565;ADMIRA FUSION 5;Voco;RESTAURACIÓN;A3;15 cápsulas de 0,2 g.;81.1;81,10 €;83
992;48570;ADMIRA FUSION 5;Voco;RESTAURACIÓN;A3,5;1 jeringa de 3 g.;81.1;81,10 €;83
993;48571;ADMIRA FUSION 5;Voco;RESTAURACIÓN;A4;1 jeringa de 3 g.;81.1;81,10 €;83
994;48572;ADMIRA FUSION 5;Voco;RESTAURACIÓN;A3,5;15 cápsulas de 0,2 g.;81.1;81,10 €;83
995;48573;ADMIRA FUSION 5;Voco;RESTAURACIÓN;A4;15 cápsulas de 0,2 g.;81.1;81,10 €;83
996;4865;ADMIRA;Voco;RESTAURACIÓN;1u. x A1, 3u. x A2, 2u. x A3, 1u.;7 jeringas de 4 g + de 5 ml + 1 adhesivo Admira bond frasco + accesorios;479.3;479,30 €;83
997;48669;ADMIRA FUSION 5;Voco;RESTAURACIÓN;A1;1 jeringa de 4 gr.;76.6;76,60 €;83
998;4867;ADMIRA FUSION 5;Voco;RESTAURACIÓN;A2;1 jeringa de 4 gr.;76.6;76,60 €;83
999;4868;ADMIRA FUSION 5;Voco;RESTAURACIÓN;A3;1 jeringa de 4 gr.;76.6;76,60 €;83
1000;4869;ADMIRA FUSION 5;Voco;RESTAURACIÓN;A3.5;1 jeringa de 4 gr.;76.6;76,60 €;83
1001;4870;ADMIRA FUSION 5;Voco;RESTAURACIÓN;B2;1 jeringa de 4 gr.;76.6;76,60 €;83
1002;4873;ADMIRA FUSION 5;Voco;RESTAURACIÓN;OA2;1 jeringa de 4 gr.;76.6;76,60 €;83
1003;48741;ADMIRA FLOW;Voco;RESTAURACIÓN;A3.5;1 jeringas de 1,8 gr.;85.9;85,90 €;83
1004;59269;ADMIRA FUSION 5;Voco;RESTAURACIÓN;A2;25 cápsulas de 0,25;121.1;121,10 €;83
1005;59270;ADMIRA FUSION 5;Voco;RESTAURACIÓN;A3;25 cápsulas de 0,25;479.3;479,30 €;83
1006;59271;ADMIRA FUSION 5;Voco;RESTAURACIÓN;A3.5;25 cápsulas de 0,25;479.3;479,30 €;83
1007;61716;ADMIRA FLOW;Voco;RESTAURACIÓN;A3;1 jeringas de 1,8 gr.;85.9;85,90 €;83
1008;61717;ADMIRA FLOW;Voco;RESTAURACIÓN;A1;1 jeringas de 1,8 gr.;121.1;121,10 €;83
1009;61720;ADMIRA FLOW;Voco;RESTAURACIÓN;A2;1 jeringas de 1,8 gr.;85.9;85,90 €;83
1010;96805;ADMIRA;Voco;RESTAURACIÓN;3u. x A2, 3u. x A3, 1u. x A3.5;7 jeringas de 4 g + de 5 ml + 1 adhesivo Admira bond frasco + accesorios;479.3;479,30 €;83
1011;29097;AMARIS JERINGAS;Voco;RESTAURACIÓN;Opaque Bleach;8 jeringas Amaris x TN, TD) + 2 jeringas Amaris Flow x 1,8 + accesorios.;98.9;98,90 €;84
1012;35504;Produto Dentário;;RESTAURACIÓN;Opaque 03;1 jeringa de 4 gr.;98.9;98,90 €;84
1013;48474;+ colorímetro.;;RESTAURACIÓN;;5 jeringas Amaris x + colorímetro.;420.2;420,20 €;84
1014;48490;AMARIS JERINGAS;Voco;RESTAURACIÓN;Opaque 04;;98.9;98,90 €;84
1015;48542;AMARIS JERINGAS;Voco;RESTAURACIÓN;;8 jeringas Amaris x TN, TD) + 2 jeringas Amaris Flow x 1,8 + accesorios.;615.2;615,20 €;84
1016;4860;POLOFIL SUPRA;Voco;RESTAURACIÓN;;7 jeringas de 4 gr. (A1, A2, A3, A3.5, B2, B3, (blanco, amarillo, azul, incisal) + adhesivo SoloBond M x 4 ml. + jeringa de ácido Vococid gel x 5 ml. + accesorios.;307.3;307,30 €;84
1017;4861;POLOFIL SUPRA;Voco;RESTAURACIÓN;A2;1 jeringa de 4 gr.;43.1;43,10 €;84
1018;4862;POLOFIL SUPRA;Voco;RESTAURACIÓN;A3;1 jeringa de 4 gr.;43.1;43,10 €;84
1019;4863;POLOFIL SUPRA;Voco;RESTAURACIÓN;A3.5;1 jeringa de 4 gr.;43.1;43,10 €;84
1020;59258;AMARIS GINGIVA;Voco;RESTAURACIÓN;;1 jeringa de 4 gr. color;98.9;98,90 €;84
1021;61703;AMARIS CÁPSULAS;Voco;RESTAURACIÓN;Opaque 01;16 cápsulas de 0,25 gr.;98.9;98,90 €;84
1022;61704;AMARIS CÁPSULAS;Voco;RESTAURACIÓN;Opaque 02;16 cápsulas de 0,25 gr.;98.9;98,90 €;84
1023;61705;AMARIS CÁPSULAS;Voco;RESTAURACIÓN;Opaque 03;16 cápsulas de 0,25 gr.;98.9;98,90 €;84
1024;61706;AMARIS CÁPSULAS;Voco;RESTAURACIÓN;Opaque 04;16 cápsulas de 0,25 gr.;98.9;98,90 €;84
1025;61707;AMARIS CÁPSULAS;Voco;RESTAURACIÓN;Translúcido TL;16 cápsulas de 0,25 gr.;98.9;98,90 €;84
1026;61708;AMARIS CÁPSULAS;Voco;RESTAURACIÓN;Translúcido TN;16 cápsulas de 0,25 gr.;98.9;98,90 €;84
1027;61750;FINALTOUCH;Voco;RESTAURACIÓN;;5 jeringas de 1,5 gr. base nature. naranja y marrón) + accesorios.;263.2;263,20 €;84
1028;61751;FINALTOUCH;Voco;RESTAURACIÓN;Azul;1 jeringa x 1,5 gr.;98.9;98,90 €;84
1029;61752;FINALTOUCH;Voco;RESTAURACIÓN;Marrón;1 jeringa x 1,5 gr.;43.1;43,10 €;84
1030;61753;FINALTOUCH;Voco;RESTAURACIÓN;Naranja;1 jeringa x 1,5 gr.;43.1;43,10 €;84
1031;61754;FINALTOUCH;Voco;RESTAURACIÓN;;1 jeringa x 1,5 gr.;43.1;43,10 €;84
1032;61755;FINALTOUCH;Voco;RESTAURACIÓN;Amarillo;1 jeringa x 1,5 gr.;43.1;43,10 €;84
1033;96814;Produto Dentário;;RESTAURACIÓN;Opaque 02;1 jeringa de 4 gr.;98.9;98,90 €;84
1034;96843;AMARIS GINGIVA;Voco;RESTAURACIÓN;;3 Jeringas de 1,2 gr. light, dark) + 1 jeringa de 4 gr. color;263.2;263,20 €;84
1035;96849;AMARIS JERINGAS;Voco;RESTAURACIÓN;Translúcido TL;8 jeringas Amaris x TN, TD) + 2 jeringas Amaris Flow x 1,8 + accesorios.;98.9;98,90 €;84
1036;96850;AMARIS JERINGAS;Voco;RESTAURACIÓN;Translúcido TD;8 jeringas Amaris x TN, TD) + 2 jeringas Amaris Flow x 1,8 + accesorios.;98.9;98,90 €;84
1037;96853;AMARIS JERINGAS;Voco;RESTAURACIÓN;Opaque 01;1 jeringa de 4 gr.;98.9;98,90 €;84
1038;96855;AMARIS JERINGAS;Voco;RESTAURACIÓN;Translúcido TN;8 jeringas Amaris x TN, TD) + 2 jeringas Amaris Flow x 1,8 + accesorios.;98.9;98,90 €;84
1039;96910;AMARIS CÁPSULAS;Voco;RESTAURACIÓN;Flow hight opaque;;98.9;98,90 €;84
1040;97804;AMARIS CÁPSULAS;Voco;RESTAURACIÓN;Flow hight translúcido;16 cápsulas de 0,25 gr.;615.2;615,20 €;84
1041;99494;POLOFIL SUPRA;Voco;RESTAURACIÓN;A1;1 jeringa de 4 gr.;43.1;43,10 €;84
1042;4843;X-TRA FIL;Voco;RESTAURACIÓN;;Jeringa;76.6;76,60 €;85
1043;4844;X-TRA FIL;Voco;RESTAURACIÓN;;20;89.4;89,40 €;85
1044;48470;X-TRA BASE;Voco;RESTAURACIÓN;SPR universal;2 jeringas de 2 gr.;89.4;89,40 €;85
1045;48529;VISCALOR BULK;Voco;RESTAURACIÓN;Color universal;16 cápsulas x 0,25;84.2;84,20 €;85
1046;48530;VISCALOR BULK;Voco;RESTAURACIÓN;Color A1;16 cápsulas x 0,25;84.2;84,20 €;85
1047;48531;VISCALOR BULK;Voco;RESTAURACIÓN;Color A2;16 cápsulas x 0,25;84.2;84,20 €;85
1048;48532;VISCALOR BULK;Voco;RESTAURACIÓN;Color A3;16 cápsulas x 0,25;84.2;84,20 €;85
1049;48533;VISCALOR BULK;Voco;RESTAURACIÓN;VisCalor Bulk Set + Pistola VisCalor Dispenser;;991.2;991,20 €;85
1050;48534;VISCALOR BULK;Voco;RESTAURACIÓN;Viscalor Bulk Set + Caps Warmer (80 cápsulas;16 cápsulas x 0,25;728.6;728,60 €;85
1051;48535;VISCALOR BULK;Voco;RESTAURACIÓN;Pistola VisCalor dispensador-calentador;16 cápsulas x 0,25;84.2;84,20 €;85
1052;48536;VISCALOR BULK;Voco;RESTAURACIÓN;Reposición puntas pistola VisCalor (2 uds.);16 cápsulas x 0,25;84.2;84,20 €;85
1053;48537;VISCALOR BULK;Voco;RESTAURACIÓN;Fundas protectoras pistola Viscalor (100 uds.);16 cápsulas x 0,25;84.2;84,20 €;85
1054;48548;X-TRA BASE;Voco;RESTAURACIÓN;A2;2 jeringas de 2 gr.;89.4;89,40 €;85
1055;4841;FUTURABOND DC;Voco;RESTAURACIÓN;4 ml. + 4 ml. + accesorios;;161.1;161,10 €;86
1056;48464;FUTURABOND U;Voco;RESTAURACIÓN;Futurabond U single dose. 50 uds.;;132.0;132,00 €;86
1057;48469;FUTURABOND U;Voco;RESTAURACIÓN;Futurabond U single dose. 200 uds.;;461.3;461,30 €;86
1058;48476;FUTURABOND M+;Voco;RESTAURACIÓN;Futurabond M+ 5 ml.;;135.9;135,90 €;86
1059;48477;FUTURABOND M+;Voco;RESTAURACIÓN;Futurabond M+ (3 x 5 ml.);;355.8;355,80 €;86
1060;48478;FUTURABOND M+;Voco;RESTAURACIÓN;Activador DCA Futurabond M+;;53.1;53,10 €;86
1061;48544;FUTURABOND DC;Voco;RESTAURACIÓN;Single dose. 50 uds.;;123.9;123,90 €;86
1062;59518;FUTURABOND M;Voco;RESTAURACIÓN;3 x 5 ml.;;341.1;341,10 €;86
1063;90304;FUTURABOND U BOTE;Voco;RESTAURACIÓN;Futurabond U bote;1 bote de 5 ml;128.7;128,70 €;86
1064;90305;FUTURABOND U BOTE;Voco;RESTAURACIÓN;Futurabond U DCA bote;1 bote de 2 ml;54.8;54,80 €;86
1065;96800;FUTURABOND M;Voco;RESTAURACIÓN;;;177.2;177,20 €;86
1066;96844;FUTURABOND DC;Voco;RESTAURACIÓN;Single dose. 200 uds.;;437.3;437,30 €;86
1067;48413;FUTURABOND NR;Voco;RESTAURACIÓN;50 uds.;El adhesivo de autograbado reforzado con nano-partículas.;126.2;126,20 €;87
1068;48518;VOCOCID JERINGA;Voco;RESTAURACIÓN;1 jeringa 60 ml.;;94.0;94,00 €;87
1069;48557;VOCOCID JERINGA;Voco;RESTAURACIÓN;Recambio de 10 jeringas de 2 ml.;;15.48;15,48 €;87
1070;4866;ADMIRA BOND;Voco;RESTAURACIÓN;2 frascos de 4 ml;Adhesivo monocomponente. fácil y rápida: suficiente grosor;225.2;225,20 €;87
1071;48660;ADMIRA BOND;Voco;RESTAURACIÓN;Frasco 4 ml.;Adhesivo monocomponente. fácil y rápida: suficiente grosor;115.4;115,40 €;87
1072;4882;SOLOBOND M;Voco;RESTAURACIÓN;;Adhesivo monocomponente. fácil y rápida: suficiente grosor;120.1;120,10 €;87
1073;48825;SOLOBOND M;Voco;RESTAURACIÓN;2 frascos de 4 ml;Adhesivo monocomponente. fácil y rápida: suficiente grosor;200.4;200,40 €;87
1074;49073;VOCOCID;Voco;RESTAURACIÓN;;1 jeringa 5 ml.;28.0;28,00 €;87
1075;61715;TWINKY STAR;Voco;RESTAURACIÓN;;40 cápsulas x 0,25 gr (5 ud. de cada color en 8 colores: Oro, Plata, Azul, Rosa, Verde, Naranja, Limón, Mora);193.4;193,40 €;87
1076;96837;FUTURABOND NR;Voco;RESTAURACIÓN;Single dose. 200 uds.;El adhesivo de autograbado reforzado con nano-partículas.;445.7;445,70 €;87
1077;45615;G-AENIAL QUICK START;G.C.;RESTAURACIÓN;A4;10 uds. x 0,16 ml. (0,28;59.35;59,35 €;88
1078;93643;G-AENIAL QUICK START;G.C.;RESTAURACIÓN;35 cápsulas de 0,16 ml (5 uds.;;0.16;0,16 €;88
1079;93644;G-AENIAL QUICK START;G.C.;RESTAURACIÓN;XBW;1 jeringa de 2,7 ml. (4,7 gr.);83.1;83,10 €;88
1080;93645;G-AENIAL QUICK START;G.C.;RESTAURACIÓN;BW;1 jeringa de 2,7 ml. (4,7 gr.);83.1;83,10 €;88
1081;93646;G-AENIAL QUICK START;G.C.;RESTAURACIÓN;A1;1 jeringa de 2,7 ml. (4,7 gr.);83.1;83,10 €;88
1082;93647;G-AENIAL QUICK START;G.C.;RESTAURACIÓN;A2;1 jeringa de 2,7 ml. (4,7 gr.);83.1;83,10 €;88
1083;93648;G-AENIAL QUICK START;G.C.;RESTAURACIÓN;A3;1 jeringa de 2,7 ml. (4,7 gr.);83.1;83,10 €;88
1084;93649;G-AENIAL QUICK START;G.C.;RESTAURACIÓN;A3.5;1 jeringa de 2,7 ml. (4,7 gr.);83.1;83,10 €;88
1085;93650;G-AENIAL QUICK START;G.C.;RESTAURACIÓN;A4;1 jeringa de 2,7 ml. (4,7 gr.);83.1;83,10 €;88
1086;93651;G-AENIAL QUICK START;G.C.;RESTAURACIÓN;B1;1 jeringa de 2,7 ml. (4,7 gr.);83.1;83,10 €;88
1087;93652;G-AENIAL QUICK START;G.C.;RESTAURACIÓN;B2;1 jeringa de 2,7 ml. (4,7 gr.);83.1;83,10 €;88
1088;93653;G-AENIAL QUICK START;G.C.;RESTAURACIÓN;B3;1 jeringa de 2,7 ml. (4,7 gr.);83.1;83,10 €;88
1089;93654;G-AENIAL QUICK START;G.C.;RESTAURACIÓN;C3;1 jeringa de 2,7 ml. (4,7 gr.);530.75;530,75 €;88
1090;93655;G-AENIAL QUICK START;G.C.;RESTAURACIÓN;CV;1 jeringa de 2,7 ml. (4,7 gr.);83.1;83,10 €;88
1091;93656;G-AENIAL QUICK START;G.C.;RESTAURACIÓN;CVD;1 jeringa de 2,7 ml. (4,7 gr.);83.1;83,10 €;88
1092;93657;G-AENIAL QUICK START;G.C.;RESTAURACIÓN;AO2;1 jeringa de 2,7 ml. (4,7 gr.);83.1;83,10 €;88
1093;93658;G-AENIAL QUICK START;G.C.;RESTAURACIÓN;AO3;1 jeringa de 2,7 ml. (4,7 gr.);83.1;83,10 €;88
1094;93659;G-AENIAL QUICK START;G.C.;RESTAURACIÓN;;1 jeringa de 2,7 ml. (4,7 gr.);83.1;83,10 €;88
1095;93660;G-AENIAL QUICK START;G.C.;RESTAURACIÓN;JE;1 jeringa de 2,7 ml. (4,7 gr.);83.1;83,10 €;88
1096;93661;G-AENIAL QUICK START;G.C.;RESTAURACIÓN;AE;1 jeringa de 2,7 ml. (4,7 gr.);83.1;83,10 €;88
1097;93662;G-AENIAL QUICK START;G.C.;RESTAURACIÓN;TE;1 jeringa de 2,7 ml. (4,7 gr.);83.1;83,10 €;88
1098;93663;G-AENIAL QUICK START;G.C.;RESTAURACIÓN;IE;1 jeringa de 2,7 ml. (4,7 gr.);83.1;83,10 €;88
1099;93664;G-AENIAL QUICK START;G.C.;RESTAURACIÓN;SE;1 jeringa de 2,7 ml. (4,7 gr.);83.1;83,10 €;88
1100;93665;G-AENIAL QUICK START;G.C.;RESTAURACIÓN;CVE;1 jeringa de 2,7 ml. (4,7 gr.);83.1;83,10 €;88
1101;93666;G-AENIAL QUICK START;G.C.;RESTAURACIÓN;;1 jeringa de 2,7 ml.;83.1;83,10 €;88
1102;93667;G-AENIAL QUICK START;G.C.;RESTAURACIÓN;P-A2;1 jeringa de 2,7 ml.;118.05;118,05 €;88
1103;93668;G-AENIAL QUICK START;G.C.;RESTAURACIÓN;P-A3;1 jeringa de 2,7 ml.;118.05;118,05 €;88
1104;93669;G-AENIAL QUICK START;G.C.;RESTAURACIÓN;P-A3.5;1 jeringa de 2,7 ml.;118.05;118,05 €;88
1105;93670;G-AENIAL QUICK START;G.C.;RESTAURACIÓN;P-JE;1 jeringa de 2,7 ml.;118.05;118,05 €;88
1106;93671;G-AENIAL QUICK START;G.C.;RESTAURACIÓN;P-IE;1 jeringa de 2,7 ml.;118.05;118,05 €;88
1107;93673;G-AENIAL QUICK START;G.C.;RESTAURACIÓN;B1;10 uds. x 0,16 ml. (0,28;59.35;59,35 €;88
1108;93674;G-AENIAL QUICK START;G.C.;RESTAURACIÓN;B2;10 uds. x 0,16 ml. (0,28;59.35;59,35 €;88
1109;93675;G-AENIAL QUICK START;G.C.;RESTAURACIÓN;B3;10 uds. x 0,16 ml. (0,28;59.35;59,35 €;88
1110;93676;G-AENIAL QUICK START;G.C.;RESTAURACIÓN;BW;10 uds. x 0,16 ml. (0,28;59.35;59,35 €;88
1111;93677;G-AENIAL QUICK START;G.C.;RESTAURACIÓN;C3;10 uds. x 0,16 ml. (0,28;59.35;59,35 €;88
1112;93679;G-AENIAL QUICK START;G.C.;RESTAURACIÓN;XBW;10 uds. x 0,16 ml. (0,28;59.35;59,35 €;88
1113;93680;G-AENIAL QUICK START;G.C.;RESTAURACIÓN;A1;20 uds. x 0,16 ml. (0,28;118.05;118,05 €;88
1114;93681;G-AENIAL QUICK START;G.C.;RESTAURACIÓN;A2;20 uds. x 0,16 ml. (0,28;118.05;118,05 €;88
1115;93682;G-AENIAL QUICK START;G.C.;RESTAURACIÓN;A3;20 uds. x 0,16 ml. (0,28;118.05;118,05 €;88
1116;93683;G-AENIAL QUICK START;G.C.;RESTAURACIÓN;A3.5;20 uds. x 0,16 ml. (0,28;118.05;118,05 €;88
1117;93684;G-AENIAL QUICK START;G.C.;RESTAURACIÓN;CV;20 uds. x 0,16 ml. (0,28;118.05;118,05 €;88
1118;93685;G-AENIAL QUICK START;G.C.;RESTAURACIÓN;AO2;10 uds. x 0,16 ml. (0,28;59.35;59,35 €;88
1119;93686;G-AENIAL QUICK START;G.C.;RESTAURACIÓN;AO4;10 uds. x 0,16 ml. (0,28;59.35;59,35 €;88
1120;93687;G-AENIAL QUICK START;G.C.;RESTAURACIÓN;AO3;20 uds. x 0,16 ml. (0,28;118.05;118,05 €;88
1121;93688;G-AENIAL QUICK START;G.C.;RESTAURACIÓN;JE;10 uds. x 0,16 ml. (0,28;59.35;59,35 €;88
1122;93689;G-AENIAL QUICK START;G.C.;RESTAURACIÓN;TE;10 uds. x 0,16 ml. (0,28;59.35;59,35 €;88
1123;93690;G-AENIAL QUICK START;G.C.;RESTAURACIÓN;SE;10 uds. x 0,16 ml. (0,28;59.35;59,35 €;88
1124;93692;G-AENIAL QUICK START;G.C.;RESTAURACIÓN;AE;20 uds. x 0,16 ml. (0,28;118.05;118,05 €;88
1125;93693;G-AENIAL QUICK START;G.C.;RESTAURACIÓN;IE;20 uds. x 0,16 ml. (0,28;118.05;118,05 €;88
1126;93694;G-AENIAL QUICK START;G.C.;RESTAURACIÓN;P-A1;20 uds. x 0,16 ml. (0,33;118.05;118,05 €;88
1127;93695;G-AENIAL QUICK START;G.C.;RESTAURACIÓN;P-A2;20 uds. x 0,16 ml. (0,33;118.05;118,05 €;88
1128;93696;G-AENIAL QUICK START;G.C.;RESTAURACIÓN;P-A3;20 uds. x 0,16 ml. (0,33;118.05;118,05 €;88
1129;93697;G-AENIAL QUICK START;G.C.;RESTAURACIÓN;P-A3.5;20 uds. x 0,16 ml. (0,33;118.05;118,05 €;88
1130;93698;G-AENIAL QUICK START;G.C.;RESTAURACIÓN;P-JE;20 uds. x 0,16 ml. (0,33;118.05;118,05 €;88
1131;93700;G-AENIAL QUICK START;G.C.;RESTAURACIÓN;x 2,7 ml. (4,7 gr.) + guía de;1 jeringa de 2,7 ml. (4,7 gr.);59.35;59,35 €;88
1132;93807;G-AENIAL A’CHORD;G.C.;RESTAURACIÓN;Layering Kit;"5 jeringas de 2,1 ml. (A2; A3; AO2; AE;";316.25;316,25 €;90
1133;93808;G-AENIAL A’CHORD;G.C.;RESTAURACIÓN;Core Kit;"5 jeringas de 2,1 ml. (A1; A2; A3; A3.5;";316.25;316,25 €;90
1134;93809;G-AENIAL A’CHORD;G.C.;RESTAURACIÓN;Bleach Kit;3 jeringas de 2,1 ml. (BW, BOW, JE);190.7;190,70 €;90
1135;93811;G-AENIAL A’CHORD;G.C.;RESTAURACIÓN;Core Kit;"15 unitips de 0,16 ml. x (A1; A2; A3; A3.5; A4)";190.7;190,70 €;90
1136;93812;G-AENIAL A’CHORD;G.C.;RESTAURACIÓN;A1;1 jeringa de 2,1 ml.;70.4;70,40 €;90
1137;93813;G-AENIAL A’CHORD;G.C.;RESTAURACIÓN;A2;1 jeringa de 2,1 ml.;70.4;70,40 €;90
1138;93814;G-AENIAL A’CHORD;G.C.;RESTAURACIÓN;A3;1 jeringa de 2,1 ml.;70.4;70,40 €;90
1139;93815;G-AENIAL A’CHORD;G.C.;RESTAURACIÓN;A3.5;1 jeringa de 2,1 ml.;70.4;70,40 €;90
1140;93816;G-AENIAL A’CHORD;G.C.;RESTAURACIÓN;A4;1 jeringa de 2,1 ml.;70.4;70,40 €;90
1141;93817;G-AENIAL A’CHORD;G.C.;RESTAURACIÓN;A5;1 jeringa de 2,1 ml.;70.4;70,40 €;90
1142;93818;G-AENIAL A’CHORD;G.C.;RESTAURACIÓN;A6;1 jeringa de 2,1 ml.;70.4;70,40 €;90
1143;93819;G-AENIAL A’CHORD;G.C.;RESTAURACIÓN;AO1;1 jeringa de 2,1 ml.;70.4;70,40 €;90
1144;93820;G-AENIAL A’CHORD;G.C.;RESTAURACIÓN;AO2;1 jeringa de 2,1 ml.;70.4;70,40 €;90
1145;93821;G-AENIAL A’CHORD;G.C.;RESTAURACIÓN;AO3;1 jeringa de 2,1 ml.;70.4;70,40 €;90
1146;93822;G-AENIAL A’CHORD;G.C.;RESTAURACIÓN;JE;1 jeringa de 2,1 ml.;70.4;70,40 €;90
1147;93823;G-AENIAL A’CHORD;G.C.;RESTAURACIÓN;AE;1 jeringa de 2,1 ml.;70.4;70,40 €;90
1148;93824;G-AENIAL A’CHORD;G.C.;RESTAURACIÓN;BW;1 jeringa de 2,1 ml.;70.4;70,40 €;90
1149;93825;G-AENIAL A’CHORD;G.C.;RESTAURACIÓN;BOW;1 jeringa de 2,1 ml.;70.4;70,40 €;90
1150;93826;G-AENIAL A’CHORD;G.C.;RESTAURACIÓN;A1;15 unitips de 0,16 ml.;70.4;70,40 €;90
1151;93827;G-AENIAL A’CHORD;G.C.;RESTAURACIÓN;A2;15 unitips de 0,16 ml.;70.4;70,40 €;90
1152;93828;G-AENIAL A’CHORD;G.C.;RESTAURACIÓN;A3;15 unitips de 0,16 ml.;70.4;70,40 €;90
1153;93829;G-AENIAL A’CHORD;G.C.;RESTAURACIÓN;A3.5;15 unitips de 0,16 ml.;70.4;70,40 €;90
1154;93830;G-AENIAL A’CHORD;G.C.;RESTAURACIÓN;A4;15 unitips de 0,16 ml.;70.4;70,40 €;90
1155;93831;G-AENIAL A’CHORD;G.C.;RESTAURACIÓN;A5;15 unitips de 0,16 ml.;70.4;70,40 €;90
1156;93832;G-AENIAL A’CHORD;G.C.;RESTAURACIÓN;A6;15 unitips de 0,16 ml.;70.4;70,40 €;90
1157;93833;G-AENIAL A’CHORD;G.C.;RESTAURACIÓN;AO1;15 unitips de 0,16 ml.;70.4;70,40 €;90
1158;93834;G-AENIAL A’CHORD;G.C.;RESTAURACIÓN;AO2;15 unitips de 0,16 ml.;70.4;70,40 €;90
1159;93835;G-AENIAL A’CHORD;G.C.;RESTAURACIÓN;AO3;15 unitips de 0,16 ml.;70.4;70,40 €;90
1160;93836;G-AENIAL A’CHORD;G.C.;RESTAURACIÓN;JE;15 unitips de 0,16 ml.;70.4;70,40 €;90
1161;93837;G-AENIAL A’CHORD;G.C.;RESTAURACIÓN;AE;15 unitips de 0,16 ml.;70.4;70,40 €;90
1162;93838;G-AENIAL A’CHORD;G.C.;RESTAURACIÓN;BW;15 unitips de 0,16 ml.;70.4;70,40 €;90
1163;93839;G-AENIAL A’CHORD;G.C.;RESTAURACIÓN;BOW;15 unitips de 0,16 ml.;70.4;70,40 €;90
1164;93759;G-AENIAL UNIVERSAL;G.C.;RESTAURACIÓN;A1;1 jeringa de;47.2;47,20 €;91
1165;93760;G-AENIAL UNIVERSAL;G.C.;RESTAURACIÓN;A2;1 jeringa de;47.2;47,20 €;91
1166;93761;G-AENIAL UNIVERSAL;G.C.;RESTAURACIÓN;A3;1 jeringa de;47.2;47,20 €;91
1167;93762;G-AENIAL UNIVERSAL;G.C.;RESTAURACIÓN;A3.5;1 jeringa de;47.2;47,20 €;91
1168;93763;G-AENIAL UNIVERSAL;G.C.;RESTAURACIÓN;A4;1 jeringa de;47.2;47,20 €;91
1169;93764;G-AENIAL UNIVERSAL;G.C.;RESTAURACIÓN;B1;1 jeringa de;47.2;47,20 €;91
1170;93765;G-AENIAL UNIVERSAL;G.C.;RESTAURACIÓN;AO2;1 jeringa de;47.2;47,20 €;91
1171;93766;G-AENIAL UNIVERSAL;G.C.;RESTAURACIÓN;AO3;1 jeringa de;47.2;47,20 €;91
1172;93767;G-AENIAL UNIVERSAL;G.C.;RESTAURACIÓN;JE;1 jeringa de;47.2;47,20 €;91
1173;93769;G-AENIAL UNIVERSAL;G.C.;RESTAURACIÓN;XBW;1 jeringa de;47.2;47,20 €;91
1174;93770;G-AENIAL UNIVERSAL;G.C.;RESTAURACIÓN;B2;1 jeringa de;47.2;47,20 €;91
1175;93771;G-AENIAL UNIVERSAL;G.C.;RESTAURACIÓN;CV;1 jeringa de;47.2;47,20 €;91
1176;93772;G-AENIAL UNIVERSAL;G.C.;RESTAURACIÓN;CVD;1 jeringa de;47.2;47,20 €;91
1177;93773;G-AENIAL UNIVERSAL;G.C.;RESTAURACIÓN;AO1;1 jeringa de;47.2;47,20 €;91
1178;93774;G-AENIAL UNIVERSAL;G.C.;RESTAURACIÓN;BW;1 jeringa de;47.2;47,20 €;91
1179;93775;G-AENIAL UNIVERSAL;G.C.;RESTAURACIÓN;AE;1 jeringa de;47.2;47,20 €;91
1180;29950;G-AENIAL FLO X;G.C.;RESTAURACIÓN;A3,5;Jeringa de 2 ml. (3,6 gr).;83.75;83,75 €;92
1181;45743;G-AENIAL UNIVERSAL;GC;RESTAURACIÓN;B3;Jeringa de;85.55;85,55 €;92
1182;93703;G-AENIAL UNIVERSAL;GC;RESTAURACIÓN;A2;Jeringa de;85.55;85,55 €;92
1183;93704;G-AENIAL UNIVERSAL;GC;RESTAURACIÓN;A3;Jeringa de;85.55;85,55 €;92
1184;93705;G-AENIAL UNIVERSAL;GC;RESTAURACIÓN;A3,5;Jeringa de;85.55;85,55 €;92
1185;93706;G-AENIAL UNIVERSAL;GC;RESTAURACIÓN;A4;Jeringa de;85.55;85,55 €;92
1186;93707;G-AENIAL UNIVERSAL;GC;RESTAURACIÓN;C3;Jeringa de;85.55;85,55 €;92
1187;93708;G-AENIAL UNIVERSAL;GC;RESTAURACIÓN;AO3;Jeringa de;85.55;85,55 €;92
1188;93719;G-AENIAL FLO X;G.C.;RESTAURACIÓN;A1;Jeringa de 2 ml. (3,6 gr).;83.75;83,75 €;92
1189;93720;G-AENIAL FLO X;G.C.;RESTAURACIÓN;A2;Jeringa de 2 ml. (3,6 gr).;83.75;83,75 €;92
1190;93721;G-AENIAL FLO X;G.C.;RESTAURACIÓN;A3;Jeringa de 2 ml. (3,6 gr).;83.75;83,75 €;92
1191;93753;G-AENIAL UNIVERSAL;GC;RESTAURACIÓN;A1;Jeringa de;85.55;85,55 €;92
1192;93804;G-AENIAL UNIVERSAL;GC;RESTAURACIÓN;AO2;Jeringa de;85.55;85,55 €;92
1193;93805;G-AENIAL UNIVERSAL;GC;RESTAURACIÓN;JE;Jeringa de;85.55;85,55 €;92
1194;93806;G-AENIAL UNIVERSAL;GC;RESTAURACIÓN;B1;Jeringa de;85.55;85,55 €;92
1195;83400;ESSENTIA JERINGAS;G.C.;RESTAURACIÓN;Starter kit jeringas;7 jeringas x 2 ml. (1 de cada color: ML) + 20 puntas.;424.65;424,65 €;93
1196;83401;ESSENTIA JERINGAS;G.C.;RESTAURACIÓN;Starter kit unitip;"30 unitips x 0,16 ml. (5 unitips DE; U) + 1 jeringa ML x 2 ml. + 20 puntas.";239.3;239,30 €;93
1197;83402;ESSENTIA JERINGAS;G.C.;RESTAURACIÓN;Kit;;233.7;233,70 €;93
1198;83403;ESSENTIA JERINGAS;G.C.;RESTAURACIÓN;Dentina clara;1 jeringa x 2 ml.;67.5;67,50 €;93
1199;83404;ESSENTIA JERINGAS;G.C.;RESTAURACIÓN;Dentina media;1 jeringa x 2 ml.;67.5;67,50 €;93
1200;83405;ESSENTIA JERINGAS;G.C.;RESTAURACIÓN;Dentina oscuro;1 jeringa x 2 ml.;67.5;67,50 €;93
1201;83406;ESSENTIA JERINGAS;G.C.;RESTAURACIÓN;Esmalte claro;1 jeringa x 2 ml.;67.5;67,50 €;93
1202;83407;ESSENTIA JERINGAS;G.C.;RESTAURACIÓN;Esmalte oscuro;1 jeringa x 2 ml.;67.5;67,50 €;93
1203;83408;ESSENTIA JERINGAS;G.C.;RESTAURACIÓN;Universal;1 jeringa x 2 ml.;67.5;67,50 €;93
1204;83409;ESSENTIA JERINGAS;G.C.;RESTAURACIÓN;Masking liner;1 jeringa x 2 ml.;67.5;67,50 €;93
1205;83410;ESSENTIA JERINGAS;G.C.;RESTAURACIÓN;Dentina clara;15 unitips x 0,16 ml.;75.8;75,80 €;93
1206;83411;ESSENTIA JERINGAS;G.C.;RESTAURACIÓN;Dentina media;15 unitips x 0,16 ml.;75.8;75,80 €;93
1207;83412;ESSENTIA JERINGAS;G.C.;RESTAURACIÓN;Dentina oscuro;15 unitips x 0,16 ml.;75.8;75,80 €;93
1208;83413;ESSENTIA JERINGAS;G.C.;RESTAURACIÓN;Esmalte claro;15 unitips x 0,16 ml.;75.8;75,80 €;93
1209;83414;ESSENTIA JERINGAS;G.C.;RESTAURACIÓN;Esmalte oscuro;15 unitips x 0,16 ml.;75.8;75,80 €;93
1210;83415;ESSENTIA JERINGAS;G.C.;RESTAURACIÓN;Universal;15 unitips x 0,16 ml.;75.8;75,80 €;93
1211;83416;ESSENTIA JERINGAS;G.C.;RESTAURACIÓN;Modificador;;64.2;64,20 €;93
1212;83417;ESSENTIA JERINGAS;G.C.;RESTAURACIÓN;Modificador;;64.2;64,20 €;93
1213;83418;ESSENTIA JERINGAS;G.C.;RESTAURACIÓN;Modificador;;64.2;64,20 €;93
1214;83419;ESSENTIA JERINGAS;G.C.;RESTAURACIÓN;Modificador;;67.5;67,50 €;93
1215;83420;ESSENTIA HIFLO JERINGA, U, 1 X 2ML;G.C.;RESTAURACIÓN;Essentia HiFlo;Jeringa 1 x 2 ml.;67.5;67,50 €;93
1216;83421;ESSENTIA LOFLO JERINGA, U, 1 X 2 ML GC;G.C.;RESTAURACIÓN;Essentia LoFlo;Jeringa 1 x 2 ml.;67.5;67,50 €;93
1217;18706;GRADIA DIRECT JERINGA;G.C.;RESTAURACIÓN;A03 opaco;20 unitips x 0,16;100.5;100,50 €;94
1218;18709;GRADIA DIRECT JERINGA;G.C.;RESTAURACIÓN;CT;10 unitips x 0,16;36.0;36,00 €;94
1219;18727;GRADIA DIRECT JERINGA;G.C.;RESTAURACIÓN;B1;10 unitips x 0,16;50.65;50,65 €;94
1220;18728;GRADIA DIRECT JERINGA;G.C.;RESTAURACIÓN;A02 opaco;10 unitips x 0,16;50.65;50,65 €;94
1221;29949;GRADIA DIRECT JERINGA;G.C.;RESTAURACIÓN;DT;1 jeringa de 4 gr.;70.65;70,65 €;94
1222;35502;GRADIA DIRECT JERINGA;G.C.;RESTAURACIÓN;B2;1 jeringa de 4 gr.;70.65;70,65 €;94
1223;4286;GRADIA DIRECT JERINGA;G.C.;RESTAURACIÓN;XBW;1 jeringa de 4 gr.;70.65;70,65 €;94
1224;46491;GRADIA DIRECT JERINGA;G.C.;RESTAURACIÓN;X-A1;1 jeringa x 4 gr. Radiopacidad extra.;50.65;50,65 €;94
1225;59583;GRADIA DIRECT JERINGA;G.C.;RESTAURACIÓN;P-A3;20 unitips x 0,16;100.5;100,50 €;94
1226;70032;GRADIA DIRECT JERINGA;G.C.;RESTAURACIÓN;A4;1 jeringa de 4 gr.;70.65;70,65 €;94
1227;8341;GRADIA DIRECT JERINGA;G.C.;RESTAURACIÓN;Kit jeringas;6 jeringas x 4 gr. (Tonos A3.5, AO3, CV, CT) + 1 jeringa x 4 gr.;405.5;405,50 €;94
1228;8342;GRADIA DIRECT JERINGA;G.C.;RESTAURACIÓN;Kit unitips;35 Unitips x 0,16 ml.;70.65;70,65 €;94
1229;8346;GRADIA DIRECT JERINGA;G.C.;RESTAURACIÓN;A1;1 jeringa de 4 gr.;70.65;70,65 €;94
1230;8347;GRADIA DIRECT JERINGA;G.C.;RESTAURACIÓN;A2;1 jeringa de 4 gr.;70.65;70,65 €;94
1231;83479;GRADIA DIRECT JERINGA;G.C.;RESTAURACIÓN;A2;20 unitips x 0,16;100.5;100,50 €;94
1232;8348;GRADIA DIRECT JERINGA;G.C.;RESTAURACIÓN;A3;1 jeringa de 4 gr.;70.65;70,65 €;94
1233;83489;GRADIA DIRECT JERINGA;G.C.;RESTAURACIÓN;A3;20 unitips x 0,16;100.5;100,50 €;94
1234;8349;GRADIA DIRECT JERINGA;G.C.;RESTAURACIÓN;A3.5;1 jeringa de 4 gr.;70.65;70,65 €;94
1235;83490;GRADIA DIRECT JERINGA;G.C.;RESTAURACIÓN;C3;1 jeringa de 4 gr.;70.65;70,65 €;94
1236;8350;GRADIA DIRECT JERINGA;G.C.;RESTAURACIÓN;NT;1 jeringa de 4 gr.;70.65;70,65 €;94
1237;8351;GRADIA DIRECT JERINGA;G.C.;RESTAURACIÓN;AO3 opaco;1 jeringa de 4 gr.;70.65;70,65 €;94
1238;8352;GRADIA DIRECT JERINGA;G.C.;RESTAURACIÓN;A1;20 unitips x 0,16;100.5;100,50 €;94
1239;83520;GRADIA DIRECT JERINGA;G.C.;RESTAURACIÓN;P-A3,5;20 unitips x 0,16;100.5;100,50 €;94
1240;83521;GRADIA DIRECT JERINGA;G.C.;RESTAURACIÓN;P-A2;20 unitips x 0,16;100.5;100,50 €;94
1241;8353;GRADIA DIRECT JERINGA;G.C.;RESTAURACIÓN;C3;10 unitips x 0,16;50.65;50,65 €;94
1242;8354;GRADIA DIRECT JERINGA;G.C.;RESTAURACIÓN;A4;10 unitips x 0,16;50.65;50,65 €;94
1243;8355;GRADIA DIRECT JERINGA;G.C.;RESTAURACIÓN;AO2 opaco;1 jeringa de 4 gr.;70.65;70,65 €;94
1244;8356;GRADIA DIRECT JERINGA;G.C.;RESTAURACIÓN;AO3 opaco;1 jeringa de 4 gr.;70.65;70,65 €;94
1245;8357;GRADIA DIRECT JERINGA;G.C.;RESTAURACIÓN;PA3.5 Posterior;1 jeringa de 4 gr.;70.65;70,65 €;94
1246;8358;GRADIA DIRECT JERINGA;G.C.;RESTAURACIÓN;PA2 Posterior;1 jeringa de 4 gr.;70.65;70,65 €;94
1247;8359;GRADIA DIRECT JERINGA;G.C.;RESTAURACIÓN;PA3 Posterior;1 jeringa de 4 gr.;70.65;70,65 €;94
1248;8374;GRADIA DIRECT JERINGA;G.C.;RESTAURACIÓN;X-A2;1 jeringa x 4 gr. Radiopacidad extra.;50.65;50,65 €;94
1249;8375;GRADIA DIRECT JERINGA;G.C.;RESTAURACIÓN;X-A02 opaco;1 jeringa x 4 gr. Radiopacidad extra.;50.65;50,65 €;94
1250;8378;GRADIA DIRECT JERINGA;G.C.;RESTAURACIÓN;X-A3.5;1 jeringa x 4 gr. Radiopacidad extra.;50.65;50,65 €;94
1251;8380;GRADIA DIRECT JERINGA;G.C.;RESTAURACIÓN;X-A3;1 jeringa x 4 gr. Radiopacidad extra.;50.65;50,65 €;94
1252;98923;GRADIA DIRECT JERINGA;G.C.;RESTAURACIÓN;B1;1 jeringa de 4 gr.;70.65;70,65 €;94
1253;98993;GRADIA DIRECT JERINGA;G.C.;RESTAURACIÓN;Guia de Color;1 ud.;36.0;36,00 €;94
1254;99548;GRADIA DIRECT JERINGA;G.C.;RESTAURACIÓN;X-A2;20 unitips x 0,16 ml. Radiopacidad extra.;100.5;100,50 €;94
1255;99549;GRADIA DIRECT JERINGA;G.C.;RESTAURACIÓN;X-A3;20 unitips x 0,16 ml. Radiopacidad extra.;100.5;100,50 €;94
1256;99550;GRADIA DIRECT JERINGA;G.C.;RESTAURACIÓN;X-A3.5;20 unitips x 0,16 ml. Radiopacidad extra.;100.5;100,50 €;94
1257;99557;GRADIA DIRECT JERINGA;G.C.;RESTAURACIÓN;A3.5;20 unitips x 0,16;100.5;100,50 €;94
1258;99751;GRADIA DIRECT JERINGA;G.C.;RESTAURACIÓN;CVD (cervical oscuro);1 jeringa de 4 gr.;70.65;70,65 €;94
1259;42912;EVER X POSTERIOR;G.C.;RESTAURACIÓN;50 Unitips;;293.25;293,25 €;95
1260;46177;EVER X POSTERIOR;G.C.;RESTAURACIÓN;15 Unitips;;97.7;97,70 €;95
1261;8343;GRADIA DIRECT FLO;G.C.;RESTAURACIÓN;;2 jeringas de 1,5 gr. + 4 puntas metálicas.;69.25;69,25 €;95
1262;8371;GRADIA DIRECT FLO;G.C.;RESTAURACIÓN;A2;2 jeringas de 1,5 gr. + 4 puntas metálicas.;69.25;69,25 €;95
1263;8372;GRADIA DIRECT FLO;G.C.;RESTAURACIÓN;;2 jeringas de 1,5 gr. + 4 puntas metálicas.;69.25;69,25 €;95
1264;8373;GRADIA DIRECT FLO;G.C.;RESTAURACIÓN;;2 jeringas de 1,5 gr. + 4 puntas metálicas.;69.25;69,25 €;95
1265;83755;GRADIA DIRECT FLO;G.C.;RESTAURACIÓN;A1;2 jeringas de 1,5 gr. + 4 puntas metálicas.;69.25;69,25 €;95
1266;8394;GRADIA LOFLO;G.C.;RESTAURACIÓN;A2;2 jeringas de 1,3 gr.;69.25;69,25 €;95
1267;8395;GRADIA LOFLO;G.C.;RESTAURACIÓN;A3;2 jeringas de 1,3 gr.;69.25;69,25 €;95
1268;8396;GRADIA LOFLO;G.C.;RESTAURACIÓN;A3.5;2 jeringas de 1,3 gr.;69.25;69,25 €;95
1269;8397;GRADIA LOFLO;G.C.;RESTAURACIÓN;CV;2 jeringas de 1,3 gr.;69.25;69,25 €;95
1270;46179;EVER X FLOW;G.C.;RESTAURACIÓN;Bulk;1 jeringa x 2 ml. (3,7 gr.);72.45;72,45 €;96
1271;46180;EVER X FLOW;G.C.;RESTAURACIÓN;Dentina;1 jeringa x 2 ml. (3,7 gr.);72.45;72,45 €;96
1272;83703;G-PREMIO BOND;G.C.;RESTAURACIÓN;Kit (Bote 5 ml. + 50 aplicad. + accesorios);5 ml. & accesorios y monodosis.;152.2;152,20 €;96
1273;83704;G-PREMIO BOND;G.C.;RESTAURACIÓN;Reposición Bote 5 ml.;5 ml. & accesorios y monodosis.;119.95;119,95 €;96
1274;83741;G2 - BOND UNIVERSAL;G.C.;RESTAURACIÓN;Kit;1 botella G2-BOND Universal 1-PRIMER 2-BOND x 5 ml + 2 fundas para las botellas (Primer & Bond) microaplicadores + guía técnica.;187.15;187,15 €;96
1275;83742;G2 - BOND UNIVERSAL;G.C.;RESTAURACIÓN;Primer;5ml.;137.05;137,05 €;96
1276;83743;G2 - BOND UNIVERSAL;G.C.;RESTAURACIÓN;Bond;5ml.;57.95;57,95 €;96
1277;93709;G-AENIAL BOND;G.C.;RESTAURACIÓN;Kit (1 x 5 ml. + 50 aplicad.);;187.15;187,15 €;96
1278;93716;G-AENIAL BOND;G.C.;RESTAURACIÓN;Reposición (5 ml.);;143.95;143,95 €;96
1279;18703;ADHESIVO G-BOND KIT;G.C.;RESTAURACIÓN;Optiglaze;Envase 15 ml. Barniz Fotopolimerizable. Simplifica el proceso de acabado proporcionando una superficie brillante y estética en dientes acrílicos, prótesis removible y coronas provi- sionales.;74.05;74,05 €;97
1280;3747;CHARISMA REPOSICIÓN;Kulzer;RESTAURACIÓN;A2;1 jeringa de;77.07;77,07 €;97
1281;3748;CHARISMA REPOSICIÓN;Kulzer;RESTAURACIÓN;A3;1 jeringa de;77.07;77,07 €;97
1282;3749;CHARISMA REPOSICIÓN;Kulzer;RESTAURACIÓN;A3.5;1 jeringa de;77.07;77,07 €;97
1283;3750;CHARISMA REPOSICIÓN;Kulzer;RESTAURACIÓN;B2;1 jeringa de;77.07;77,07 €;97
1284;3751;CHARISMA REPOSICIÓN;Kulzer;RESTAURACIÓN;A1;1 jeringa de;77.07;77,07 €;97
1285;3752;CHARISMA REPOSICIÓN;Kulzer;RESTAURACIÓN;;1 jeringa de;77.07;77,07 €;97
1286;3753;CHARISMA REPOSICIÓN;Kulzer;RESTAURACIÓN;;1 jeringa de;77.07;77,07 €;97
1287;3754;CHARISMA REPOSICIÓN;Kulzer;RESTAURACIÓN;;1 jeringa de;77.07;77,07 €;97
1288;3755;CHARISMA REPOSICIÓN;Kulzer;RESTAURACIÓN;;1 jeringa de;77.07;77,07 €;97
1289;3756;CHARISMA REPOSICIÓN;Kulzer;RESTAURACIÓN;;1 jeringa de;77.07;77,07 €;97
1290;37560;CHARISMA REPOSICIÓN;Kulzer;RESTAURACIÓN;;1 jeringa de;77.07;77,07 €;97
1291;3757;CHARISMA REPOSICIÓN;Kulzer;RESTAURACIÓN;B1;1 jeringa de;77.07;77,07 €;97
1292;3758;CHARISMA REPOSICIÓN;Kulzer;RESTAURACIÓN;A4;1 jeringa de;77.07;77,07 €;97
1293;42864;PINCELES GRADIA;GC;RESTAURACIÓN;Pincel Redondo Nº1;10 unidades;62.15;62,15 €;97
1294;42865;PINCELES GRADIA;GC;RESTAURACIÓN;Pincel Plano Nº1;10 unidades;62.15;62,15 €;97
1295;8345;ADHESIVO G-BOND KIT;G.C.;RESTAURACIÓN;Botella 5 ml. + 50 aplicadores;Envase 15 ml. Barniz Fotopolimerizable. Simplifica el proceso de acabado proporcionando una superficie brillante y estética en dientes acrílicos, prótesis removible y coronas provi- sionales.;161.25;161,25 €;97
1296;8362;ADHESIVO G-BOND KIT;G.C.;RESTAURACIÓN;Cápsulas. 50 uds. x 0,1 ml.;Envase 15 ml. Barniz Fotopolimerizable. Simplifica el proceso de acabado proporcionando una superficie brillante y estética en dientes acrílicos, prótesis removible y coronas provi- sionales.;246.5;246,50 €;97
1297;H44170;OPTIGLAZE COLOR;GC;RESTAURACIÓN;Set completo: 15 colores;Capa protectora caracterización composite;161.25;161,25 €;97
1298;H44171;OPTIGLAZE COLOR;GC;RESTAURACIÓN;A plus;Envase 2,6;70.75;70,75 €;97
1299;H44172;OPTIGLAZE COLOR;GC;RESTAURACIÓN;B plus;Envase 2,6;70.75;70,75 €;97
1300;H44173;OPTIGLAZE COLOR;GC;RESTAURACIÓN;C plus;Envase 2,6;70.75;70,75 €;97
1301;H44174;OPTIGLAZE COLOR;GC;RESTAURACIÓN;White;Envase 2,6;70.75;70,75 €;97
1302;H44175;OPTIGLAZE COLOR;GC;RESTAURACIÓN;White Ivory;Envase 2,6;70.75;70,75 €;97
1303;H44176;OPTIGLAZE COLOR;GC;RESTAURACIÓN;Yellow;Envase 2,6;70.75;70,75 €;97
1304;H44177;OPTIGLAZE COLOR;GC;RESTAURACIÓN;Orange;Envase 2,6;70.75;70,75 €;97
1305;H44178;OPTIGLAZE COLOR;GC;RESTAURACIÓN;Pink Orange;Envase 2,6;70.75;70,75 €;97
1306;H44179;OPTIGLAZE COLOR;GC;RESTAURACIÓN;Red Brown;Envase 2,6;70.75;70,75 €;97
1307;H44180;OPTIGLAZE COLOR;GC;RESTAURACIÓN;Olive;Envase 2,6;161.25;161,25 €;97
1308;H44181;OPTIGLAZE COLOR;GC;RESTAURACIÓN;Grey;Envase 2,6;246.5;246,50 €;97
1309;H44182;OPTIGLAZE COLOR;GC;RESTAURACIÓN;Blue;Envase 2,6;70.75;70,75 €;97
1310;H44183;OPTIGLAZE COLOR;GC;RESTAURACIÓN;Lavender;Envase 2,6;70.75;70,75 €;97
1311;H44184;OPTIGLAZE COLOR;GC;RESTAURACIÓN;Pink;Envase 2,6;70.75;70,75 €;97
1312;H44185;OPTIGLAZE COLOR;GC;RESTAURACIÓN;Red;Envase 2,6;70.75;70,75 €;97
1313;H44186;OPTIGLAZE COLOR;GC;RESTAURACIÓN;Clear;Envase 5;70.75;70,75 €;97
1314;H44187;OPTIGLAZE COLOR;GC;RESTAURACIÓN;Clear HV;Envase 5;70.75;70,75 €;97
1315;3727;CHARISMA FLOW REPOSICIÓN JERINGA;Kulzer;RESTAURACIÓN;A1;1,8 gr.;32.88;32,88 €;98
1316;3728;CHARISMA FLOW REPOSICIÓN JERINGA;Kulzer;RESTAURACIÓN;A2;1,8 gr.;32.88;32,88 €;98
1317;3729;CHARISMA FLOW REPOSICIÓN JERINGA;Kulzer;RESTAURACIÓN;A3;1,8 gr.;32.88;32,88 €;98
1318;3730;CHARISMA FLOW REPOSICIÓN JERINGA;Kulzer;RESTAURACIÓN;A3.5;1,8 gr.;32.88;32,88 €;98
1319;3769;CHARISMA REPOSICIÓN COMPULES;Kulzer;RESTAURACIÓN;A1;20 compules de 0,25;110.4;110,40 €;98
1320;3770;CHARISMA REPOSICIÓN COMPULES;Kulzer;RESTAURACIÓN;A2;20 compules de 0,25;110.4;110,40 €;98
1321;3771;CHARISMA REPOSICIÓN COMPULES;Kulzer;RESTAURACIÓN;A3;20 compules de 0,25;110.4;110,40 €;98
1322;3772;CHARISMA REPOSICIÓN COMPULES;Kulzer;RESTAURACIÓN;A3.5;20 compules de 0,25;110.4;110,40 €;98
1323;3776;CHARISMA FLOW REPOSICIÓN JERINGA;Kulzer;RESTAURACIÓN;B2;1,8 gr.;32.88;32,88 €;98
1324;3777;CHARISMA FLOW REPOSICIÓN JERINGA;Kulzer;RESTAURACIÓN;OA2;1,8 gr.;32.88;32,88 €;98
1325;3778;CHARISMA FLOW REPOSICIÓN JERINGA;Kulzer;RESTAURACIÓN;Baseliner;1,8 gr.;32.88;32,88 €;98
1326;3779;CHARISMA FLOW REPOSICIÓN JERINGA;Kulzer;RESTAURACIÓN;ROW B3;1,8 gr.;32.88;32,88 €;98
1327;62603;VENUS DIAMOND REPOSICIÓN;Kulzer;RESTAURACIÓN;A1;1 jeringa de 4 gr.;94.7;94,70 €;98
1328;62604;VENUS DIAMOND REPOSICIÓN;Kulzer;RESTAURACIÓN;A2;1 jeringa de 4 gr.;94.7;94,70 €;98
1329;62605;VENUS DIAMOND REPOSICIÓN;Kulzer;RESTAURACIÓN;HKA2.5;1 jeringa de 4 gr.;94.7;94,70 €;98
1330;62606;VENUS DIAMOND REPOSICIÓN;Kulzer;RESTAURACIÓN;A3;1 jeringa de 4 gr.;94.7;94,70 €;98
1331;62607;VENUS DIAMOND REPOSICIÓN;Kulzer;RESTAURACIÓN;A3.5;1 jeringa de 4 gr.;94.7;94,70 €;98
1332;62608;VENUS DIAMOND REPOSICIÓN;Kulzer;RESTAURACIÓN;A4;1 jeringa de 4 gr.;94.7;94,70 €;98
1333;62610;CHARISMA REPOSICIÓN COMPULES;Kulzer;RESTAURACIÓN;B1;20 compules de 0,25;94.7;94,70 €;98
1334;62611;CHARISMA REPOSICIÓN COMPULES;Kulzer;RESTAURACIÓN;B2;20 compules de 0,25;94.7;94,70 €;98
1335;62612;CHARISMA REPOSICIÓN COMPULES;Kulzer;RESTAURACIÓN;B3;20 compules de 0,25;94.7;94,70 €;98
1336;62613;CHARISMA REPOSICIÓN COMPULES;Kulzer;RESTAURACIÓN;C2;20 compules de 0,25;94.7;94,70 €;98
1337;62614;CHARISMA REPOSICIÓN COMPULES;Kulzer;RESTAURACIÓN;C3;20 compules de 0,25;94.7;94,70 €;98
1338;62615;CHARISMA REPOSICIÓN COMPULES;Kulzer;RESTAURACIÓN;D3;20 compules de 0,25;94.7;94,70 €;98
1339;62616;VENUS DIAMOND REPOSICIÓN;Kulzer;RESTAURACIÓN;OL-opaco claro;;94.7;94,70 €;98
1340;62617;VENUS DIAMOND REPOSICIÓN;Kulzer;RESTAURACIÓN;OM-opaco medio;;94.7;94,70 €;98
1341;62618;VENUS DIAMOND REPOSICIÓN;Kulzer;RESTAURACIÓN;OD-opaco oscuro;1 jeringa de 4 gr.;94.7;94,70 €;98
1342;62619;VENUS DIAMOND REPOSICIÓN;Kulzer;RESTAURACIÓN;BL-blanco;1 jeringa de 4 gr.;94.7;94,70 €;98
1343;62620;VENUS DIAMOND REPOSICIÓN;Kulzer;RESTAURACIÓN;BXL-extrablanco;1 jeringa de 4 gr.;94.7;94,70 €;98
1344;62621;VENUS DIAMOND REPOSICIÓN;Kulzer;RESTAURACIÓN;OB-opaco blanco;1 jeringa de 4 gr.;94.7;94,70 €;98
1345;62622;VENUS DIAMOND REPOSICIÓN;Kulzer;RESTAURACIÓN;CL-transparente;1 jeringa de 4 gr.;94.7;94,70 €;98
1346;62623;VENUS DIAMOND REPOSICIÓN;Kulzer;RESTAURACIÓN;AM-ambar;1 jeringa de 4 gr.;94.7;94,70 €;98
1347;62624;VENUS DIAMOND REPOSICIÓN;Kulzer;RESTAURACIÓN;CO-transparente opal;1 jeringa de 4 gr.;94.7;94,70 €;98
1348;2496;VENUS FLOW;Kulzer;RESTAURACIÓN;A2.5;1 jeringa x 1,8 gr.;31.5;31,50 €;99
1349;59257;VENUS DIAMOND PLT;Kulzer;RESTAURACIÓN;;10 PLT;59.4;59,40 €;99
1350;59537;VENUS DIAMOND PLT;Kulzer;RESTAURACIÓN;;10 PLT;59.4;59,40 €;99
1351;6206;VENUS PLT COLOR;Kulzer;RESTAURACIÓN;A2;1 jeringa de 4 gr.;93.2;93,20 €;99
1352;6207;VENUS PLT COLOR;Kulzer;RESTAURACIÓN;A3;1 jeringa de 4 gr.;93.2;93,20 €;99
1353;6208;VENUS PLT COLOR;Kulzer;RESTAURACIÓN;A3.5;1 jeringa de 4 gr.;93.2;93,20 €;99
1354;6209;VENUS PLT COLOR;Kulzer;RESTAURACIÓN;A4;1 jeringa de 4 gr.;93.2;93,20 €;99
1355;6210;VENUS PLT COLOR;Kulzer;RESTAURACIÓN;B2;1 jeringa de 4 gr.;93.2;93,20 €;99
1356;6211;VENUS PLT COLOR;Kulzer;RESTAURACIÓN;OA2;1 jeringa de 4 gr.;93.2;93,20 €;99
1357;6212;VENUS PLT COLOR;Kulzer;RESTAURACIÓN;OA3;1 jeringa de 4 gr.;93.2;93,20 €;99
1358;6213;VENUS PLT COLOR;Kulzer;RESTAURACIÓN;A1;1 jeringa de 4 gr.;93.2;93,20 €;99
1359;6214;VENUS PLT COLOR;Kulzer;RESTAURACIÓN;A2;1 jeringa de 4 gr.;93.2;93,20 €;99
1360;6215;VENUS PLT COLOR;Kulzer;RESTAURACIÓN;C2;1 jeringa de 4 gr.;93.2;93,20 €;99
1361;6216;VENUS PLT COLOR;Kulzer;RESTAURACIÓN;C3;1 jeringa de 4 gr.;93.2;93,20 €;99
1362;6217;VENUS PLT COLOR;Kulzer;RESTAURACIÓN;D2;1 jeringa de 4 gr.;93.2;93,20 €;99
1363;6219;VENUS PLT COLOR;Kulzer;RESTAURACIÓN;A1;20 cápsulas de;122.85;122,85 €;99
1364;6220;VENUS PLT COLOR;Kulzer;RESTAURACIÓN;A2;20 cápsulas de;122.85;122,85 €;99
1365;6221;VENUS PLT COLOR;Kulzer;RESTAURACIÓN;A3;20 cápsulas de;122.85;122,85 €;99
1366;6222;VENUS PLT COLOR;Kulzer;RESTAURACIÓN;A3.5;20 cápsulas de;122.85;122,85 €;99
1367;6231;VENUS FLOW;Kulzer;RESTAURACIÓN;A3;1 jeringa x 1,8 gr.;31.5;31,50 €;99
1368;62627;VENUS FLOW;Kulzer;RESTAURACIÓN;A1;1 jeringa x 1,8 gr.;31.5;31,50 €;99
1369;62635;VENUS DIAMOND PLT;Kulzer;RESTAURACIÓN;;10 PLT;59.4;59,40 €;99
1370;62636;VENUS DIAMOND PLT;Kulzer;RESTAURACIÓN;;;117.8;117,80 €;99
1371;62637;VENUS DIAMOND PLT;Kulzer;RESTAURACIÓN;;10 PLT;117.8;117,80 €;99
1372;62639;VENUS DIAMOND PLT;Kulzer;RESTAURACIÓN;;;117.8;117,80 €;99
1373;62640;VENUS DIAMOND PLT;Kulzer;RESTAURACIÓN;;10 PLT;117.8;117,80 €;99
1374;62641;VENUS DIAMOND PLT;Kulzer;RESTAURACIÓN;A4;10 PLT;59.4;59,40 €;99
1375;62644;VENUS DIAMOND PLT;Kulzer;RESTAURACIÓN;C3;10 PLT;59.4;59,40 €;99
1376;62645;VENUS DIAMOND PLT;Kulzer;RESTAURACIÓN;D3;10 PLT;59.4;59,40 €;99
1377;96026;VENUS PLT COLOR;Kulzer;RESTAURACIÓN;OA3;10 cápsulas de;61.12;61,12 €;99
1378;96027;VENUS FLOW;Kulzer;RESTAURACIÓN;A2;1 jeringa x 1,8 gr.;31.5;31,50 €;99
1379;98781;VENUS PLT COLOR;Kulzer;RESTAURACIÓN;OA2;20 cápsulas de;122.85;122,85 €;99
1380;98784;VENUS PLT COLOR;Kulzer;RESTAURACIÓN;T1;10 cápsulas de;61.12;61,12 €;99
1381;98825;VENUS FLOW;Kulzer;RESTAURACIÓN;A3.5;1 jeringa x 1,8 gr.;31.5;31,50 €;99
1382;24873;VENUS PEARL;Kulzer;RESTAURACIÓN;A1;1 jeringa x 3 gr.;69.7;69,70 €;100
1383;24874;VENUS PEARL;Kulzer;RESTAURACIÓN;A2;1 jeringa x 3 gr.;69.7;69,70 €;100
1384;24875;VENUS PEARL;Kulzer;RESTAURACIÓN;A3;1 jeringa x 3 gr.;69.7;69,70 €;100
1385;24876;VENUS PEARL;Kulzer;RESTAURACIÓN;A3.5;1 jeringa x 3 gr.;69.7;69,70 €;100
1386;24877;VENUS PEARL;Kulzer;RESTAURACIÓN;A4;1 jeringa x 3 gr.;69.7;69,70 €;100
1387;24878;VENUS PEARL;Kulzer;RESTAURACIÓN;B1;1 jeringa x 3 gr.;69.7;69,70 €;100
1388;24879;VENUS PEARL;Kulzer;RESTAURACIÓN;B2;1 jeringa x 3 gr.;69.7;69,70 €;100
1389;24880;VENUS PEARL;Kulzer;RESTAURACIÓN;B3;1 jeringa x 3 gr.;69.7;69,70 €;100
1390;24881;VENUS PEARL;Kulzer;RESTAURACIÓN;C1;1 jeringa x 3 gr.;69.7;69,70 €;100
1391;24882;VENUS PEARL;Kulzer;RESTAURACIÓN;C2;1 jeringa x 3 gr.;69.7;69,70 €;100
1392;24883;VENUS PEARL;Kulzer;RESTAURACIÓN;C3;1 jeringa x 3 gr.;69.7;69,70 €;100
1393;24884;VENUS PEARL;Kulzer;RESTAURACIÓN;D3;1 jeringa x 3 gr.;69.7;69,70 €;100
1394;24885;VENUS PEARL;Kulzer;RESTAURACIÓN;HKA2,5;1 jeringa x 3 gr.;69.7;69,70 €;100
1395;24886;VENUS PEARL;Kulzer;RESTAURACIÓN;HKA5;1 jeringa x 3 gr.;69.7;69,70 €;100
1396;24887;VENUS PEARL;Kulzer;RESTAURACIÓN;OLC;1 jeringa x 3 gr.;69.7;69,70 €;100
1397;24888;VENUS PEARL;Kulzer;RESTAURACIÓN;OMC;1 jeringa x 3 gr.;69.7;69,70 €;100
1398;24889;VENUS PEARL;Kulzer;RESTAURACIÓN;ODC;1 jeringa x 3 gr.;69.7;69,70 €;100
1399;24890;VENUS PEARL;Kulzer;RESTAURACIÓN;OXDC;1 jeringa x 3 gr.;69.7;69,70 €;100
1400;24891;VENUS PEARL;Kulzer;RESTAURACIÓN;OB;1 jeringa x 3 gr.;69.7;69,70 €;100
1401;24892;VENUS PEARL;Kulzer;RESTAURACIÓN;BL;1 jeringa x 3 gr.;69.7;69,70 €;100
1402;24893;VENUS PEARL;Kulzer;RESTAURACIÓN;BXL;1 jeringa x 3 gr.;69.7;69,70 €;100
1403;24894;VENUS PEARL;Kulzer;RESTAURACIÓN;CL;1 jeringa x 3 gr.;69.7;69,70 €;100
1404;24895;VENUS PEARL;Kulzer;RESTAURACIÓN;AM;1 jeringa x 3 gr.;69.7;69,70 €;100
1405;24896;VENUS PEARL;Kulzer;RESTAURACIÓN;CO;1 jeringa x 3 gr.;69.7;69,70 €;100
1406;24898;VENUS PEARL;Kulzer;RESTAURACIÓN;CORE;1 jeringa x 3 gr.;69.7;69,70 €;100
1407;24899;VENUS PEARL;Kulzer;RESTAURACIÓN;GUM;1 jeringa x 3 gr.;69.7;69,70 €;100
1408;24903;VENUS PEARL;Kulzer;RESTAURACIÓN;PLT A1;20 PLT x 0,2 gr.;94.4;94,40 €;100
1409;24904;VENUS PEARL;Kulzer;RESTAURACIÓN;PLT A2;20 PLT x 0,2 gr.;94.4;94,40 €;100
1410;24905;VENUS PEARL;Kulzer;RESTAURACIÓN;PLT A3;20 PLT x 0,2 gr.;94.4;94,40 €;100
1411;24906;VENUS PEARL;Kulzer;RESTAURACIÓN;PLT A3.5;20 PLT x 0,2 gr.;94.4;94,40 €;100
1412;24907;VENUS PEARL;Kulzer;RESTAURACIÓN;PLT A;;94.4;94,40 €;100
1413;24908;VENUS PEARL;Kulzer;RESTAURACIÓN;PLT B1;1 jeringa x 3 gr.;94.4;94,40 €;100
1414;24909;VENUS PEARL;Kulzer;RESTAURACIÓN;PLT B2;1 jeringa x 3 gr.;94.4;94,40 €;100
1415;24912;VENUS PEARL;Kulzer;RESTAURACIÓN;PLT C2;1 jeringa x 3 gr.;94.4;94,40 €;100
1416;24914;VENUS PEARL;Kulzer;RESTAURACIÓN;PLT D3;1 jeringa x 3 gr.;94.4;94,40 €;100
1417;24915;VENUS PEARL;Kulzer;RESTAURACIÓN;PLT HKA2,5;1 jeringa x 3 gr.;94.4;94,40 €;100
1418;24916;VENUS PEARL;Kulzer;RESTAURACIÓN;PLT HKA5;1 jeringa x 3 gr.;94.4;94,40 €;100
1419;24917;VENUS PEARL;Kulzer;RESTAURACIÓN;PLT OLC;10 PLT x 0,2 gr.;69.7;69,70 €;100
1420;24918;VENUS PEARL;Kulzer;RESTAURACIÓN;PLT OMC;10 PLT x 0,2 gr.;69.7;69,70 €;100
1421;24919;VENUS PEARL;Kulzer;RESTAURACIÓN;PLT ODC;10 PLT x 0,2 gr.;69.7;69,70 €;100
1422;24921;VENUS PEARL;Kulzer;RESTAURACIÓN;PLT OB;10 PLT x 0,2 gr.;69.7;69,70 €;100
1423;24922;VENUS PEARL;Kulzer;RESTAURACIÓN;PLT BL;10 PLT x 0,2 gr.;69.7;69,70 €;100
1424;24924;VENUS PEARL;Kulzer;RESTAURACIÓN;PLT CL;10 PLT x 0,2 gr.;69.7;69,70 €;100
1425;24925;VENUS PEARL;Kulzer;RESTAURACIÓN;PLT AM;10 PLT x 0,2 gr.;69.7;69,70 €;100
1426;24929;VENUS PEARL;Kulzer;RESTAURACIÓN;PLT GUM;10 PLT x 0,2 gr.;69.7;69,70 €;100
1427;62322;VENUS DIAMOND ONE;Kulzer;RESTAURACIÓN;;1 jeringa de 4 gr.;113.64;113,64 €;101
1428;62323;VENUS DIAMOND ONE;Kulzer;RESTAURACIÓN;;20 cápsulas de 0,25;140.88;140,88 €;101
1429;62326;VENUS PEARL ONE;Kulzer;RESTAURACIÓN;;1 jeringa de 3 gr.;113.64;113,64 €;101
1430;62327;VENUS PEARL ONE;Kulzer;RESTAURACIÓN;;20 cápsulas de 0,2 gr.;140.88;140,88 €;101
1431;82231;VENUS PEARL PURE SHADES;Kulzer;RESTAURACIÓN;Light;20 cápsulas de 0,20 g;94.4;94,40 €;101
1432;82232;VENUS PEARL PURE SHADES;Kulzer;RESTAURACIÓN;;20 cápsulas de 0,20 g;94.4;94,40 €;101
1433;82233;VENUS PEARL PURE SHADES;Kulzer;RESTAURACIÓN;Dark;20 cápsulas de 0,20 g;94.4;94,40 €;101
1434;82234;VENUS PEARL PURE SHADES;Kulzer;RESTAURACIÓN;Bleach;20 cápsulas de 0,20 g;233.0;233,00 €;101
1435;82235;VENUS PEARL PURE SHADES;Kulzer;RESTAURACIÓN;Light;1 jeringa de 3 gramos;69.7;69,70 €;101
1436;82236;VENUS PEARL PURE SHADES;Kulzer;RESTAURACIÓN;Medium;1 jeringa de 3 gramos;69.7;69,70 €;101
1437;82237;VENUS PEARL PURE SHADES;Kulzer;RESTAURACIÓN;Dark;;69.7;69,70 €;101
1438;82238;VENUS PEARL PURE SHADES;Kulzer;RESTAURACIÓN;Bleach;;69.7;69,70 €;101
1439;82241;VENUS PEARL PURE SHADES;Kulzer;RESTAURACIÓN;Kit cápsulas;40 cápsulas de 0,20 MEDIUM) + 1 jeringa Shades (20u. de cada color: LIGHT + de 2 ml iBOND de 2 g Venus Bulk Flow ONE + 1 botella + tabla de equivalencias Universal + 5 puntas para Bulk Flow + instrucciones de uso + tarjetón ilustrativo iBOND Universal;185.0;185,00 €;101
1440;82242;VENUS PEARL PURE SHADES;Kulzer;RESTAURACIÓN;Kit jeringas;2 jeringas de 3 g de Shades (1u. de cada color: LIGHT + de 2 g Venus Bulk Flow ONE + 1 botella Universal + 5 puntas para Bulk Flow + tarjetón ilustrativo iBOND Universal;185.0;185,00 €;101
1441;24950;VENUS PURE DIAMOND FLOW JERINGA;Kulzer;RESTAURACIÓN;Light;1 jeringa de 1,8 gr. gr.;40.1;40,10 €;102
1442;24951;VENUS PURE DIAMOND FLOW JERINGA;Kulzer;RESTAURACIÓN;;1 jeringa de 1,8 gr. gr.;40.1;40,10 €;102
1443;24952;VENUS PURE DIAMOND FLOW JERINGA;Kulzer;RESTAURACIÓN;;1 jeringa de 1,8 gr. gr.;40.1;40,10 €;102
1444;24953;VENUS PURE DIAMOND FLOW JERINGA;Kulzer;RESTAURACIÓN;Bleach;1 jeringa de 1,8 gr. gr.;40.1;40,10 €;102
1445;45723;VENUS PURE DIAMOND FLOW JERINGA;Kulzer;RESTAURACIÓN;A3.5;20 unidades de 0,2;40.1;40,10 €;102
1446;62310;VENUS DIAMOND FLOW;Kulzer;RESTAURACIÓN;A2;1 jeringa de 1,8 gr.;40.1;40,10 €;102
1447;62311;VENUS DIAMOND FLOW;Kulzer;RESTAURACIÓN;A1;1 jeringa de 1,8 gr.;40.1;40,10 €;102
1448;62321;VENUS DIAMOND FLOW;Kulzer;RESTAURACIÓN;A3.5;1 jeringa de 1,8 gr.;40.1;40,10 €;102
1449;6233;VENUS PURE DIAMOND FLOW JERINGA;Kulzer;RESTAURACIÓN;A2;20 unidades de 0,2;40.1;40,10 €;102
1450;6234;VENUS PURE DIAMOND FLOW JERINGA;Kulzer;RESTAURACIÓN;A3;20 unidades de 0,2;40.1;40,10 €;102
1451;62341;VENUS DIAMOND FLOW;Kulzer;RESTAURACIÓN;A4;1 jeringa de 1,8 gr.;40.1;40,10 €;102
1452;6235;VENUS DIAMOND FLOW;Kulzer;RESTAURACIÓN;A3;1 jeringa de 1,8 gr.;40.1;40,10 €;102
1453;6236;VENUS DIAMOND FLOW;Kulzer;RESTAURACIÓN;B2;1 jeringa de 1,8 gr.;40.1;40,10 €;102
1454;82223;VENUS DIAMOND PURE;Kulzer;RESTAURACIÓN;Light;20 cápsulas de 0,25 g;117.4;117,40 €;102
1455;82224;VENUS DIAMOND PURE;Kulzer;RESTAURACIÓN;;20 cápsulas de 0,25 g;117.4;117,40 €;102
1456;82225;VENUS DIAMOND PURE;Kulzer;RESTAURACIÓN;Dark;20 cápsulas de 0,25 g;117.4;117,40 €;102
1457;82226;VENUS DIAMOND PURE;Kulzer;RESTAURACIÓN;Bleach;20 cápsulas de 0,25 g;281.0;281,00 €;102
1458;82227;VENUS DIAMOND PURE;Kulzer;RESTAURACIÓN;Light;1 jeringa de 4 gramos;94.7;94,70 €;102
1459;82228;VENUS DIAMOND PURE;Kulzer;RESTAURACIÓN;Medium;1 jeringa de 4 gramos;94.7;94,70 €;102
1460;82229;VENUS DIAMOND PURE;Kulzer;RESTAURACIÓN;Dark;;94.7;94,70 €;102
1461;82230;VENUS DIAMOND PURE;Kulzer;RESTAURACIÓN;Bleach;2 jeringas de 4 g de Shades (1 de cada color: LIGHT + MEDIUM) de 2 g Venus Bulk Flow ONE + 1 botella Universal + 5 puntas para el composite de equivalencias + tarjetón ilustrativo instrucciones de uso;94.7;94,70 €;102
1462;82239;VENUS DIAMOND PURE;Kulzer;RESTAURACIÓN;Kit cápsulas;40 cápsulas de 0,25 + 1 jeringa Pure Shades (20u. De cada color: LIGHT de 2 ml iBOND jeringa de 2 g Venus Bulk Flow ONE Bulk Flow + tabla iBOND Universal + 5 puntas para el iBOND Universal + tabla de equivalencias + tarjetón ilustrativo + instrucciones de uso;235.0;235,00 €;102
1463;82240;VENUS DIAMOND PURE;Kulzer;RESTAURACIÓN;Kit jeringas;2 jeringas de 4 g de Shades (1 de cada color: LIGHT + MEDIUM) de 2 g Venus Bulk Flow ONE + 1 botella Universal + 5 puntas para el composite de equivalencias + tarjetón ilustrativo instrucciones de uso;235.0;235,00 €;102
1464;16114;HERCULITE XRV ULTRA FLOW;Kerr;RESTAURACIÓN;A1;2 jeringas x 2 gr. + 20 puntas dispensadoras.;63.19;63,19 €;103
1465;16115;HERCULITE XRV ULTRA FLOW;Kerr;RESTAURACIÓN;A2;2 jeringas x 2 gr. + 20 puntas dispensadoras.;63.19;63,19 €;103
1466;16116;HERCULITE XRV ULTRA FLOW;Kerr;RESTAURACIÓN;A3;2 jeringas x 2 gr. + 20 puntas dispensadoras.;63.19;63,19 €;103
1467;16117;HERCULITE XRV ULTRA FLOW;Kerr;RESTAURACIÓN;A3.5;2 jeringas x 2 gr. + 20 puntas dispensadoras.;63.19;63,19 €;103
1468;16118;HERCULITE XRV ULTRA FLOW;Kerr;RESTAURACIÓN;A4;2 jeringas x 2 gr. + 20 puntas dispensadoras.;63.19;63,19 €;103
1469;16120;HERCULITE XRV ULTRA FLOW;Kerr;RESTAURACIÓN;XL2;2 jeringas x 2 gr. + 20 puntas dispensadoras.;63.19;63,19 €;103
1470;16121;HERCULITE XRV ULTRA FLOW;Kerr;RESTAURACIÓN;Universal opaco;2 jeringas x 2 gr. + 20 puntas dispensadoras.;63.19;63,19 €;103
1471;24971;IBOND ETCH;Kulzer;RESTAURACIÓN;Ibond Etch;;47.0;47,00 €;103
1472;24973;IBOND ETCH;Kulzer;RESTAURACIÓN;Ibond Etch;2 jeringas x 2 gr. + 20 puntas dispensadoras.;29.4;29,40 €;103
1473;24978;IBOND UNIVERSAL;Kulzer;RESTAURACIÓN;Botella de reposición de 4 ml.;;106.05;106,05 €;103
1474;24979;IBOND UNIVERSAL;Kulzer;RESTAURACIÓN;Pack económico: 3 botellas de;;276.15;276,15 €;103
1475;24982;IBOND UNIVERSAL;Kulzer;RESTAURACIÓN;Ibond ceramic primer: 1 botella;;94.4;94,40 €;103
1476;62632;IBOND TOTAL;Kulzer;RESTAURACIÓN;Botella 4 ml.;;107.1;107,10 €;103
1477;62633;IBOND TOTAL;Kulzer;RESTAURACIÓN;Value 3 x;;106.05;106,05 €;103
1478;62634;IBOND TOTAL;Kulzer;RESTAURACIÓN;Single dose;;276.15;276,15 €;103
1479;0361;HERCULITE XRV;Kerr;RESTAURACIÓN;Esmalte A-3;Jeringa de 5 gr.;61.78;61,78 €;104
1480;0362;HERCULITE XRV;Kerr;RESTAURACIÓN;Dentina A-3;Jeringa de 5 gr.;61.78;61,78 €;104
1481;0363;HERCULITE XRV;Kerr;RESTAURACIÓN;Esmalte A-3.5;Jeringa de 5 gr.;61.78;61,78 €;104
1482;0364;HERCULITE XRV;Kerr;RESTAURACIÓN;Dentina A-3.5;Jeringa de 5 gr.;61.78;61,78 €;104
1483;0365;HERCULITE XRV;Kerr;RESTAURACIÓN;Esmalte D-3;Jeringa de 5 gr.;61.78;61,78 €;104
1484;0366;HERCULITE XRV;Kerr;RESTAURACIÓN;Esmalte A-2;Jeringa de 5 gr.;61.78;61,78 €;104
1485;0367;HERCULITE XRV;Kerr;RESTAURACIÓN;Esmalte A-4;Jeringa de 5 gr.;61.78;61,78 €;104
1486;0368;HERCULITE XRV;Kerr;RESTAURACIÓN;Dentina A-2;Jeringa de 5 gr.;61.78;61,78 €;104
1487;0369;HERCULITE XRV;Kerr;RESTAURACIÓN;Esmalte C-4;Jeringa de 5 gr.;61.78;61,78 €;104
1488;0370;HERCULITE XRV;Kerr;RESTAURACIÓN;Esmalte B-2;Jeringa de 5 gr.;61.78;61,78 €;104
1489;0371;HERCULITE XRV;Kerr;RESTAURACIÓN;Incisal light;Jeringa de 2,5 gr.;61.78;61,78 €;104
1490;0372;HERCULITE XRV;Kerr;RESTAURACIÓN;Esmalte B-3;Jeringa de 5 gr.;61.78;61,78 €;104
1491;0373;HERCULITE XRV;Kerr;RESTAURACIÓN;Esmalte C-2;Jeringa de 5 gr.;61.78;61,78 €;104
1492;0374;HERCULITE XRV;Kerr;RESTAURACIÓN;Esmalte D-2;Jeringa de 5 gr.;61.78;61,78 €;104
1493;0375;HERCULITE XRV;Kerr;RESTAURACIÓN;Esmalte A-1;Jeringa de 5 gr.;61.78;61,78 €;104
1494;0376;HERCULITE XRV;Kerr;RESTAURACIÓN;Esmalte B-1;Jeringa de 5 gr.;61.78;61,78 €;104
1495;0377;HERCULITE XRV;Kerr;RESTAURACIÓN;Esmalte C-1;Jeringa de 5 gr.;61.78;61,78 €;104
1496;03772;HERCULITE XRV;Kerr;RESTAURACIÓN;Esmalte C-3;Jeringa de 5 gr.;61.78;61,78 €;104
1497;18735;HERCULITE ULTRA;Kerr;RESTAURACIÓN;Unidosis esmalte A1;4 gr. extra-fino) de 12,6 mm. y 2;65.29;65,29 €;104
1498;18738;HERCULITE ULTRA;Kerr;RESTAURACIÓN;Unidosis dentina A3;4 gr. extra-fino) de 12,6 mm. y 2;65.29;65,29 €;104
1499;18742;HERCULITE ULTRA;Kerr;RESTAURACIÓN;Esmalte C1;10 jeringas (4 gr.) de;63.19;63,19 €;104
1500;45231;HERCULITE XRV;Kerr;RESTAURACIÓN;Unidosis B2 esmalte;20 x 0,25 gr.;67.82;67,82 €;104
1501;45709;HERCULITE XRV;Kerr;RESTAURACIÓN;Unidosis A1 esmalte;20 x 0,25 gr.;67.82;67,82 €;104
1502;59573;HERCULITE ULTRA;Kerr;RESTAURACIÓN;Unidosis esmalte A4;4 gr. extra-fino) de 12,6 mm. y 2;65.29;65,29 €;104
1503;95084;HERCULITE XRV;Kerr;RESTAURACIÓN;Unidosis A2 dentina;20 x 0,25 gr.;67.82;67,82 €;104
1504;95085;HERCULITE XRV;Kerr;RESTAURACIÓN;Unidosis A3 dentina;20 x 0,25 gr.;67.82;67,82 €;104
1505;95086;HERCULITE XRV;Kerr;RESTAURACIÓN;Unidosis A3.5 dentina;20 x 0,25 gr.;67.82;67,82 €;104
1506;96700;HERCULITE ULTRA;Kerr;RESTAURACIÓN;Kit;10 jeringas (4 gr.) de;61.78;61,78 €;104
1507;96701;HERCULITE ULTRA;Kerr;RESTAURACIÓN;Kit estándar;6 jeringas (4 gr.) de los A2, A3, A3.5, D2 - Dentina: A3 1 Jeringa puntas para flowable,1 optibond solo grabador (3 gr.), 1 kit optidisc con 15;0.25;0,25 €;104
1508;96702;HERCULITE ULTRA;Kerr;RESTAURACIÓN;Mini kit;6 jeringas (4 gr.) de los A2, A3, A3.5, D2 - Dentina: A3 1 Jeringa puntas para flowable,1 optibond solo grabador (3 gr.), 1 kit optidisc con 15;148.14;148,14 €;104
1509;96703;HERCULITE XRV;Kerr;RESTAURACIÓN;Esmalte A1;Jeringa 4 gr.;63.19;63,19 €;104
1510;96704;HERCULITE XRV;Kerr;RESTAURACIÓN;Esmalte A2;Jeringa 4 gr.;63.19;63,19 €;104
1511;96705;HERCULITE ULTRA;Kerr;RESTAURACIÓN;Esmalte A3;;63.19;63,19 €;104
1512;96706;HERCULITE ULTRA;Kerr;RESTAURACIÓN;Esmalte A3,5;10 jeringas (4 gr.) de;63.19;63,19 €;104
1513;96707;HERCULITE ULTRA;Kerr;RESTAURACIÓN;Esmalte A4;10 jeringas (4 gr.) de;63.19;63,19 €;104
1514;96708;HERCULITE ULTRA;Kerr;RESTAURACIÓN;Esmalte B2;10 jeringas (4 gr.) de;63.19;63,19 €;104
1515;96709;HERCULITE ULTRA;Kerr;RESTAURACIÓN;Esmalte B3;10 jeringas (4 gr.) de;63.19;63,19 €;104
1516;96710;HERCULITE ULTRA;Kerr;RESTAURACIÓN;Esmalte C2;10 jeringas (4 gr.) de;63.19;63,19 €;104
1517;96711;HERCULITE ULTRA;Kerr;RESTAURACIÓN;Esmalte C3;10 jeringas (4 gr.) de;63.19;63,19 €;104
1518;96714;HERCULITE ULTRA;Kerr;RESTAURACIÓN;Dentina A2;10 jeringas (4 gr.) de;63.19;63,19 €;104
1519;96715;HERCULITE ULTRA;Kerr;RESTAURACIÓN;;10 jeringas (4 gr.) de;63.19;63,19 €;104
1520;96716;HERCULITE ULTRA;Kerr;RESTAURACIÓN;Dentina A3.5;6 jeringas (4 gr.) de los A2, A3, A3.5, D2 - Dentina: A3 1 Jeringa puntas para flowable,1 optibond solo grabador (3 gr.), 1 kit optidisc con 15;63.19;63,19 €;104
1521;96717;HERCULITE ULTRA;Kerr;RESTAURACIÓN;Dentina B2;6 jeringas (4 gr.) de los A2, A3, A3.5, D2 - Dentina: A3 1 Jeringa puntas para flowable,1 optibond solo grabador (3 gr.), 1 kit optidisc con 15;63.19;63,19 €;104
1522;9672;HERCULITE ULTRA;Kerr;RESTAURACIÓN;Unidosis dentina A2;4 gr. extra-fino) de 12,6 mm. y 2;65.29;65,29 €;104
1523;96730;HERCULITE ULTRA;Kerr;RESTAURACIÓN;Unidosis esmalte A2;4 gr. extra-fino) de 12,6 mm. y 2;65.29;65,29 €;104
1524;96731;HERCULITE ULTRA;Kerr;RESTAURACIÓN;Unidosis esmalte A3;4 gr. extra-fino) de 12,6 mm. y 2;65.29;65,29 €;104
1525;96732;HERCULITE ULTRA;Kerr;RESTAURACIÓN;Unidosis esmalte A3.5;4 gr. extra-fino) de 12,6 mm. y 2;65.29;65,29 €;104
1526;96733;HERCULITE ULTRA;Kerr;RESTAURACIÓN;Unidosis esmalte C3;4 gr. extra-fino) de 12,6 mm. y 2;65.29;65,29 €;104
1527;96734;HERCULITE ULTRA;Kerr;RESTAURACIÓN;Unidosis esmalte C4;4 gr. extra-fino) de 12,6 mm. y 2;65.29;65,29 €;104
1528;97577;HERCULITE XRV;Kerr;RESTAURACIÓN;Unidosis A3 esmalte;20 x 0,25 gr.;67.82;67,82 €;104
1529;0440;PREMISE REPOSICIÓN JERINGAS;Kerr;RESTAURACIÓN;Esmalte A1;Jer inga 4 gr.;95.06;95,06 €;105
1530;0441;PREMISE REPOSICIÓN JERINGAS;Kerr;RESTAURACIÓN;Esmalte A2;Jer inga 4 gr.;95.06;95,06 €;105
1531;0442;PREMISE REPOSICIÓN JERINGAS;Kerr;RESTAURACIÓN;Esmalte A3;Jer inga 4 gr.;95.06;95,06 €;105
1532;0443;PREMISE REPOSICIÓN JERINGAS;Kerr;RESTAURACIÓN;Esmalte A3.5;Jer inga 4 gr.;95.06;95,06 €;105
1533;0451;PREMISE REPOSICIÓN JERINGAS;Kerr;RESTAURACIÓN;Dentina A2;Jer inga 4 gr.;95.06;95,06 €;105
1534;0453;PREMISE REPOSICIÓN JERINGAS;Kerr;RESTAURACIÓN;Dentina A3;Jer inga 4 gr.;95.06;95,06 €;105
1535;18750;REVOLUTION FORMULA 2;Kerr;RESTAURACIÓN;Color A1;4 jeringas de 1 g;89.86;89,86 €;105
1536;96030;HARMONIZE;Kerr;RESTAURACIÓN;;4 jeringas de 4gr (Dentina A3-A3.5, esmalte A2-A3), instrucciones.;268.49;268,49 €;105
1537;96031;HARMONIZE;Kerr;RESTAURACIÓN;A2 dentina;1 jeringa de 4 gr.;89.09;89,09 €;105
1538;96032;HARMONIZE;Kerr;RESTAURACIÓN;A3 dentina;1 jeringa de 4 gr.;89.09;89,09 €;105
1539;96033;HARMONIZE;Kerr;RESTAURACIÓN;A3.5 dentina;1 jeringa de 4 gr.;89.09;89,09 €;105
1540;96034;HARMONIZE;Kerr;RESTAURACIÓN;A1 esmalte;1 jeringa de 4 gr.;89.09;89,09 €;105
1541;96035;HARMONIZE;Kerr;RESTAURACIÓN;A2 esmalte;1 jeringa de 4 gr.;89.09;89,09 €;105
1542;96036;HARMONIZE;Kerr;RESTAURACIÓN;A3 esmalte;1 jeringa de 4 gr.;89.09;89,09 €;105
1543;96037;HARMONIZE;Kerr;RESTAURACIÓN;A3.5 esmalte;1 jeringa de 4 gr.;89.09;89,09 €;105
1544;9679;VERTISE FLOW;Kerr;RESTAURACIÓN;A2;2 jeringas x 2 gr.;105.31;105,31 €;105
1545;9680;VERTISE FLOW;Kerr;RESTAURACIÓN;A3;2 jeringas x 2 gr.;105.31;105,31 €;105
1546;9681;VERTISE FLOW;Kerr;RESTAURACIÓN;A3.5;2 jeringas x 2 gr.;105.31;105,31 €;105
1547;97817;REVOLUTION FORMULA 2;Kerr;RESTAURACIÓN;Color A2;4 jeringas de 1 g;89.86;89,86 €;105
1548;97818;REVOLUTION FORMULA 2;Kerr;RESTAURACIÓN;Color A3;4 jeringas de 1 g;89.86;89,86 €;105
1549;0297;PREMISE FLOWABLE;Kerr;RESTAURACIÓN;Colores A1, A2, A3, B1;Elevada radiopacidad. Muy baja contracción. Premise flowable kit: 4 Jeringas colores;151.15;151,15 €;106
1550;03956;OPTIBOND UNIVERSAL;Kerr;RESTAURACIÓN;Kit;Adhesivo en bote 5 ml., 100 aplicadores, dispensadoras, 25 hojas de mezcla, instrucciones y ficha;161.37;161,37 €;106
1551;03957;OPTIBOND UNIVERSAL;Kerr;RESTAURACIÓN;Bote 5 ml.;Adhesivo en bote 5 ml., 100 aplicadores, dispensadoras, 25 hojas de mezcla, instrucciones y ficha;131.54;131,54 €;106
1552;03958;OPTIBOND UNIVERSAL;Kerr;RESTAURACIÓN;Kit monodosis;100 monodosis x 0,18 ml,100 aplicadores con 20 puntas, + instrucciones y ficha técnica.;366.13;366,13 €;106
1553;28574;COMPOSITE SONICFILL 3;Kerr;RESTAURACIÓN;A1;20 unidosis x 0,25 gr.;151.15;151,15 €;106
1554;28575;COMPOSITE SONICFILL 3;Kerr;RESTAURACIÓN;A2;20 unidosis x 0,25 gr.;151.15;151,15 €;106
1555;28576;COMPOSITE SONICFILL 3;Kerr;RESTAURACIÓN;A3;20 unidosis x 0,25 gr.;136.2;136,20 €;106
1556;28577;COMPOSITE SONICFILL 3;Kerr;RESTAURACIÓN;B1;20 unidosis x 0,25 gr.;136.2;136,20 €;106
1557;56798;OPTIBOND UNIVERSAL 360;Kerr;RESTAURACIÓN;Kit bote;Kit: 1 bote de adhesivo de 5 ml + 1 jeringa gel etchant de 3g;188.52;188,52 €;106
1558;56799;OPTIBOND UNIVERSAL 360;Kerr;RESTAURACIÓN;Bote 5ml;Kit: 1 bote de adhesivo de 5 ml + 1 jeringa gel etchant de 3g;142.79;142,79 €;106
1559;56800;OPTIBOND UNIVERSAL 360;Kerr;RESTAURACIÓN;Kit Unidosis;Kit: 1 bote de adhesivo de 5 ml + 1 jeringa gel etchant de 3g;315.06;315,06 €;106
1560;97579;PREMISE FLOWABLE;Kerr;RESTAURACIÓN;4 Jeringas universal opaco;Elevada radiopacidad. Muy baja contracción. Premise flowable kit: 4 Jeringas colores;151.15;151,15 €;106
1561;0315;OPTIBOND FL;Kerr;RESTAURACIÓN;;8 ml. Adhesivo + 8 ácido +10 puntas y accesorios.;308.91;308,91 €;108
1562;0338;OPTIBOND SOLO;Kerr;RESTAURACIÓN;Botella de;;140.41;140,41 €;108
1563;03395;OPTIBOND EXTRA UNIVERSAL;Kerr;RESTAURACIÓN;Kit bote :Primer x 5 ml. + adhesivo;;263.07;263,07 €;108
1564;03396;OPTIBOND EXTRA UNIVERSAL;Kerr;RESTAURACIÓN;Kit unidosis: 50 unidosis primer;;305.11;305,11 €;108
1565;03397;OPTIBOND EXTRA UNIVERSAL;Kerr;RESTAURACIÓN;Adhesivo bote 5 ml.;;124.76;124,76 €;108
1566;03398;OPTIBOND EXTRA UNIVERSAL;Kerr;RESTAURACIÓN;Primer bote 5 ml.;;124.76;124,76 €;108
1567;0378;OPTIBOND FL;Kerr;RESTAURACIÓN;;8 ml. Primer.;134.8;134,80 €;108
1568;0379;OPTIBOND FL;Kerr;RESTAURACIÓN;;8 ml. Adhesivo.;134.8;134,80 €;108
1569;0395;OPTIBOND SOLO;Kerr;RESTAURACIÓN;100 monodosis;;319.44;319,44 €;108
1570;16346;GEL ETCHANT JERINGA;Kerr;RESTAURACIÓN;;3 jer. x 3 gr. y 30 puntas. Ácido ortofosfórico al 37%. Óptima tixotropia para una cómoda aplicación.;96.6;96,60 €;108
1571;96799;OPTIBOND GEL;Kerr;RESTAURACIÓN;;1;134.8;134,80 €;108
1572;18802;SYNERGY D6 FLOW;Coltene;RESTAURACIÓN;Trial Kit jeringas;1 jeringa de 2,3 gr.;224.06;224,06 €;109
1573;18803;SYNERGY D6 FLOW;Coltene;RESTAURACIÓN;Trial Kit Tips;"(8 uds.) Tips color A2/B2, A3/D3, 0,2 g;(8 uds.) Tips color A3,5/B3, Translucent (Trans) 0,2 g instrucciones";146.06;146,06 €;109
1574;18804;SYNERGY D6 FLOW;Coltene;RESTAURACIÓN;Bleach (BL);1 jeringa. 3 gr.;58.37;58,37 €;109
1575;18805;SYNERGY D6 FLOW;Coltene;RESTAURACIÓN;A1/B1;1 jeringa. 3 gr.;58.37;58,37 €;109
1576;18806;SYNERGY D6 FLOW;Coltene;RESTAURACIÓN;A2/B2;1 jeringa. 3 gr.;85.34;85,34 €;109
1577;18807;SYNERGY D6 FLOW;Coltene;RESTAURACIÓN;A3/D3;1 jeringa. 3 gr.;85.34;85,34 €;109
1578;18808;SYNERGY D6 FLOW;Coltene;RESTAURACIÓN;A3.5/B3;1 jeringa. 3 gr.;85.34;85,34 €;109
1579;18809;SYNERGY D6 FLOW;Coltene;RESTAURACIÓN;C2/C3;1 jeringa. 3 gr.;85.34;85,34 €;109
1580;18810;SYNERGY D6 FLOW;Coltene;RESTAURACIÓN;A4/C4;1 jeringa. 3 gr.;85.34;85,34 €;109
1581;18811;SYNERGY D6 FLOW;Coltene;RESTAURACIÓN;Trans.;1 jeringa. 3 gr.;85.34;85,34 €;109
1582;18812;SYNERGY D6 FLOW;Coltene;RESTAURACIÓN;Bleach trans.;1 jeringa. 3 gr.;58.37;58,37 €;109
1583;18814;BRILLIANT EVERGLOW FLOW;Coltene Whaledent;RESTAURACIÓN;Tips A1/B1;20 uds. 0,2 gr. de uso.;85.34;85,34 €;109
1584;18815;BRILLIANT EVERGLOW FLOW;Coltene Whaledent;RESTAURACIÓN;Tips A2/B2;20 uds. 0,2 gr. de uso.;146.06;146,06 €;109
1585;18816;BRILLIANT EVERGLOW FLOW;Coltene Whaledent;RESTAURACIÓN;Tips A3/D3;20 uds. 0,2 gr. de uso.;85.34;85,34 €;109
1586;18817;BRILLIANT EVERGLOW FLOW;Coltene Whaledent;RESTAURACIÓN;Tips A3,5/B3;20 uds. 0,2 gr. de uso.;85.34;85,34 €;109
1587;18818;BRILLIANT EVERGLOW FLOW;Coltene Whaledent;RESTAURACIÓN;Tips C2/C3;20 uds. 0,2 gr. de uso.;85.34;85,34 €;109
1588;18819;BRILLIANT EVERGLOW FLOW;Coltene Whaledent;RESTAURACIÓN;Tips Trans.;20 uds. 0,2 gr. de uso.;58.37;58,37 €;109
1589;18850;BRILLIANT EVERGLOW FLOW;Coltene Whaledent;RESTAURACIÓN;A3 / D3;1 jeringa de 2 gr. + 5;34.48;34,48 €;109
1590;18851;BRILLIANT EVERGLOW FLOW;Coltene Whaledent;RESTAURACIÓN;A3.5 / B3;1 jeringa de 2 gr. + 5;34.48;34,48 €;109
1591;18852;BRILLIANT EVERGLOW FLOW;Coltene Whaledent;RESTAURACIÓN;A2 / B2;1 jeringa de 2 gr. + 5;34.48;34,48 €;109
1592;18853;BRILLIANT EVERGLOW FLOW;Coltene Whaledent;RESTAURACIÓN;A1 / B1;1 jeringa de 2 gr. + 5;34.48;34,48 €;109
1593;18854;BRILLIANT EVERGLOW FLOW;Coltene Whaledent;RESTAURACIÓN;Transparente;1 jeringa de 2 gr. + 5;34.48;34,48 €;109
1594;18855;BRILLIANT EVERGLOW FLOW;Coltene Whaledent;RESTAURACIÓN;Opaco A2 (OA2);1 jeringa de 2 gr. + 5;34.48;34,48 €;109
1595;61602;SYNERGY D6 FLOW;Coltene;RESTAURACIÓN;Jeringa A1/B1;1 jeringa de 2,3 gr.;37.63;37,63 €;109
1596;61603;SYNERGY D6 FLOW;Coltene;RESTAURACIÓN;Jeringa A2/B2;1 jeringa de 2,3 gr.;37.63;37,63 €;109
1597;61604;SYNERGY D6 FLOW;Coltene;RESTAURACIÓN;Jeringa A3/D3;1 jeringa de 2,3 gr.;37.63;37,63 €;109
1598;61605;SYNERGY D6 FLOW;Coltene;RESTAURACIÓN;Jeringa A3.5/B3;1 jeringa de 2,3 gr.;37.63;37,63 €;109
1599;17012;BRILLIANT BULK FILL FLOW;Coltene Whaledent;RESTAURACIÓN;;1 jeringa de 2,3 g +;45.32;45,32 €;110
1600;6121;SYNERGY D6;Coltene Whaledent;RESTAURACIÓN;Dentina White Bleach;1 jeringa de 4 gr.;71.32;71,32 €;110
1601;6122;SYNERGY D6;Coltene Whaledent;RESTAURACIÓN;Dentina A1/B1;1 jeringa de 4 gr.;71.32;71,32 €;110
1602;6123;SYNERGY D6;Coltene Whaledent;RESTAURACIÓN;Dentina A2/B2;1 jeringa de 4 gr.;71.32;71,32 €;110
1603;6124;SYNERGY D6;Coltene Whaledent;RESTAURACIÓN;Dentina A3/D3;1 jeringa de 4 gr.;71.32;71,32 €;110
1604;6125;SYNERGY D6;Coltene Whaledent;RESTAURACIÓN;Dentina A3.5/B3;1 jeringa de 4 gr.;71.32;71,32 €;110
1605;6126;SYNERGY D6;Coltene Whaledent;RESTAURACIÓN;Dentina C2/C3;1 jeringa de 4 gr.;71.32;71,32 €;110
1606;6127;SYNERGY D6;Coltene Whaledent;RESTAURACIÓN;Esmalte universal;1 jeringa de 4 gr.;71.32;71,32 €;110
1607;6130;SYNERGY D6;Coltene Whaledent;RESTAURACIÓN;Dentina White Bleach;10 tips de 0,25 gr.;71.32;71,32 €;110
1608;6131;SYNERGY D6;Coltene Whaledent;RESTAURACIÓN;Dentina A1/B1;10 tips de 0,25 gr.;71.32;71,32 €;110
1609;6132;SYNERGY D6;Coltene Whaledent;RESTAURACIÓN;Dentina A2/B2;10 tips de 0,25 gr.;71.32;71,32 €;110
1610;6133;SYNERGY D6;Coltene Whaledent;RESTAURACIÓN;Dentina A3/D3;10 tips de 0,25 gr.;71.32;71,32 €;110
1611;6134;SYNERGY D6;Coltene Whaledent;RESTAURACIÓN;Dentina A3.5/B3;10 tips de 0,25 gr.;71.32;71,32 €;110
1612;6135;SYNERGY D6;Coltene Whaledent;RESTAURACIÓN;Dentina C2/C3;10 tips de 0,25 gr.;71.32;71,32 €;110
1613;6136;SYNERGY D6;Coltene Whaledent;RESTAURACIÓN;Esmalte Universal;10 tips de 0,25 gr.;71.32;71,32 €;110
1614;99693;SYNERGY D6;Coltene Whaledent;RESTAURACIÓN;Dentina A4/D6;1 jeringa de 4 gr.;71.32;71,32 €;110
1615;37981;ONE COAT 7 UNIVERSAL;Coltene;RESTAURACIÓN;5 ml.;1 frasco Adhesivo x 5 ml.;104.62;104,62 €;111
1616;37982;ONE COAT 7 UNIVERSAL;Coltene;RESTAURACIÓN;Unidosis Kit;50 u. Unidosis x 0.1 ml. + 50 u. microaplicadores.;134.19;134,19 €;111
1617;38302;ONE COAT BOND;Coltene Whaledent;RESTAURACIÓN;Reposición 2;Sin;125.82;125,82 €;111
1618;38309;ONE COAT BOND;Coltene Whaledent;RESTAURACIÓN;Reposición 1,2;Sin;282.01;282,01 €;111
1619;6117;FILL UP COMPOSITE DUAL BULK FILL;Coltene;RESTAURACIÓN;"Reposición; (1u) Jeringa 4,5 g; (3u) Puntas de";;65.14;65,14 €;111
1620;6118;FILL UP COMPOSITE DUAL BULK FILL;Coltene;RESTAURACIÓN;"Intro Kit: (2 u) Jeringa 4,5 g; (6u) Puntas de mezcla";Sin;160.73;160,73 €;111
1621;6119;FILL UP COMPOSITE DUAL BULK FILL;Coltene;RESTAURACIÓN;"Economy Kit: (5u) Jeringa 4,5 g; (15u) Puntas";Sin;282.01;282,01 €;111
1622;61627;FILL UP COMPOSITE DUAL BULK FILL;Coltene;RESTAURACIÓN;Puntas de mezcla de 40 ud.;Sin;51.52;51,52 €;111
1623;9702;ENAMEL PLUS HFO KIT INTRO;;RESTAURACIÓN;;7 dentinas universales UD1 (A1)-UD2 (A2)-UD3 (A3)-UD3’5 (A3’5) (IR5)-UD6 (IR6). 3 esmaltes genéricos: GE1-GE2-G3. 1 esmalte opalescente: Blue natural (OBN). Guía de colores. 1 Enatech etching gel de 2 ml. 1 Glass connector;1119.73;1119,73 €;112
1624;9703;ENAMEL PLUS HFO TRI AL KIT;;RESTAURACIÓN;;4 dentinas universales fluorescentes: UD2 (A2)-UD3 (A3) UD4 (A4)-UD5 (IR5) 2 esmaltes genéricos: GE2-G3. 1 esmalte opalescente: Blue natural (OBN). Pulido Shiny Pastas: A-B-C, con cepillo y fieltro. 5 EnaPost conicidad 2% de 1mm. + fresa. EnaBond 2,5 ml. 1 Enatech etching gel de 2 ml.;1119.73;1119,73 €;112
1625;9704;ENAMEL PLUS HFO;Micerium;RESTAURACIÓN;;12 cápsulas de 0,3 gr.;331.25;331,25 €;113
1626;9705;ENAMEL PLUS HFO;Micerium;RESTAURACIÓN;;Permite calentar jeringas y tips a 39º;112.8;112,80 €;113
1627;9706;ENAMEL PLUS HFO;Micerium;RESTAURACIÓN;Esmalte GE1;Jeringa de 5 gr.;112.8;112,80 €;113
1628;9707;ENAMEL PLUS HFO;Micerium;RESTAURACIÓN;Esmalte GE2;Jeringa de 5 gr.;112.8;112,80 €;113
1629;9708;ENAMEL PLUS HFO;Micerium;RESTAURACIÓN;Esmalte GE3;Jeringa de 5 gr.;112.8;112,80 €;113
1630;9709;ENAMEL PLUS HFO;Micerium;RESTAURACIÓN;Intensivo white;Jeringa de 5 gr.;139.2;139,20 €;113
1631;9710;ENAMEL PLUS HFO;Micerium;RESTAURACIÓN;Intensivo milky;Jeringa de 5 gr.;139.2;139,20 €;113
1632;9711;ENAMEL PLUS HFO;Micerium;RESTAURACIÓN;Opalescente white;Jeringa de 5 gr.;139.2;139,20 €;113
1633;9712;ENAMEL PLUS HFO;Micerium;RESTAURACIÓN;Opalescente grey;Jeringa de 5 gr.;139.2;139,20 €;113
1634;9713;ENAMEL PLUS HFO;Micerium;RESTAURACIÓN;Opalescente amber;Jeringa de 5 gr.;139.2;139,20 €;113
1635;9714;ENAMEL PLUS HFO;Micerium;RESTAURACIÓN;Opalescente blue natural;Jeringa de 5 gr.;139.2;139,20 €;113
1636;9715;ENAMEL PLUS HFO;Micerium;RESTAURACIÓN;Dentina UD1;Jeringa de 5 gr.;112.8;112,80 €;113
1637;9716;ENAMEL PLUS HFO;Micerium;RESTAURACIÓN;Dentina UD2;Jeringa de 5 gr.;112.8;112,80 €;113
1638;9717;ENAMEL PLUS HFO;Micerium;RESTAURACIÓN;Dentina UD3;Jeringa de 5 gr.;112.8;112,80 €;113
1639;9718;ENAMEL PLUS HFO;Micerium;RESTAURACIÓN;Dentina UD3.5;Jeringa de 5 gr.;112.8;112,80 €;113
1640;9719;ENAMEL PLUS HFO;Micerium;RESTAURACIÓN;Dentina UD4;Jeringa de 5 gr.;112.8;112,80 €;113
1641;9720;ENAMEL PLUS HFO;Micerium;RESTAURACIÓN;Dentina UD5;Jeringa de 5 gr.;112.8;112,80 €;113
1642;9721;ENAMEL PLUS HFO;Micerium;RESTAURACIÓN;Dentina UD6;Jeringa de 5 gr.;112.8;112,80 €;113
1643;9722;ENAMEL PLUS HFO;Micerium;RESTAURACIÓN;Dentina C1;Jeringa de 5 gr.;112.8;112,80 €;113
1644;97235;ENAMEL PLUS HFO;Micerium;RESTAURACIÓN;Dentina UD2;12 cápsulas de 0,3 gr.;112.8;112,80 €;113
1645;97239;ENAMEL PLUS HFO;Micerium;RESTAURACIÓN;Dentina UD3;12 cápsulas de 0,3 gr.;112.8;112,80 €;113
1646;97240;ENAMEL PLUS HFO;Micerium;RESTAURACIÓN;Dentina UD1;12 cápsulas de 0,3 gr.;112.8;112,80 €;113
1647;97242;ENAMEL PLUS;Micerium;RESTAURACIÓN;Dentina UD1;Jeringa;126.0;126,00 €;113
1648;97243;ENAMEL PLUS;Micerium;RESTAURACIÓN;Dentina UD1;Jeringa;126.0;126,00 €;113
1649;97244;ENAMEL PLUS;Micerium;RESTAURACIÓN;Dentina UD3.5;Jeringa;126.0;126,00 €;113
1650;97370;ENAMEL PLUS;Micerium;RESTAURACIÓN;Esmalte UE1;Jeringa;159.6;159,60 €;113
1651;97371;ENAMEL PLUS;Micerium;RESTAURACIÓN;Esmalte UE2;Jeringa;159.6;159,60 €;113
1652;97372;ENAMEL PLUS;Micerium;RESTAURACIÓN;Dentina UD3;Jeringa;126.0;126,00 €;113
1653;97373;ENAMEL PLUS;Micerium;RESTAURACIÓN;Dentina UD4;Jeringa;126.0;126,00 €;113
1654;97381;ENAMEL PLUS;Micerium;RESTAURACIÓN;Dentina UD2;Jeringa;126.0;126,00 €;113
1655;98826;ENAMEL PLUS HFO;Micerium;RESTAURACIÓN;Dentina UD1;12 cápsulas de 0,3 g;126.0;126,00 €;113
1656;99653;ENAMEL PLUS;Micerium;RESTAURACIÓN;Esmalte UE3;Jeringa;159.6;159,60 €;113
1657;9730;GLASS CONNECTOR;Micerium;RESTAURACIÓN;;1 gramo;79.2;79,20 €;114
1658;9731;TINTE FLOW REPOSICIÓN;Micerium;RESTAURACIÓN;;1;546.0;546,00 €;114
1659;9732;TINTE FLOW REPOSICIÓN;;RESTAURACIÓN;White;1;78.0;78,00 €;114
1660;9733;TINTE FLOW REPOSICIÓN;;RESTAURACIÓN;Blue;1;78.0;78,00 €;114
1661;9734;TINTE FLOW REPOSICIÓN;;RESTAURACIÓN;Brown;1;78.0;78,00 €;114
1662;9735;TINTE FLOW REPOSICIÓN;;RESTAURACIÓN;Brown II;1;78.0;78,00 €;114
1663;9736;TINTE FLOW REPOSICIÓN;;RESTAURACIÓN;Yellow;1;78.0;78,00 €;114
1664;9737;TINTE FLOW REPOSICIÓN;;RESTAURACIÓN;Orange;1;78.0;78,00 €;114
1665;9738;TINTE FLOW REPOSICIÓN;;RESTAURACIÓN;Pincel C (supercolores);1;20.88;20,88 €;114
1666;9739;TINTE FLOW REPOSICIÓN;;RESTAURACIÓN;Pincel F (fossa);1;20.88;20,88 €;114
1667;9740;TINTE FLOW;Micerium;RESTAURACIÓN;Pincel M (modelación);1;20.88;20,88 €;114
1668;9741;TINTE FLOW;Micerium;RESTAURACIÓN;Blancos blandos.;White, brown II (dark), + pinceles;178.8;178,80 €;114
1669;9745;GLASS CONNECTOR;Micerium;RESTAURACIÓN;;1 gramo;178.8;178,80 €;114
1670;9746;SHINY PASTA;Micerium;RESTAURACIÓN;Shiny a pasta;Pasta Pasta diamantada Pasta abrillantadora Fieltros blancos Shiny;124.8;124,80 €;114
1671;9747;SHINY PASTA;Micerium;RESTAURACIÓN;Shiny B1 pasta;Pasta Pasta diamantada Pasta abrillantadora Fieltros blancos Shiny;124.8;124,80 €;114
1672;9748;SHINY PASTA;Micerium;RESTAURACIÓN;Shiny C pasta;Pasta Pasta diamantada Pasta abrillantadora Fieltros blancos Shiny;102.0;102,00 €;114
1673;9749;SHINY PASTA;Micerium;RESTAURACIÓN;Shiny S cepillo;Pasta Pasta diamantada Pasta abrillantadora Fieltros blancos Shiny;32.76;32,76 €;114
1674;9750;SHINY PASTA;Micerium;RESTAURACIÓN;Shiny S cepillo;Pasta Pasta diamantada Pasta abrillantadora Fieltros blancos Shiny;41.16;41,16 €;114
1675;9752;TINTE FLOW;Micerium;RESTAURACIÓN;;White, brown II (dark), + pinceles;546.0;546,00 €;114
1676;9753;TINTE FLOW;Micerium;RESTAURACIÓN;;White, brown II (dark), + pinceles;145.2;145,20 €;114
1677;60073;COMPOSITE MICROHIBRIDO;Bestdent;RESTAURACIÓN;A2;1 jeringa de 2 gr.;26.47;26,47 €;116
1678;60074;COMPOSITE MICROHIBRIDO;Bestdent;RESTAURACIÓN;A3;1 jeringa de 2 gr.;26.47;26,47 €;116
1679;60075;COMPOSITE MICROHIBRIDO;Bestdent;RESTAURACIÓN;A3.5;1 jeringa de 2 gr.;26.47;26,47 €;116
1680;60076;COMPOSITE MICROHIBRIDO;Bestdent;RESTAURACIÓN;B2;1 jeringa de 2 gr.;26.47;26,47 €;116
1681;60077;COMPOSITE MICROHIBRIDO;Bestdent;RESTAURACIÓN;A1;1 jeringa de 4 gr.;26.47;26,47 €;116
1682;60078;COMPOSITE MICROHIBRIDO;Bestdent;RESTAURACIÓN;A2;1 jeringa de 4 gr.;26.47;26,47 €;116
1683;60079;COMPOSITE MICROHIBRIDO;Bestdent;RESTAURACIÓN;A3;1 jeringa de 4 gr.;26.47;26,47 €;116
1684;60080;COMPOSITE MICROHIBRIDO;Bestdent;RESTAURACIÓN;A3.5;1 jeringa de 4 gr.;26.47;26,47 €;116
1685;60081;COMPOSITE MICROHIBRIDO;Bestdent;RESTAURACIÓN;B2;1 jeringa de 4 gr.;26.47;26,47 €;116
1686;60082;COMPOSITE MICROHIBRIDO;Bestdent;RESTAURACIÓN;C2;1 jeringa de 4 gr.;26.47;26,47 €;116
1687;60083;COMPOSITE MICROHIBRIDO;Bestdent;RESTAURACIÓN;Incisal;1 jeringa de 4 gr.;26.47;26,47 €;116
1688;60084;COMPOSITE MICROHIBRIDO;Bestdent;RESTAURACIÓN;Kit;7 jeringas + 2 ml. de gel agente de unión + 2 puntas + 10 micro;169.7;169,70 €;116
1689;60166;COMPOSITE MICROHIBRIDO;Bestdent;RESTAURACIÓN;A1;1 jeringa de 2 gr.;26.47;26,47 €;116
1690;60167;COMPOSITE MICROHIBRIDO;Bestdent;RESTAURACIÓN;A4;1 jeringa de 4 gr.;26.47;26,47 €;116
1691;60168;COMPOSITE BULK FILL FLUIDO;Bestdent;RESTAURACIÓN;Bulk fill fluido jeringa;1 jeringa 2 gr.;16.16;16,16 €;116
1692;60169;COMPOSITE BULK FILL FLUIDO;Bestdent;RESTAURACIÓN;Bulk fill fluido cápsulas;20 cápsulas 0,25 gr.;58.35;58,35 €;116
1693;74086;COMPOSITE MICROHIBRIDO;Bestdent;RESTAURACIÓN;OA3;1 jeringa de 4 gr.;26.47;26,47 €;116
1694;74087;COMPOSITE MICROHIBRIDO;Bestdent;RESTAURACIÓN;OA3;1 jeringa de 2 gr.;26.47;26,47 €;116
1695;74088;COMPOSITE MICROHIBRIDO;Bestdent;RESTAURACIÓN;A4;1 jeringa de 2 gr.;26.47;26,47 €;116
1696;74089;COMPOSITE MICROHIBRIDO;Bestdent;RESTAURACIÓN;C2;1 jeringa de 2 gr.;26.47;26,47 €;116
1697;01252;ÁCIDO JUMBO BESTDENT;Bestdent;RESTAURACIÓN;;1 jeringa ácido x 36 gr + 2 jeringas ácido x 1,2 gr + 24 puntas + conector para las jeringas;41.84;41,84 €;117
1698;20490;ÁCIDO GRABADOR AZUL;Bestdent;RESTAURACIÓN;4 Jeringas de 1.2 gr. + 6 puntas;;14.5;14,50 €;117
1699;30503;ADHESIVO DE AUTOGRABADO;Bestdent;RESTAURACIÓN;;5 ml.;54.46;54,46 €;117
1700;60019;ÁCIDO GRABADOR AZUL;Bestdent;RESTAURACIÓN;Puntas dispensadoras 12 uds.;;5.37;5,37 €;117
1701;60072;ADHESIVO BOTELLA;Bestdent;RESTAURACIÓN;;Botella 5 ml.;46.63;46,63 €;117
1702;60085;ÁCIDO GRABADOR AZUL;Bestdent;RESTAURACIÓN;1 Jeringa de 12 gr. + 12 puntas.;;17.29;17,29 €;117
1703;12377;TRANSCEND;Ultradent;RESTAURACIÓN;Intro kit jeringas;"7 jeringas de 4 gramos D, A2 D, A3 D, B1 D; 2 colores esmalte: (esmalte blanco) y 1 color universal:";329.0;329,00 €;118
1704;12378;MOSAIC COMPOSITE UNIVERSAL;Ultradent;RESTAURACIÓN;A1D;1 jeringa de 4 gramos;58.9;58,90 €;118
1705;12379;MOSAIC COMPOSITE UNIVERSAL;Ultradent;RESTAURACIÓN;A2D;1 jeringa de 4 gramos;58.9;58,90 €;118
1706;12407;MOSAIC COMPOSITE UNIVERSAL;Ultradent;RESTAURACIÓN;A3D;1 jeringa de 4 gramos;58.9;58,90 €;118
1707;12408;MOSAIC COMPOSITE UNIVERSAL;Ultradent;RESTAURACIÓN;B1D;1 jeringa de 4 gramos;58.9;58,90 €;118
1708;12409;TRANSCEND;Ultradent;RESTAURACIÓN;EN (Enamel Neutral);;58.9;58,90 €;118
1709;12410;TRANSCEND;Ultradent;RESTAURACIÓN;EW (Enamel White);;58.9;58,90 €;118
1710;12411;TRANSCEND;Ultradent;RESTAURACIÓN;UB (Universal Body);"7 jeringas de 4 gramos D, A2 D, A3 D, B1 D; 2 colores esmalte: (esmalte blanco) y 1 color universal:";58.9;58,90 €;118
1711;12412;MOSAIC COMPOSITE UNIVERSAL;Ultradent;RESTAURACIÓN;Econo kit jeringas;4 jeringas de 4 gramos;0.2;0,20 €;118
1712;12413;TRANSCEND;Ultradent;RESTAURACIÓN;Intro kit cápsulas;70 cápsulas de 0,20 cada color) colores dentina: A1 D, A2 esmalte: EN (esmalte neutral), EW (esmalte universal: UB (Universal Body);189.0;189,00 €;118
1713;12414;TRANSCEND;Ultradent;RESTAURACIÓN;A1D;10 cápsulas de 0,20 gramos;33.9;33,90 €;118
1714;12415;TRANSCEND;Ultradent;RESTAURACIÓN;A2D;10 cápsulas de 0,20 gramos;33.9;33,90 €;118
1715;12416;TRANSCEND;Ultradent;RESTAURACIÓN;A3D;10 cápsulas de 0,20 gramos;199.0;199,00 €;118
1716;12417;TRANSCEND;Ultradent;RESTAURACIÓN;B1D;10 cápsulas de 0,20 gramos;33.9;33,90 €;118
1717;12418;TRANSCEND;Ultradent;RESTAURACIÓN;EN (Enamel Neutral);10 cápsulas de 0,20 gramos;0.2;0,20 €;118
1718;12419;TRANSCEND;Ultradent;RESTAURACIÓN;EW (Enamel White);10 cápsulas de 0,20 gramos;33.9;33,90 €;118
1719;12420;TRANSCEND;Ultradent;RESTAURACIÓN;UB (Universal Body);10 cápsulas de 0,20 gramos;115.0;115,00 €;118
1720;12421;MOSAIC COMPOSITE UNIVERSAL;Ultradent;RESTAURACIÓN;Econo kit cápsulas;40 cápsulas de 0,20 Body);189.0;189,00 €;118
1721;18670;MOSAIC COMPOSITE UNIVERSAL;Ultradent;RESTAURACIÓN;A1;1 jeringa de 4 gr.;85.9;85,90 €;118
1722;18671;MOSAIC COMPOSITE UNIVERSAL;Ultradent;RESTAURACIÓN;A2;1 jeringa de 4 gr.;85.9;85,90 €;118
1723;18672;MOSAIC COMPOSITE UNIVERSAL;Ultradent;RESTAURACIÓN;A3;1 jeringa de 4 gr.;85.9;85,90 €;118
1724;18673;MOSAIC COMPOSITE UNIVERSAL;Ultradent;RESTAURACIÓN;A3.5;1 jeringa de 4 gr.;85.9;85,90 €;118
1725;18674;MOSAIC COMPOSITE UNIVERSAL;Ultradent;RESTAURACIÓN;A4;1 jeringa de 4 gr.;85.9;85,90 €;118
1726;18675;MOSAIC COMPOSITE UNIVERSAL;Ultradent;RESTAURACIÓN;A1;10 cápsulas de 0.2 gr.;85.9;85,90 €;118
1727;18676;MOSAIC COMPOSITE UNIVERSAL;Ultradent;RESTAURACIÓN;A2;10 cápsulas de 0.2 gr.;85.9;85,90 €;118
1728;18677;MOSAIC COMPOSITE UNIVERSAL;Ultradent;RESTAURACIÓN;A3;10 cápsulas de 0.2 gr.;85.9;85,90 €;118
1729;18678;MOSAIC COMPOSITE UNIVERSAL;Ultradent;RESTAURACIÓN;A3.5;10 cápsulas de 0.2 gr.;85.9;85,90 €;118
1730;56884;MOSAIC COMPOSITE UNIVERSAL;Ultradent;RESTAURACIÓN;A0.5;1 jeringa de 4 gr.;85.9;85,90 €;118
1731;56885;MOSAIC COMPOSITE UNIVERSAL;Ultradent;RESTAURACIÓN;A4;1 jeringa de 4 gr.;85.9;85,90 €;118
1732;18845;COMPOSITE;Ultradent;RESTAURACIÓN;2 jeringas de;;72.9;72,90 €;119
1733;56641;PEAK UNIVERSAL BOND;Ultradent;RESTAURACIÓN;Peak universal bond kit total:;;197.2;197,20 €;119
1734;59349;PEAK UNIVERSAL BOND JERINGA;Ultradent;RESTAURACIÓN;;Peak Universal Bond Kit Total Etch 1 jeringa de 1,2 ml. Ultra-Etch 1 jeringa de 1,2 ml. Peak Universal Bond 20;12.2;12,20 €;119
1735;83001;ULTRA-ETCH;Ultradent;RESTAURACIÓN;Boquillas bluemicro;Peak Universal Bond Kit Total Etch 1 jeringa de 1,2 ml. Ultra-Etch 1 jeringa de 1,2 ml. Peak Universal Bond 20;12.2;12,20 €;119
1736;98624;ULTRA-ETCH;Ultradent;RESTAURACIÓN;Ultra-Etch;Peak Universal Bond Kit Total Etch 1 jeringa de 1,2 ml. Ultra-Etch 1 jeringa de 1,2 ml. Peak Universal Bond 20;93.3;93,30 €;119
1737;99989;ULTRA-ETCH;Ultradent;RESTAURACIÓN;Ultra-Etch;Peak Universal Bond Kit Total Etch 1 jeringa de 1,2 ml. Ultra-Etch 1 jeringa de 1,2 ml. Peak Universal Bond 20;55.7;55,70 €;119
1738;24606;CLEARFIL MAJESTY ES2;Kuraray;RESTAURACIÓN;A2;Jeringa 3,6 gr.;73.16;73,16 €;120
1739;24622;CLEARFIL MAJESTY ES2;Kuraray;RESTAURACIÓN;A1;Jeringa 3,6 gr.;73.16;73,16 €;120
1740;24623;CLEARFIL MAJESTY ES2;Kuraray;RESTAURACIÓN;A3;Jeringa 3,6 gr.;73.16;73,16 €;120
1741;24624;CLEARFIL MAJESTY ES2;Kuraray;RESTAURACIÓN;A3.5;Jeringa 3,6 gr.;73.16;73,16 €;120
1742;24625;CLEARFIL MAJESTY ES2;Kuraray;RESTAURACIÓN;A4;Jeringa 3,6 gr.;69.09;69,09 €;120
1743;24631;CLEARFIL MAJESTY ES2 PREMIUM;Kuraray;RESTAURACIÓN;A2E;Jeringa 4,6 gr.;69.09;69,09 €;120
1744;24632;CLEARFIL MAJESTY ES2 PREMIUM;Kuraray;RESTAURACIÓN;A3.5D;Jeringa 4,6 gr.;69.09;69,09 €;120
1745;24633;CLEARFIL MAJESTY ES2 PREMIUM;Kuraray;RESTAURACIÓN;A3D;Jeringa 4,6 gr.;69.09;69,09 €;120
1746;24634;CLEARFIL MAJESTY ES2 PREMIUM;Kuraray;RESTAURACIÓN;A3E;Jeringa 4,6 gr.;69.09;69,09 €;120
1747;24689;CLEARFIL MAJESTY ES2 PREMIUM;Kuraray;RESTAURACIÓN;A2D;Jeringa 4,6 gr.;69.09;69,09 €;120
1748;9631;CLEARFIL AP-X;Kuraray;RESTAURACIÓN;A2;Jeringa 4,6 gr.;73.16;73,16 €;120
1749;9632;CLEARFIL AP-X;Kuraray;RESTAURACIÓN;A3;Jeringa 4,6 gr.;73.16;73,16 €;120
1750;9633;CLEARFIL AP-X;Kuraray;RESTAURACIÓN;A3.5;Jeringa 4,6 gr.;73.16;73,16 €;120
1751;97640;CLEARFIL AP-X;Kuraray;RESTAURACIÓN;C2;Jeringa 4,6 gr.;73.16;73,16 €;120
1752;24612;CLEARFIL PROTECT BOND KIT;Kuraray;RESTAURACIÓN;Kit;Primer x 6 ml. + Adhesivo x 5 ml. + accesorios.;228.4;228,40 €;121
1753;24618;CLEARFIL PROTECT BOND KIT;Kuraray;RESTAURACIÓN;Adhesivo x 5 ml.;Primer x 6 ml. + Adhesivo x 5 ml. + accesorios.;152.27;152,27 €;121
1754;24619;CLEARFIL PROTECT BOND KIT;Kuraray;RESTAURACIÓN;Primer x 6 ml.;Primer x 6 ml. + Adhesivo x 5 ml. + accesorios.;76.15;76,15 €;121
1755;24620;CLEARFIL SE BOND 2;Kuraray;RESTAURACIÓN;Kit: Primer 6 ml. + Adhesivo 5 ml. + acc.;;207.38;207,38 €;121
1756;24706;CLEARFIL MAJESTY ES FLOW LOW;Kuraray;RESTAURACIÓN;B1;Jeringa 2,7 gr.;60.67;60,67 €;121
1757;24707;CLEARFIL MAJESTY ES FLOW LOW;Kuraray;RESTAURACIÓN;XW;Jeringa 2,7 gr.;60.67;60,67 €;121
1758;24708;CLEARFIL MAJESTY ES FLOW LOW;Kuraray;RESTAURACIÓN;W;Jeringa 2,7 gr.;60.67;60,67 €;121
1759;63569;LUNA 2;SDI;RESTAURACIÓN;A1;1 jeringa de 4 gr.;76.68;76,68 €;121
1760;63570;LUNA 2;SDI;RESTAURACIÓN;A2;1 jeringa de 4 gr.;76.68;76,68 €;121
1761;63571;LUNA 2;SDI;RESTAURACIÓN;A3;1 jeringa de 4 gr.;76.68;76,68 €;121
1762;63572;LUNA 2;SDI;RESTAURACIÓN;A3.5;1 jeringa de 4 gr.;76.68;76,68 €;121
1763;63573;LUNA 2;SDI;RESTAURACIÓN;B1;1 jeringa de 4 gr.;76.68;76,68 €;121
1764;63574;LUNA 2;SDI;RESTAURACIÓN;B2;1 jeringa de 4 gr.;76.68;76,68 €;121
1765;63575;LUNA 2;SDI;RESTAURACIÓN;C2;1 jeringa de 4 gr.;76.68;76,68 €;121
1766;63576;LUNA 2;SDI;RESTAURACIÓN;XB;1 jeringa de 4 gr.;76.68;76,68 €;121
1767;63577;LUNA 2;SDI;RESTAURACIÓN;OA2;1 jeringa de 4 gr.;76.68;76,68 €;121
1768;63578;LUNA 2;SDI;RESTAURACIÓN;OA3;1 jeringa de 4 gr.;207.38;207,38 €;121
1769;96303;CLEARFIL SE BOND 2;Kuraray;RESTAURACIÓN;Adhesivo 5 ml.;;138.15;138,15 €;121
1770;96351;CLEARFIL MAJESTY ES FLOW LOW;Kuraray;RESTAURACIÓN;A2;Jeringa 2,7 gr.;60.67;60,67 €;121
1771;96352;CLEARFIL MAJESTY ES FLOW LOW;Kuraray;RESTAURACIÓN;A1;Jeringa 2,7 gr.;60.67;60,67 €;121
1772;96353;CLEARFIL MAJESTY ES FLOW LOW;Kuraray;RESTAURACIÓN;A3;Jeringa 2,7 gr.;60.67;60,67 €;121
1773;96354;CLEARFIL MAJESTY ES FLOW LOW;Kuraray;RESTAURACIÓN;A3.5;Jeringa 2,7 gr.;60.67;60,67 €;121
1774;24810;ZIPBOND;SDI;RESTAURACIÓN;;1 bote de 5 ml;105.62;105,62 €;122
1775;63523;STAE;SDI;RESTAURACIÓN;Botella de 5 ml.;1x5ml de adhesivo, garantiza perfectamente que el diente una apariencia natural ante la exposición 25 puntas, bloque mezclador. ultravioletas. ¡Nadie lo notará!;105.62;105,62 €;122
1776;71029;COMPOSITE STELA;SDI;RESTAURACIÓN;;1 jeringa automix de;155.85;155,85 €;122
1777;71030;COMPOSITE STELA;SDI;RESTAURACIÓN;Intro kit jeringa;1 jeringa automix Stela primer de 5 ml + 15 puntas de mezcla res super finos;193.67;193,67 €;122
1778;71031;COMPOSITE STELA;SDI;RESTAURACIÓN;;50 cápsulas;116.85;116,85 €;122
1779;71032;COMPOSITE STELA;SDI;RESTAURACIÓN;Intro kit cápsulas;10 cápsulas + 1 frasco de 5 ml + 15 microaplicaodres;116.85;116,85 €;122
1780;71033;COMPOSITE STELA;SDI;RESTAURACIÓN;Stela Primer;1 frasco de 5 ml;155.85;155,85 €;122
1781;71035;COMPOSITE STELA;SDI;RESTAURACIÓN;Reposición puntas de mezcla;50 unidades;234.09;234,09 €;122
1782;83052;WAVE MV;SDI;RESTAURACIÓN;A1;1 jeringa x 1 gr.;22.35;22,35 €;122
1783;83053;WAVE MV;SDI;RESTAURACIÓN;A3.5;1 jeringa x 1 gr.;22.35;22,35 €;122
1784;99495;WAVE MV;SDI;RESTAURACIÓN;A2;1 jeringa x 1 gr.;22.35;22,35 €;122
1785;99496;WAVE MV;SDI;RESTAURACIÓN;A3;1 jeringa x 1 gr.;22.35;22,35 €;122
1786;2122;OCTACID KIT;Laboratorios Clarben;RESTAURACIÓN;;4 jeringas x 1,2 ml.+ 8 cánulas de aplicación.;35.45;35,45 €;124
1787;21225;OCTACID;Laboratorios Clarben;RESTAURACIÓN;;Jeringa 12 gr. + 10 puntas. con agujas desechables. Es de color azul y viscosidad media;34.34;34,34 €;124
1788;63521;SUPER ETCH JUMBO;SDI;RESTAURACIÓN;Ácido Jumbo;2x25 ml., 2xjeringas 3 ml. vacías, 1 adaptador,;77.51;77,51 €;124
1789;6896;OCTACID JUMBO;Laboratorios Clarben;RESTAURACIÓN;;2 jeringas x 25 ml. + 2 jeringas x 3 ml. + 25 cánulas de aplicación. 50 aplicadores.;201.19;201,19 €;124
1790;2049;ÁCIDO DENTA-TECH;Dentaflux;RESTAURACIÓN;2 jeringas x 3,5ml.;Gel verde.Ortofosfórico;15.9;15,90 €;125
1791;56347;COMPOSITE PUREFILL2 BIO+;Elsodent;RESTAURACIÓN;A2;1 jeringa de 3 g;60.55;60,55 €;125
1792;56348;COMPOSITE PUREFILL2 BIO+;Elsodent;RESTAURACIÓN;A3;1 jeringa de 3 g;60.55;60,55 €;125
1793;56349;ADHESIVO UNIVERSAL HEALBOND MP BIO+;Elsodent;RESTAURACIÓN;;5 ml;92.82;92,82 €;125
1794;35220;POSTERIOR PROCLINIC EXPERT;Proclinic Expert;RESTAURACIÓN;Polvo 15 gr. + líquido 7 ml. Color A3;;97.61;97,61 €;126
1795;35221;RESTAURADOR LC PROCLINIC EXPERT;Proclinic Expert;RESTAURACIÓN;Polvo 15 gr. + líquido 6 ml. Color A3;;68.32;68,32 €;126
1796;25033;KETAC UNIVERSAL APLICAP;Solventum (3M);RESTAURACIÓN;Surtido;50 caps.;173.87;173,87 €;127
1797;25034;KETAC UNIVERSAL APLICAP;Solventum (3M);RESTAURACIÓN;Blanco;50 caps.;173.87;173,87 €;127
1798;25035;KETAC UNIVERSAL APLICAP;Solventum (3M);RESTAURACIÓN;A1;50 caps.;173.87;173,87 €;127
1799;25036;KETAC UNIVERSAL APLICAP;Solventum (3M);RESTAURACIÓN;A2;50 caps.;173.87;173,87 €;127
1800;25037;KETAC UNIVERSAL APLICAP;Solventum (3M);RESTAURACIÓN;A3;50 caps.;173.87;173,87 €;127
1801;25038;KETAC UNIVERSAL APLICAP;Solventum (3M);RESTAURACIÓN;A3.5;50 caps.;173.87;173,87 €;127
1802;25041;KETAC UNIVERSAL HANDMIX;;RESTAURACIÓN;Intro kit A3;12,5 gr de polvo y 8,5 gr. de líquido.;133.5;133,50 €;127
1803;25044;KETAC UNIVERSAL APLICAP;Solventum (3M);RESTAURACIÓN;A2;12,5 gr. de polvo.;173.87;173,87 €;127
1804;25045;KETAC UNIVERSAL APLICAP;Solventum (3M);RESTAURACIÓN;A3;12,5 gr. de polvo.;173.87;173,87 €;127
1805;25048;KETAC UNIVERSAL APLICAP;Solventum (3M);RESTAURACIÓN;Líquido;8,5 ml.;173.87;173,87 €;127
1806;45202;KETAC-FIL PLUS APLICAP;Solventum (3M);RESTAURACIÓN;Surtido;Para obturación de;147.0;147,00 €;127
1807;45203;KETAC-FIL PLUS APLICAP;Solventum (3M);RESTAURACIÓN;Light Yellow A2;Para obturación de;147.0;147,00 €;127
1808;4521;KETAC-FIL PLUS APLICAP;Solventum (3M);RESTAURACIÓN;Yellow A3;Para obturación de;147.0;147,00 €;127
1809;4523;KETAC-FIL PLUS APLICAP;Solventum (3M);RESTAURACIÓN;Brown A3.5;Para obturación de;147.0;147,00 €;127
1810;4524;KETAC-FIL PLUS APLICAP;Solventum (3M);RESTAURACIÓN;Light A1;Para obturación de;147.0;147,00 €;127
1811;4528;KETAC CONDITIONER APLICAP;Solventum (3M);RESTAURACIÓN;;Acondicionador de de aplicar Ketac-Fil. 10 ml.;16.06;16,06 €;127
1812;4562;KETAC MOLAR;Solventum (3M);RESTAURACIÓN;A3;50 unidades.;187.66;187,66 €;127
1813;4563;KETAC MOLAR;Solventum (3M);RESTAURACIÓN;A1;50 unidades.;187.66;187,66 €;127
1814;12561;FUJI II LC IMPROVED;G.C.;RESTAURACIÓN;Surtido;50 cápsulas.;202.75;202,75 €;128
1815;42914;FUJI II;G.C.;RESTAURACIÓN;;8 ml. líquido.;173.05;173,05 €;128
1816;46037;FUJI II;G.C.;RESTAURACIÓN;22;15 gr. Polvo.;59.55;59,55 €;128
1817;4605;FUJI IX GP;G.C.;RESTAURACIÓN;;Polvo 15 gr.;68.35;68,35 €;128
1818;4606;FUJI II LC IMPROVED;G.C.;RESTAURACIÓN;A3;15 gr. polvo.;89.2;89,20 €;128
1819;46092;FUJI II;G.C.;RESTAURACIÓN;23;15 gr. Polvo.;59.55;59,55 €;128
1820;4614;FUJI II;G.C.;RESTAURACIÓN;22;15 gr. polvo + 8 ml. líquido.;91.9;91,90 €;128
1821;46142;FUJI II;G.C.;RESTAURACIÓN;21;15 gr. polvo + 8 ml. líquido.;91.9;91,90 €;128
1822;4616;FUJI IX GP;G.C.;RESTAURACIÓN;Kit;15 gr. Polvo A3 + 6,4;107.2;107,20 €;128
1823;4619;FUJI IX GP CÁPSULAS;G.C.;RESTAURACIÓN;Fast A2;50 cápsulas.;173.05;173,05 €;128
1824;4647;FUJI IX GP CÁPSULAS;G.C.;RESTAURACIÓN;Fast A3;50 cápsulas.;173.05;173,05 €;128
1825;8368;EQUIA;G.C.;RESTAURACIÓN;Intro pack surtido;50 cápsulas (10 u. x;250.8;250,80 €;128
1826;8370;FUJI II;G.C.;RESTAURACIÓN;Intro pack A3;50 cápsulas + Equia coat x 4 ml. + accesorios.;250.8;250,80 €;128
1827;83700;FUJI II;G.C.;RESTAURACIÓN;;Equia coat x 4 ml. + microaplicadores.;250.8;250,80 €;128
1828;83701;FUJI II;G.C.;RESTAURACIÓN;Promo pack;100 cápsulas (50u. x A2 + 50 u. x A3) Equia coat x 4 ml.+ accesorios.;421.6;421,60 €;128
1829;83702;FUJI II;G.C.;RESTAURACIÓN;Intro pack A2;50 cápsulas + Equia coat x 4 ml. + accesorios.;250.8;250,80 €;128
1830;96877;FUJI IX GP CÁPSULAS;G.C.;RESTAURACIÓN;A2;50 cápsulas.;170.5;170,50 €;128
1831;96878;FUJI IX GP CÁPSULAS;G.C.;RESTAURACIÓN;A3;50 cápsulas.;170.5;170,50 €;128
1832;96883;FUJI IX GP CÁPSULAS;G.C.;RESTAURACIÓN;A3.5;50 cápsulas.;170.5;170,50 €;128
1833;96884;FUJI IX GP;G.C.;RESTAURACIÓN;A2;Polvo 15 gr.;68.35;68,35 €;128
1834;96885;FUJI IX GP;G.C.;RESTAURACIÓN;A3;Polvo 15 gr.;68.35;68,35 €;128
1835;96886;FUJI IX GP;G.C.;RESTAURACIÓN;B3;Polvo 15 gr.;68.35;68,35 €;128
1836;96887;FUJI IX GP;G.C.;RESTAURACIÓN;;Líquido 6,4 ml.;45.9;45,90 €;128
1837;9690;FUJI II;G.C.;RESTAURACIÓN;A1;50 caps.;212.0;212,00 €;128
1838;96904;FUJI II LC IMPROVED;G.C.;RESTAURACIÓN;A2;50 cápsulas.;202.75;202,75 €;128
1839;96905;FUJI II LC IMPROVED;G.C.;RESTAURACIÓN;A3;50 cápsulas.;202.75;202,75 €;128
1840;9691;FUJI II;G.C.;RESTAURACIÓN;A3;50 caps.;212.0;212,00 €;128
1841;9692;FUJI II;G.C.;RESTAURACIÓN;A3.5;50 caps.;212.0;212,00 €;128
1842;96925;FUJI IX GP CÁPSULAS;G.C.;RESTAURACIÓN;Fast A3.5;50 cápsulas.;173.05;173,05 €;128
1843;9693;FUJI II;G.C.;RESTAURACIÓN;B1;50 caps.;212.0;212,00 €;128
1844;9694;FUJI II;G.C.;RESTAURACIÓN;B2;50 caps.;212.0;212,00 €;128
1845;9696;FUJI II;G.C.;RESTAURACIÓN;A2;50 caps.;212.0;212,00 €;128
1846;97030;FUJI II LC IMPROVED;G.C.;RESTAURACIÓN;A3.5;50 cápsulas.;202.75;202,75 €;128
1847;35520;CAVITY CONDITIONER;G.C.;RESTAURACIÓN;;Envase de 5,7 ml. la adhesión de los ionómeros.;62.55;62,55 €;129
1848;49504;DENTIN CONDITIONER;G.C.;RESTAURACIÓN;;Envase de 25 gr.;105.65;105,65 €;129
1849;8363;G-COAT PLUS;G.C.;RESTAURACIÓN;;Envase de 4 ml.;105.65;105,65 €;129
1850;83721;EQUIA FORTE HT;G.C.;RESTAURACIÓN;Promo pack A2;100 cápsulas x 0,4 + 1 EQUIA Forte coat x 4 ml.;391.2;391,20 €;129
1851;83722;EQUIA FORTE HT;G.C.;RESTAURACIÓN;Promo pack A2-A3;100 cápsulas x 0,4 + 1 EQUIA Forte coat x 4 ml.;391.2;391,20 €;129
1852;83723;EQUIA FORTE HT;G.C.;RESTAURACIÓN;Promo pack A3;100 cápsulas x 0,4 + 1 EQUIA Forte coat x 4 ml.;391.2;391,20 €;129
1853;83724;EQUIA FORTE HT;G.C.;RESTAURACIÓN;Promo pack A3-B3;100 cápsulas x 0,4 + 1 EQUIA Forte coat x 4 ml.;391.2;391,20 €;129
1854;83728;DENTIN CONDITIONER;G.C.;RESTAURACIÓN;A1;50 cápsulas x 0,4 gr.;200.6;200,60 €;129
1855;83729;DENTIN CONDITIONER;G.C.;RESTAURACIÓN;A2;50 cápsulas x 0,4 gr.;200.6;200,60 €;129
1856;83730;DENTIN CONDITIONER;G.C.;RESTAURACIÓN;A3;50 cápsulas x 0,4 gr.;200.6;200,60 €;129
1857;83731;DENTIN CONDITIONER;G.C.;RESTAURACIÓN;A3.5;50 cápsulas x 0,4 gr.;200.6;200,60 €;129
1858;83732;DENTIN CONDITIONER;G.C.;RESTAURACIÓN;B1;50 cápsulas x 0,4 gr.;391.2;391,20 €;129
1859;83733;DENTIN CONDITIONER;G.C.;RESTAURACIÓN;B2;50 cápsulas x 0,4 gr.;391.2;391,20 €;129
1860;83734;DENTIN CONDITIONER;G.C.;RESTAURACIÓN;B3;50 cápsulas x 0,4 gr.;391.2;391,20 €;129
1861;83736;DENTIN CONDITIONER;G.C.;RESTAURACIÓN;Surtido A2, A3, A3.5, B1, B3;50 cápsulas x 0,4 gr.;391.2;391,20 €;129
1862;83737;EQUIA FORTE COAT FLIP CAP;G.C.;RESTAURACIÓN;;Bote de 4 ml.;200.6;200,60 €;129
1863;48501;IONOSTAR MOLAR;Voco;RESTAURACIÓN;Set surtido 50 cápsulas.;;104.2;104,20 €;130
1864;48502;IONOSTAR MOLAR;Voco;RESTAURACIÓN;A2 (2 jeringas de 2 gr.);;104.2;104,20 €;130
1865;48503;IONOSTAR MOLAR;Voco;RESTAURACIÓN;A3 (2 jeringas de 2 gr.);;104.2;104,20 €;130
1866;48744;IONOSTAR PLUS;Voco;RESTAURACIÓN;150 cápsulas A2;;467.1;467,10 €;130
1867;48745;IONOSTAR PLUS;Voco;RESTAURACIÓN;150 cápsulas A3;;467.1;467,10 €;130
1868;48746;IONOSTAR PLUS;Voco;RESTAURACIÓN;20 cápsulas A2;150 cápsulas;70.4;70,40 €;130
1869;48747;IONOSTAR PLUS;Voco;RESTAURACIÓN;20 cápsulas A3;150 cápsulas;70.4;70,40 €;130
1870;48749;IONOSTAR PLUS;Voco;RESTAURACIÓN;Set aplicación 50 cápsulas;150 cápsulas;174.7;174,70 €;130
1871;61726;IONOLUX;Voco;RESTAURACIÓN;Set Aplicación 50 cápsulas;10 cápsulas A1, 10 guía color, instrumento Trifill.;246.1;246,10 €;130
1872;61727;IONOLUX;Voco;RESTAURACIÓN;A1;20 cápsulas;104.2;104,20 €;130
1873;61728;IONOLUX;Voco;RESTAURACIÓN;A2;20 cápsulas;104.2;104,20 €;130
1874;61729;IONOLUX;Voco;RESTAURACIÓN;A3;20 cápsulas;104.2;104,20 €;130
1875;61730;IONOLUX;Voco;RESTAURACIÓN;A3.5;20 cápsulas;104.2;104,20 €;130
1876;61731;IONOLUX;Voco;RESTAURACIÓN;B1;20 cápsulas;104.2;104,20 €;130
1877;61732;IONOLUX;Voco;RESTAURACIÓN;A2;150 cápsulas;649.2;649,20 €;130
1878;61733;IONOLUX;Voco;RESTAURACIÓN;A3;150 cápsulas;649.2;649,20 €;130
1879;77960;ACTIVA RESTAURATIVE;Pulpdent;RESTAURACIÓN;A2;1 jeringa de 5 ml. +;143.09;143,09 €;130
1880;77961;ACTIVA RESTAURATIVE;Pulpdent;RESTAURACIÓN;A3;1 jeringa de 5 ml. +;143.09;143,09 €;130
1881;77962;ACTIVA RESTAURATIVE;Pulpdent;RESTAURACIÓN;A3.5;1 jeringa de 5 ml. +;143.09;143,09 €;130
1882;77963;IONOSTAR MOLAR;Voco;RESTAURACIÓN;1 ud.;1 jeringa de 5 ml. +;143.09;143,09 €;130
1883;77968;ACTIVA KIDS;Pulpdent;RESTAURACIÓN;;1 jeringa de 5 ml + 20 puntas.;135.86;135,86 €;130
1884;77969;ACTIVA RESTAURATIVE;Pulpdent;RESTAURACIÓN;Kit Intro A2;1 dispensador + 1 + 20 puntas.;253.96;253,96 €;130
1885;77970;ACTIVA RESTAURATIVE;Pulpdent;RESTAURACIÓN;Kit Intro A3;1 dispensador + 1 + 20 puntas.;253.96;253,96 €;130
1886;3202;IPS CERAMIC;Ivoclar Vivadent;RESTAURACIÓN;Kit 30 gr. polvo + 5 ml. etching;;93.65;93,65 €;131
1887;32021;IPS CERAMIC;Ivoclar Vivadent;RESTAURACIÓN;Gel grabador 5 ml.;;48.8;48,80 €;131
1888;3300;IPS CERAMIC;Ivoclar Vivadent;RESTAURACIÓN;Polvo neutralización 30 gr.;;48.8;48,80 €;131
1889;5664;PORCELAIN ETCH;Ultradent;RESTAURACIÓN;;2 jeringas de 1,2 ml. piezas de cerámica o de metal-cerámica;43.6;43,60 €;131
1890;76319;IPS CERAMIC;Ivoclar Vivadent;RESTAURACIÓN;;;62.38;62,38 €;131
1891;78577;ÁCIDO FLUORHÍDRICO;Proclinic Expert;RESTAURACIÓN;;2 unidades x 1,2;33.09;33,09 €;131
1892;59272;PORCELAIN ETCH KIT;Ultradent;RESTAURACIÓN;;2 jer ingas de 1,2 ml. 2 jeringas de 1,2 ml. de Silano. 40 Tips.;34.7;34,70 €;132
1893;6399;SILANO ULTRADENT;Ultradent;RESTAURACIÓN;;2 jeringas de 1,2 ml.;34.7;34,70 €;132
1894;7632;SILANO;Pulpdent;RESTAURACIÓN;;4 jeringas de 1,2 ml. + 8 puntas.;51.67;51,67 €;132
1895;78578;SILANO;Proclinic Expert;RESTAURACIÓN;;2 botes silano x;25.59;25,59 €;132
1896;61722;ADHESIVO CERAMIC BOND;Voco;RESTAURACIÓN;;5 ml.;101.2;101,20 €;133
1897;73943;MONOBOND PLUS;Ivoclar Vivadent;RESTAURACIÓN;;5 gr.;107.0;107,00 €;133
1898;78579;CERAMIC PRIMER;Proclinic Expert;RESTAURACIÓN;;5 ml.;88.69;88,69 €;133
1899;90932;MONOBOND ETCH & PRIME;Ivoclar Vivadent;RESTAURACIÓN;;5 gr.;180.5;180,50 €;133
1900;1646;KIT PREPARACIÓN PORCELANA;Pulpdent;RESTAURACIÓN;;Kit con todos los elementos necesarios para preparar la superficie de cerámica para su posterior reparación. Contiene: - 1 jeringa de 1,2 ml. de ácido grabador de porcelana (ácido fluorhídrico). - 1 jeringas de 1,2 ml. de Dry-Rite, agente secante. - 1 jeringa de 1,2 ml. de silano. - 1 jeringa de 1,2 ml. de kool dam (protector tejidos blandos). - 8 puntas aplicadoras.;83.09;83,09 €;134
1901;1651;HAWE COMPOSITE GUN PUNTAS;Kerr;RESTAURACIÓN;Transparentes (1913);Caja con 100 uds. acumulables a las ofertas mensuales;83.09;83,09 €;134
1902;1664;HAWE COMPOSITE GUN PUNTAS;Kerr;RESTAURACIÓN;Negras (1918).Para composites de luz;Caja con 100 uds. acumulables a las ofertas mensuales;96.4;96,40 €;134
1903;46027;GC REPAIR KIT;G.C.;RESTAURACIÓN;;G-Premio BOND 5 unidosis, Ceramic Primer II 5 unidosis, GRADIA PLUS Opaco OA1 1 jeringa 2 ml., guía técnica, puntas dispensadoras y micro pinceles.;126.4;126,40 €;134
1904;7631;KIT PREPARACIÓN PORCELANA;Pulpdent;RESTAURACIÓN;;Kit con todos los elementos necesarios para preparar la superficie de cerámica para su posterior reparación. Contiene: - 1 jeringa de 1,2 ml. de ácido grabador de porcelana (ácido fluorhídrico). - 1 jeringas de 1,2 ml. de Dry-Rite, agente secante. - 1 jeringa de 1,2 ml. de silano. - 1 jeringa de 1,2 ml. de kool dam (protector tejidos blandos). - 8 puntas aplicadoras.;59.72;59,72 €;134
1905;25650;MICRO APLICADORES;Bestdent;RESTAURACIÓN;Finos;;9.29;9,29 €;135
1906;25651;MICRO APLICADORES;Bestdent;RESTAURACIÓN;Regulares;;9.29;9,29 €;135
1907;4445;MICROBRUSH APLICADOR BOLITA;Microbrush;RESTAURACIÓN;Normal;4 x 100 uds.;61.8;61,80 €;135
1908;44452;MICROBRUSH APLICADOR BOLITA;Microbrush;RESTAURACIÓN;Fino;4 x 100 uds.;61.8;61,80 €;135
1909;49978;MICROAPLICADORES;Proclinic;RESTAURACIÓN;Micro aplicador fino 100 uds.;Dispensador 100 uds.;14.99;14,99 €;135
1910;49979;MICROAPLICADORES;Proclinic;RESTAURACIÓN;Micro aplicador regular;Dispensador 100 uds.;9.29;9,29 €;135
1911;5486;MICROBRUSH X APLICADOR LARGO PARA CANALES;Microbrush;RESTAURACIÓN;;"100 aplicadores + 1 dispensador ""uno a uno"".";37.87;37,87 €;135
1912;5983;MICROBRUSH APLICADOR BOLITA;Microbrush;RESTAURACIÓN;Super fino;4 x 100 uds.;61.8;61,80 €;135
1913;69580;MICROBRUSH APLICADOR BOLITA;Microbrush;RESTAURACIÓN;Aplicadores + dispensador;4 x 100 uds.;67.59;67,59 €;135
1914;69581;MICROBRUSH APLICADOR BOLITA;Microbrush;RESTAURACIÓN;Aplicadores;4 x 100 uds.;59.52;59,52 €;135
1915;2145;MICRO-STIX AZUL;Microbrush;RESTAURACIÓN;;Bolsa de 100 uds.;12.41;12,41 €;136
1916;23821;OPTRASTICK CON ADHESIVO;Ivoclar;RESTAURACIÓN;;48 unidades;32.65;32,65 €;136
1917;53595;MICROAPLICADORES BIO;Hager & Werken;RESTAURACIÓN;Extra fino;100 unidades;8.27;8,27 €;136
1918;53596;MICROAPLICADORES BIO;Hager & Werken;RESTAURACIÓN;Fino;100 unidades;62.91;62,91 €;136
1919;53597;MICROAPLICADORES BIO;Hager & Werken;RESTAURACIÓN;Regular;100 unidades;8.27;8,27 €;136
1920;6339;STIK`N´ PLACE;Directa;RESTAURACIÓN;;50 uds.;35.7;35,70 €;136
1921;68330;MICRO-STIX AZUL;Microbrush;RESTAURACIÓN;;Caja 64 unidades.;8.27;8,27 €;136
1922;69594;ULTRABRUSH PLUS APLICADOR;Microbrush;RESTAURACIÓN;2 x 100 uds.;Caja 64 unidades.;42.3;42,30 €;136
1923;69595;ULTRABRUSH PLUS APLICADOR;Microbrush;RESTAURACIÓN;2 x 100 uds. + dispensador;Caja 64 unidades.;62.91;62,91 €;136
1924;2146;SEPTOTAPE TEFLÓN;Septodont;RESTAURACIÓN;;1 ud.;2.19;2,19 €;137
1925;52870;CALENTADOR COMPOSITES;Bader;RESTAURACIÓN;;1 ud.;406.82;406,82 €;137
1926;54547;SEPTOTAPE TEFLÓN;Septodont;RESTAURACIÓN;;1 ud.;21.9;21,90 €;137
1927;69601;POCITOS MEZCLA ADHESIVOS;Dental Market;RESTAURACIÓN;Pocitos para mezcla, desechables.;1.000 uds.;109.84;109,84 €;137
1928;97289;SEPTOTAPE TEFLÓN;Septodont;RESTAURACIÓN;;5 metros de largo x 0,07 mm. de grosor.;7.17;7,17 €;137
1929;2222;PAPEL DE MEZCLA;MGK;RESTAURACIÓN;;9 cm x 7 cm. 50 hojas;10.44;10,44 €;138
1930;49948;BLOCKS DE PVC PROCLINIC;Proclinic;RESTAURACIÓN;7 x 8 cm. (100 uds.);8 x 7 cm (100 uds.);8.95;8,95 €;138
1931;49949;BLOCKS DE PVC PROCLINIC;Proclinic;RESTAURACIÓN;14 x 20 cm. (50 uds.);8 x 7 cm (100 uds.);12.47;12,47 €;138
1932;6860;INSTRUMENTOS DE MODELAR COMPOSITE;Larident;RESTAURACIÓN;;5 uds. Con diferentes acabados en forma de gramaje: 240 gr. m2 espátulas y bolas. Esterilizables en autoclave. Color blanco.;7.38;7,38 €;138
1933;69670;BLOCK DE MEZCLA FIX-I-PAD;Larident;RESTAURACIÓN;;7 x 8 cm. 100 hojas;10.44;10,44 €;138
1934;69675;BLOCK MEZCLA DE PVC;Bestdent;RESTAURACIÓN;;8 x 7 cm (100 uds.);6.15;6,15 €;138
1935;44590;GUÍA VITAPAN;VITA;RESTAURACIÓN;;– D4 permite En la familia A1 - A4 (rojizo-marronáceo) B1 - B4 (rojizo-amarillento)º C1 - C4 (grisáceo) D2 - D4 (rojizo-gris) Consejos acerca;83.12;83,12 €;139
1936;83293;GUIA VITA COLORES 3D-MASTER;Vita;RESTAURACIÓN;;Guía de color 3D en colores 3D-Master.;83.12;83,12 €;139
1937;H52137;GUÍA VITA CLÁSICA A1-D4 + BLEACH;Vita;RESTAURACIÓN;;Guía de color para colores Vita clásica.;90.18;90,18 €;139
1938;2169;ANA 2000 DUETT “400”;Nordiska;RESTAURACIÓN;400 pastillas + 400 dosis de mercurio.;43% Ag.;919.03;919,03 €;140
1939;5959;PERMITE REGULAR;SDI;RESTAURACIÓN;N.3 (500 cápsulas);43% Ag.;1137.55;1137,55 €;140
1940;5962;PERMITE REGULAR;SDI;RESTAURACIÓN;N.2 Fast (50 cápsulas);43% Ag.;106.1;106,10 €;140
1941;59813;PORTAMALGAMAS;Proclinic;RESTAURACIÓN;;;29.16;29,16 €;140
1942;70022;PERMITE REGULAR;SDI;RESTAURACIÓN;N.2 Slow (50 cápsulas);;106.1;106,10 €;140
1943;96936;PERMITE REGULAR;SDI;RESTAURACIÓN;N.2 (500 cápsulas);43% Ag.;919.03;919,03 €;140
1944;98450;PERMITE REGULAR;SDI;RESTAURACIÓN;N.1 (50 cápsulas);;83.67;83,67 €;140
1945;98451;PERMITE REGULAR;SDI;RESTAURACIÓN;N.2 (50 cápsulas);;106.1;106,10 €;140
1946;98452;PERMITE REGULAR;SDI;RESTAURACIÓN;N.3 (50 cápsulas);43% Ag.;125.87;125,87 €;140
1947;98453;PERMITE REGULAR;SDI;RESTAURACIÓN;N.1 (500 cápsulas);;705.68;705,68 €;140
1948;98573;PERMITE REGULAR;SDI;RESTAURACIÓN;N.2 Slow (500 cápsulas);43% Ag.;919.03;919,03 €;140
1949;0130;PORTAMALGAMAS PLÁSTICO;Proclinic;RESTAURACIÓN;Curvado 45º.;Esterilizable en autoclave. Ø 2,4 mm.;25.02;25,02 €;142
1950;0131;PORTAMALGAMAS PLÁSTICO;Proclinic;RESTAURACIÓN;Curvado 90º.;Esterilizable en autoclave. Ø 2,4 mm.;25.02;25,02 €;142
1951;0149;PORTAMALGAMAS PLÁSTICO;Proclinic;RESTAURACIÓN;Recto.;Esterilizable en autoclave. Ø 2,4 mm.;25.02;25,02 €;142
1952;0763;PORTAMALGAMAS;Carl Martin;RESTAURACIÓN;Curvo. Ángulo de 90o.;;79.36;79,36 €;142
1953;0779;PORTAMALGAMAS;Carl Martin;RESTAURACIÓN;Recto. Ángulo de 20o.;;79.36;79,36 €;142
1954;59812;PORTAMALGAMAS;Proclinic;RESTAURACIÓN;;Para amalgama y MTA.;39.22;39,22 €;142
1955;59814;PORTAMALGAMAS RETROGRADO CURVO;Proclinic;RESTAURACIÓN;;Para amalgama y MTA.;39.22;39,22 €;142
1956;4206;DAPPEN METÁLICO;Mestra;RESTAURACIÓN;;Base de goma antideslizante.;37.34;37,34 €;143
1957;59774;DAPPEN PARA AMALGAMA;Proclinic;RESTAURACIÓN;;;31.49;31,49 €;143
1958;53522;Produto Dentário;Smartbone;BIOMATERIALES Y SUTURAS;Smartbone microchips 0,25-1mm, 0,5gr;;84.24;84,24 €;146
1959;0982;BIO-GEN GRANULADO;Bioteck;BIOMATERIALES Y SUTURAS;Bio gen esponjoso;;131.71;131,71 €;148
1960;0984;BIO-GEN GRANULADO;Bioteck;BIOMATERIALES Y SUTURAS;Bio gen mix;;104.27;104,27 €;148
1961;0985;BIO-GEN GRANULADO;Bioteck;BIOMATERIALES Y SUTURAS;Bio gen mix;;150.19;150,19 €;148
1962;68501;NANOBONE;Artoss;BIOMATERIALES Y SUTURAS;Nanobone vial 0,6 - particula;;104.27;104,27 €;148
1963;68502;NANOBONE;Artoss;BIOMATERIALES Y SUTURAS;Nanobone vial 1,2 - particula;;150.19;150,19 €;148
1964;68503;NANOBONE;Artoss;BIOMATERIALES Y SUTURAS;Nanobone vial 1,2 - particula;;150.19;150,19 €;148
1965;68504;NANOBONE;Artoss;BIOMATERIALES Y SUTURAS;Nanobone vial 2,4 - particula;;214.6;214,60 €;148
1966;70413;BIO-GEN GRANULADO;Bioteck;BIOMATERIALES Y SUTURAS;Bio gen cortical;;150.19;150,19 €;148
1967;70414;BIO-GEN GRANULADO;Bioteck;BIOMATERIALES Y SUTURAS;Bio gen esponjoso;;287.95;287,95 €;148
1968;70416;BIO-GEN BLOQUE;Bioteck;BIOMATERIALES Y SUTURAS;10 x10 x10;1;183.31;183,31 €;148
1969;73211;BIOGEN PUTTY;Bioteck;BIOMATERIALES Y SUTURAS;;0,5 cc.;127.68;127,68 €;148
1970;19387;R.T.R. +;Septodont;BIOMATERIALES Y SUTURAS;40/60;1 jeringa estéril de;172.5;172,50 €;149
1971;19388;R.T.R. +;Septodont;BIOMATERIALES Y SUTURAS;80/20;1 jeringa estéril de;172.5;172,50 €;149
1972;47802;RASCADOR DE HUESO CURVO;Meta;BIOMATERIALES Y SUTURAS;;Caja 3 unidades;168.73;168,73 €;149
1973;6840;FISIOGRAFT GEL;Laboratorios Ghimas;BIOMATERIALES Y SUTURAS;1 monodosis;;57.57;57,57 €;149
1974;6841;FISIOGRAFT GEL;Laboratorios Ghimas;BIOMATERIALES Y SUTURAS;5 monodosis;;204.69;204,69 €;149
1975;6844;FISIOGRAFT GEL;Laboratorios Ghimas;BIOMATERIALES Y SUTURAS;;;204.69;204,69 €;149
1976;68462;FISIOGRAFT NANO H.A. REFORZADO;Ghimas;BIOMATERIALES Y SUTURAS;Fisiograft mano H.A monodosis;2 jeringas x 1ml.;101.38;101,38 €;149
1977;0986;BIOCOLLAGEN;Bioteck;BIOMATERIALES Y SUTURAS;;Medidas: 25 x 25 x 0.2;157.17;157,17 €;150
1978;481605;MEMBRANAS NO REABSORBIBLES;Cytoplast;BIOMATERIALES Y SUTURAS;TXT-200 singles 12 mm. x 24;Con y sin refuerzo de;163.12;163,12 €;150
1979;481606;MEMBRANAS NO REABSORBIBLES;Cytoplast;BIOMATERIALES Y SUTURAS;Ti-250 anterior singles 14 mm.;Con y sin refuerzo de;349.5;349,50 €;150
1980;481607;MEMBRANAS NO REABSORBIBLES;Cytoplast;BIOMATERIALES Y SUTURAS;Ti-250 posterior singles 20;Con y sin refuerzo de;68.98;68,98 €;150
1981;70424;MEMBRANA HEART;Bioteck;BIOMATERIALES Y SUTURAS;;Medidas: 30 x 25 x 0,2 mm.;296.77;296,77 €;150
1982;88074;RASCADORES DE HUESO;Meta;BIOMATERIALES Y SUTURAS;Micross (1u.);;68.98;68,98 €;150
1983;88075;RASCADORES DE HUESO;Meta;BIOMATERIALES Y SUTURAS;Curvo volumizer (3u.);;204.0;204,00 €;150
1984;89023;R.T.R.+ MEMBRANE;Septodont;BIOMATERIALES Y SUTURAS;15x20 mm;1 unidad;112.17;112,17 €;150
1985;89024;R.T.R.+ MEMBRANE;Septodont;BIOMATERIALES Y SUTURAS;15x25 mm;1 unidad;140.33;140,33 €;150
1986;89027;R.T.R.+ MEMBRANE;Septodont;BIOMATERIALES Y SUTURAS;20x30 mm;1 unidad;157.17;157,17 €;150
1987;89028;R.T.R.+ MEMBRANE;Septodont;BIOMATERIALES Y SUTURAS;30x40 mm;1 unidad;196.67;196,67 €;150
1988;56745;CHINCHETAS DE TITANIO;Curasan;BIOMATERIALES Y SUTURAS;3 mm;5 unidades;94.25;94,25 €;152
1989;56746;CHINCHETAS DE TITANIO;Curasan;BIOMATERIALES Y SUTURAS;5 mm;5 unidades;94.25;94,25 €;152
1990;56747;CHINCHETAS DE TITANIO;Curasan;BIOMATERIALES Y SUTURAS;Kit 3 mm;10 u. chinchetas + desatornillador + 1 u. contenedor chinchetas;632.29;632,29 €;152
1991;56748;CHINCHETAS DE TITANIO;Curasan;BIOMATERIALES Y SUTURAS;Kit 5 mm;10 u. chinchetas + desatornillador + 1 u. contenedor chinchetas;632.29;632,29 €;152
1992;56749;CHINCHETAS DE TITANIO;Curasan;BIOMATERIALES Y SUTURAS;Reposición punta titanio;1 unidad;91.64;91,64 €;152
1993;56750;CHINCHETAS DE TITANIO;Curasan;BIOMATERIALES Y SUTURAS;Impactador con punta titanio;1 unidad;82.47;82,47 €;152
1994;56751;CHINCHETAS DE TITANIO;Curasan;BIOMATERIALES Y SUTURAS;Destornillador punta hexagonal;1 unidad;65.45;65,45 €;152
1995;56752;CHINCHETAS DE TITANIO;Curasan;BIOMATERIALES Y SUTURAS;Contenedor chinchetas TI-Steribox;1 unidad;243.49;243,49 €;152
1996;70302;MOLINILLO DE HUESO;Asa Dental;BIOMATERIALES Y SUTURAS;;17 cm.;521.13;521,13 €;152
1997;70303;PINZAS PARA MEMBRANA;Asa Dental;BIOMATERIALES Y SUTURAS;;10,5 cm.;521.13;521,13 €;152
1998;0884;OXYSAFE;Hager & Werken;BIOMATERIALES Y SUTURAS;Oxysafe Intro kit;Intro kit: 3 jeringas + 3 botes de colutorio;164.18;164,18 €;153
1999;0885;OXYSAFE;Hager & Werken;BIOMATERIALES Y SUTURAS;Oxysafe gel 3 jeringas x 1 ml.;Intro kit: 3 jeringas + 3 botes de colutorio;155.27;155,27 €;153
2000;0886;OXYSAFE;Hager & Werken;BIOMATERIALES Y SUTURAS;Oxysafe colutorio 250 ml.;Intro kit: 3 jeringas + 3 botes de colutorio;14.69;14,69 €;153
2001;0961;CHLO-SITE;Ghimas;BIOMATERIALES Y SUTURAS;4 jeringas multidosis x 1 ml.;3;205.17;205,17 €;153
2002;09612;CHLO-SITE;Ghimas;BIOMATERIALES Y SUTURAS;1 jeringa multidosis x 1 ml.;3;60.34;60,34 €;153
2003;09613;CHLO-SITE;Ghimas;BIOMATERIALES Y SUTURAS;6 jeringas monodosis x 0,25;3;0.25;0,25 €;153
2004;75391;STERIFY GEL;Hu-Friedy;BIOMATERIALES Y SUTURAS;;1 jeringa de 0,3 ml;59.0;59,00 €;153
2005;76003;PERIO3 OIL;Hoffmann;BIOMATERIALES Y SUTURAS;;3;96.55;96,55 €;153
2006;93337;EXOGEL;KIN;BIOMATERIALES Y SUTURAS;;12;43.36;43,36 €;153
2007;2027;GELATAMP;Roeko;BIOMATERIALES Y SUTURAS;;Bote de 50 unidades.;60.78;60,78 €;154
2008;35210;ESPONJA HEMOSTÁTICA BESTDENT;Bestdent;BIOMATERIALES Y SUTURAS;Caja de 10 unidades;Esponja hemostática de origen porcino. Alto poder hemostático y cicatrizante. Gelatina liofilizada. Completamente absorbible en 15 días. Bloques de 1x1x1 cm.;10.81;10,81 €;154
2009;35211;ESPONJA HEMOSTÁTICA;Proclinic;BIOMATERIALES Y SUTURAS;;Esponja de gelatina - Gelatina liofilizada completamente - Su estructura porosa proporciona - Absorbe entre 40 y 50 veces su peso - Presentado en cubos de 1 cm de - Producto esterilizado por irradiación.;44.07;44,07 €;154
2010;5483;CUTANPLAST;Dispotech;BIOMATERIALES Y SUTURAS;;Caja de 24 unidades.;25.38;25,38 €;154
2011;97098;GELATAMP BLÍSTER;Roeko;BIOMATERIALES Y SUTURAS;Caja de 20 unidades;14 x 7 x 7 mm. La plata;29.36;29,36 €;154
2012;155518;SEPTOCONE;Septodont;BIOMATERIALES Y SUTURAS;;Caja de 10 unidades;117.5;117,50 €;155
2013;19028;HEMOGELATIN;Septodont;BIOMATERIALES Y SUTURAS;;Caja de 24 unidades.;49.67;49,67 €;155
2014;93488;HEMOCOLLAGENE;Septodont;BIOMATERIALES Y SUTURAS;;Caja de 24 unidades.;82.0;82,00 €;155
2015;70077;CERA HEMOSTÁTICA PARA HUESO mayor grosor el número más pequeño. Es;Ethicon de;BIOMATERIALES Y SUTURAS;;12 uds.;156.04;156,04 €;156
2016;91500;SURGICEL;Johnson&Johnson;BIOMATERIALES Y SUTURAS;Surgicel 1,25 x 5 cm.;10 unidades.;1.25;1,25 €;156
2017;91501;SURGICEL;Johnson&Johnson;BIOMATERIALES Y SUTURAS;Surgicel 5 x 7,5 cm.;10 unidades.;198.24;198,24 €;156
2018;95007;SPONGOSTAN;Ethicon;BIOMATERIALES Y SUTURAS;;Caja de 24 unidades.;39.33;39,33 €;156
2019;49934;SUTURAS;Proclinic;BIOMATERIALES Y SUTURAS;Sutura seda 2/0 -(1/2-R.-22 mm);;45.1;45,10 €;157
2020;49935;SUTURAS;Proclinic;BIOMATERIALES Y SUTURAS;Sutura seda 2/0 -(1/2-T.-22 mm);;45.1;45,10 €;157
2021;49936;SUTURAS;Proclinic;BIOMATERIALES Y SUTURAS;Sutura seda 3/0 -(1/2-R.-20 mm);;45.1;45,10 €;157
2022;49937;SUTURAS;Proclinic;BIOMATERIALES Y SUTURAS;Sutura seda 3/0 -(1/2-T.-20 mm);;56.98;56,98 €;157
2023;49938;SUTURAS;Proclinic;BIOMATERIALES Y SUTURAS;Sutura seda 3/0 -(1/2-T.-26 mm);;45.1;45,10 €;157
2024;49939;SUTURAS;Proclinic;BIOMATERIALES Y SUTURAS;Sutura seda 3/0 -(3/8-T.-19 mm);;45.1;45,10 €;157
2025;49940;SUTURAS;Proclinic;BIOMATERIALES Y SUTURAS;Sutura seda 4/0 -(1/2-T.-20 mm);;45.1;45,10 €;157
2026;49941;SUTURAS;Proclinic;BIOMATERIALES Y SUTURAS;Sutura seda 4/0 -(1/2-T.-26 mm);;45.1;45,10 €;157
2027;49942;SUTURAS;Proclinic;BIOMATERIALES Y SUTURAS;Sutura seda 4/0 -(3/8-T.-19 mm);;33.23;33,23 €;157
2028;49943;SUTURAS;Proclinic;BIOMATERIALES Y SUTURAS;Sutura seda 5/0 -(3/8-T.-19 mm);;33.23;33,23 €;157
2029;49944;SUTURAS;Proclinic;BIOMATERIALES Y SUTURAS;Sutura Supramid 5/0 (3/8-T.16;;56.98;56,98 €;157
2030;49945;SUTURAS;Proclinic;BIOMATERIALES Y SUTURAS;Sutura Supramid 4/0 (3/8-T.19;;56.98;56,98 €;157
2031;49968;SUTURAS;Proclinic;BIOMATERIALES Y SUTURAS;Sutura seda 2/0 -(3/8-T.-19 mm);;45.1;45,10 €;157
2032;49969;SUTURAS;Proclinic;BIOMATERIALES Y SUTURAS;Sutura seda 3/0 -(1/2-R.-22 mm);;45.1;45,10 €;157
2033;49993;SUTURAS;Proclinic;BIOMATERIALES Y SUTURAS;Sutura seda 3/0 -(1/2-T.-22 mm);;45.1;45,10 €;157
2034;49994;SUTURAS;Proclinic;BIOMATERIALES Y SUTURAS;Sutura seda 3/0 -(3/8-T.-16 mm);;45.1;45,10 €;157
2035;49995;SUTURAS;Proclinic;BIOMATERIALES Y SUTURAS;Sutura seda 4/0 -(1/2-R.-22 mm);;45.1;45,10 €;157
2036;49996;SUTURAS;Proclinic;BIOMATERIALES Y SUTURAS;Sutura seda 4/0 -(1/2-T.-22 mm);;45.1;45,10 €;157
2037;49997;SUTURAS;Proclinic;BIOMATERIALES Y SUTURAS;Sutura seda 4/0 -(3/8-T.-16 mm);;45.1;45,10 €;157
2038;49998;SUTURAS;Proclinic;BIOMATERIALES Y SUTURAS;Sutura seda 5/0 -(1/2-T.-22 mm);;33.23;33,23 €;157
2039;49999;SUTURAS;Proclinic;BIOMATERIALES Y SUTURAS;Sutura PGA 3/0 -(3/8-T.-19 mm);;56.98;56,98 €;157
2040;50000;SUTURAS;Proclinic;BIOMATERIALES Y SUTURAS;Sutura Supramid 4/0 (1/2-T.22;;56.98;56,98 €;157
2041;50001;SUTURAS;Proclinic;BIOMATERIALES Y SUTURAS;Sutura Supramid 3/0 (1/2-T.22;;56.98;56,98 €;157
2042;50002;SUTURAS;Proclinic;BIOMATERIALES Y SUTURAS;Sutura Supramid 4/0 (3/8-T.16;;56.98;56,98 €;157
2043;50003;SUTURAS;Proclinic;BIOMATERIALES Y SUTURAS;Sutura PGA 3/0 -(1/2-T.-22 mm);;56.98;56,98 €;157
2044;50004;SUTURAS;Proclinic;BIOMATERIALES Y SUTURAS;Sutura Supramid 4/0 (1/2-T.20;;56.98;56,98 €;157
2045;50005;SUTURAS;Proclinic;BIOMATERIALES Y SUTURAS;Sutura PGA 5/0 -(3/8-T.-16 mm);;56.98;56,98 €;157
2046;50006;SUTURAS;Proclinic;BIOMATERIALES Y SUTURAS;Sutura PGA 4/0 -(3/8-T.-16;;56.98;56,98 €;157
2047;64874;SUTURA DE TEFLÓN;Omnia;BIOMATERIALES Y SUTURAS;4/0 (3/8;12 uds .;51.28;51,28 €;158
2048;64875;SUTURA DE TEFLÓN;Omnia;BIOMATERIALES Y SUTURAS;Sutura ptfe 5/0 (3/8;12 uds .;51.28;51,28 €;158
2049;68960;N SUTURAS PGA;Bestdent;BIOMATERIALES Y SUTURAS;Hilo 3/0, aguja 3/8C 18mm;12 unidades. Hilo de 45 cm.;51.28;51,28 €;158
2050;68961;N SUTURAS PGA;Bestdent;BIOMATERIALES Y SUTURAS;Hilo 4/0, aguja 3/8C 18mm;12 unidades. Hilo de 45 cm.;51.28;51,28 €;158
2051;68962;N SUTURAS PGA;Bestdent;BIOMATERIALES Y SUTURAS;Hilo 4/0, aguja 3/8C 16mm;12 unidades. Hilo de 45 cm.;51.28;51,28 €;158
2052;68963;N SUTURAS PGA;Bestdent;BIOMATERIALES Y SUTURAS;Hilo 5/0, aguja 3/8C 16mm;12 unidades. Hilo de 45 cm.;51.28;51,28 €;158
2053;68964;N SUTURAS PGA;Bestdent;BIOMATERIALES Y SUTURAS;Hilo 6/0, aguja 3/8C 16mm;12 unidades. Hilo de 45 cm.;51.28;51,28 €;158
2054;68965;N SUTURAS PGA;Bestdent;BIOMATERIALES Y SUTURAS;Hilo 3/0, aguja 3/8T 19mm;12 unidades. Hilo de 45 cm.;51.28;51,28 €;158
2055;68966;N SUTURAS PGA;Bestdent;BIOMATERIALES Y SUTURAS;Hilo 3/0, aguja 1/2T 22mm;12 unidades. Hilo de 45 cm.;51.28;51,28 €;158
2056;68967;N SUTURAS PGA;Bestdent;BIOMATERIALES Y SUTURAS;Hilo 5/0, aguja 3/8T 16mm;12 unidades. Hilo de 45 cm.;51.28;51,28 €;158
2057;68968;N SUTURAS PGA;Bestdent;BIOMATERIALES Y SUTURAS;Hilo 4/0, aguja 3/8T 16mm;12 unidades. Hilo de 45 cm.;51.28;51,28 €;158
2058;69355;SUTURA SEDA;Bestdent;BIOMATERIALES Y SUTURAS;Sutura seda 3/0 C-14 (1/2-R.-22 mm);12 uds. 75 cm.;28.0;28,00 €;158
2059;69356;SUTURA SEDA;Bestdent;BIOMATERIALES Y SUTURAS;Sutura seda 4/0 C-14 (1/2-R.-22 mm);12 uds. 75 cm.;28.0;28,00 €;158
2060;69357;SUTURA SEDA;Bestdent;BIOMATERIALES Y SUTURAS;Sutura seda 3/0 TC-12 (1/2-T.-20 mm);12 uds. 75 cm.;28.0;28,00 €;158
2061;69358;SUTURA SEDA;Bestdent;BIOMATERIALES Y SUTURAS;Sutura seda 3/0 TC-14 (1/2-T.-22 mm);12 uds. 75 cm.;28.0;28,00 €;158
2062;69359;SUTURA SEDA;Bestdent;BIOMATERIALES Y SUTURAS;Sutura seda 3/0 TC-16 (1/2-T.-26 mm);12 uds. 75 cm.;28.0;28,00 €;158
2063;69360;SUTURA SEDA;Bestdent;BIOMATERIALES Y SUTURAS;Sutura seda 4/0 TC-14 (1/2-T.-22 mm);12 uds. 75 cm.;28.0;28,00 €;158
2064;69361;SUTURA SEDA;Bestdent;BIOMATERIALES Y SUTURAS;Sutura seda 3/0 TB-15 (3/8-T-19 mm);12 uds. 75 cm.;28.0;28,00 €;158
2065;69362;SUTURA SEDA;Bestdent;BIOMATERIALES Y SUTURAS;Sutura seda 4/0 TB-12 (3/8-T.-16 mm);12 uds. 75 cm.;28.0;28,00 €;158
2066;69363;SUTURA SEDA;Bestdent;BIOMATERIALES Y SUTURAS;Sutura seda 4/0 TB-15 (3/8-T.-19 mm);12 uds. 75 cm.;28.0;28,00 €;158
2067;69364;SUTURA SUPRAMID;Bestdent;BIOMATERIALES Y SUTURAS;;12 uds. 75;37.95;37,95 €;158
2068;69365;SUTURA SUPRAMID;Bestdent;BIOMATERIALES Y SUTURAS;;12 uds. 75;37.95;37,95 €;158
2069;69366;SUTURA SUPRAMID;Bestdent;BIOMATERIALES Y SUTURAS;;12 uds. 75;37.95;37,95 €;158
2070;69367;SUTURA SUPRAMID;Bestdent;BIOMATERIALES Y SUTURAS;Sutura Supramid;12 uds. 75;37.95;37,95 €;158
2071;69368;SUTURA SUPRAMID;Bestdent;BIOMATERIALES Y SUTURAS;;12 uds. 75;37.95;37,95 €;158
2072;69369;SUTURA SUPRAMID;Bestdent;BIOMATERIALES Y SUTURAS;;12 uds. 75;37.95;37,95 €;158
2073;4130;SUTURAS NO ABSORBIBLES;Aragó;BIOMATERIALES Y SUTURAS;2/0 Aguja cilíndrica 1/2 de 22 mm. C-14;Sutura Multifilamento trenzado recubierto de cera y/o silicona. Presentación del producto;37.35;37,35 €;161
2074;41302;SUTURAS NO ABSORBIBLES;Aragó;BIOMATERIALES Y SUTURAS;3/0 Aguja cilíndrica 1/2 de 26 mm. C-16;Sutura Multifilamento trenzado recubierto de cera y/o silicona. Presentación del producto;37.35;37,35 €;161
2075;4131;SUTURAS NO ABSORBIBLES;Aragó;BIOMATERIALES Y SUTURAS;3/0 Aguja cilíndrica 1/2 de 22 mm. C-14;Sutura Multifilamento trenzado recubierto de cera y/o silicona. Presentación del producto;37.35;37,35 €;161
2076;4132;SUTURAS NO ABSORBIBLES;Aragó;BIOMATERIALES Y SUTURAS;4/0 Aguja cilíndrica 1/2 de 22 mm. C-14;;37.35;37,35 €;161
2077;41322;SUTURAS NO ABSORBIBLES;Aragó;BIOMATERIALES Y SUTURAS;3/0 Aguja cilíndrica 1/2 de 20 mm. C-12;;37.35;37,35 €;161
2078;4133;SUTURAS NO ABSORBIBLES;Aragó;BIOMATERIALES Y SUTURAS;3/0 Aguja triangular 1/2 de;;37.35;37,35 €;161
2079;54292;SUTURAS NO ABSORBIBLES;Aragó;BIOMATERIALES Y SUTURAS;3/0;PGA Rapid Esterilización: unidades. AGUJA;185.31;185,31 €;161
2080;54293;SUTURAS NO ABSORBIBLES;Aragó;BIOMATERIALES Y SUTURAS;3/0;PGA Rapid Esterilización: unidades. AGUJA;185.31;185,31 €;161
2081;54294;SUTURAS NO ABSORBIBLES;Aragó;BIOMATERIALES Y SUTURAS;4/0;PGA Rapid Esterilización: unidades. AGUJA;185.31;185,31 €;161
2082;54295;SUTURAS NO ABSORBIBLES;Aragó;BIOMATERIALES Y SUTURAS;4/0;PGA Rapid Esterilización: unidades. AGUJA;185.31;185,31 €;161
2083;54296;SUTURAS NO ABSORBIBLES;Aragó;BIOMATERIALES Y SUTURAS;5/0;PGA Rapid Esterilización: unidades. AGUJA;185.31;185,31 €;161
2084;54301;SUTURAS NO ABSORBIBLES;Aragó;BIOMATERIALES Y SUTURAS;2/0;PGA Rapid Esterilización: unidades. AGUJA;185.31;185,31 €;161
2085;54302;SUTURAS NO ABSORBIBLES;Aragó;BIOMATERIALES Y SUTURAS;3/0;PGA Rapid Esterilización: unidades. AGUJA;185.31;185,31 €;161
2086;54303;SUTURAS NO ABSORBIBLES;Aragó;BIOMATERIALES Y SUTURAS;3/0;PGA Rapid Esterilización: unidades. AGUJA;185.31;185,31 €;161
2087;54304;SUTURAS NO ABSORBIBLES;Aragó;BIOMATERIALES Y SUTURAS;4/0;PGA Rapid Esterilización: unidades. AGUJA;185.31;185,31 €;161
2088;54305;SUTURAS NO ABSORBIBLES;Aragó;BIOMATERIALES Y SUTURAS;2/0 Aguja;PGA ABSORCIÓN Óxido de AGUJA;63.83;63,83 €;161
2089;54306;SUTURAS NO ABSORBIBLES;Aragó;BIOMATERIALES Y SUTURAS;3/0 Aguja;PGA ABSORCIÓN Óxido de AGUJA;185.31;185,31 €;161
2090;54307;SUTURAS NO ABSORBIBLES;Aragó;BIOMATERIALES Y SUTURAS;4/0 Aguja;PGA ABSORCIÓN Óxido de AGUJA;63.83;63,83 €;161
2091;54308;SUTURAS NO ABSORBIBLES;Aragó;BIOMATERIALES Y SUTURAS;3/0 Aguja;PGA ABSORCIÓN Óxido de AGUJA;63.83;63,83 €;161
2092;54311;SUTURAS NO ABSORBIBLES;Aragó;BIOMATERIALES Y SUTURAS;3/0 Aguja triangular 1/2 de;PGA ABSORCIÓN Óxido de AGUJA;37.35;37,35 €;161
2093;54312;SUTURAS NO ABSORBIBLES;Aragó;BIOMATERIALES Y SUTURAS;2/0 Aguja triangular 1/2 de;PGA ABSORCIÓN Óxido de AGUJA;37.35;37,35 €;161
2094;54314;SUTURAS NO ABSORBIBLES;Aragó;BIOMATERIALES Y SUTURAS;4/0 Aguja triangular 1/2 de;PGA ABSORCIÓN Óxido de AGUJA;37.35;37,35 €;161
2095;54337;Produto Dentário;;BIOMATERIALES Y SUTURAS;3/0 Aguja triangular 3/8 de 26 mm. TB-20;;37.35;37,35 €;161
2096;5435;SUTURAS NO ABSORBIBLES;Aragó;BIOMATERIALES Y SUTURAS;4/0 Aguja;PGA ABSORCIÓN Óxido de AGUJA;59.84;59,84 €;161
2097;5436;SUTURAS NO ABSORBIBLES;Aragó;BIOMATERIALES Y SUTURAS;3/0 Aguja triangular 1/2 de;PGA ABSORCIÓN Óxido de AGUJA;37.35;37,35 €;161
2098;5437;SUTURAS NO ABSORBIBLES;Aragó;BIOMATERIALES Y SUTURAS;4/0 Aguja triangular 1/2 de;PGA ABSORCIÓN Óxido de AGUJA;37.35;37,35 €;161
2099;5443;SUTURAS NO ABSORBIBLES;Aragó;BIOMATERIALES Y SUTURAS;2/0 Aguja triangular 1/2 de;PGA ABSORCIÓN Óxido de AGUJA;37.35;37,35 €;161
2100;5444;SUTURAS NO ABSORBIBLES;Aragó;BIOMATERIALES Y SUTURAS;3/0 Aguja triangular 1/2 de;PGA ABSORCIÓN Óxido de AGUJA;37.35;37,35 €;161
2101;54442;Produto Dentário;;BIOMATERIALES Y SUTURAS;2/0 Aguja triangular 1/2 de;;37.35;37,35 €;161
2102;5445;SUTURAS NO ABSORBIBLES;Aragó;BIOMATERIALES Y SUTURAS;4/0 Aguja triangular 3/8 de 16 mm. TB-12;PGA ABSORCIÓN Óxido de AGUJA;37.35;37,35 €;161
2103;5446;Produto Dentário;;BIOMATERIALES Y SUTURAS;4/0 Aguja triangular 3/8 de 19 mm. TB-15;;37.35;37,35 €;161
2104;5448;Produto Dentário;;BIOMATERIALES Y SUTURAS;4/0 Aguja triangular 1/2 de;;37.35;37,35 €;161
2105;5493;AGUJA 3/8 DE CÍRCULO TRIANGULAR (TB);;BIOMATERIALES Y SUTURAS;5/0 Aguja triangular 3/8 de 19 mm. TB-15;;37.35;37,35 €;161
2106;54932;Produto Dentário;;BIOMATERIALES Y SUTURAS;3/0 Aguja triangular 3/8 de 16 mm. TB-12;;37.35;37,35 €;161
2107;5494;AGUJA 1/2 DE CÍRCULO;;BIOMATERIALES Y SUTURAS;5/0 Aguja triangular 1/2 de;;37.35;37,35 €;161
2108;5552;SUTURAS NO ABSORBIBLES;Aragó;BIOMATERIALES Y SUTURAS;2/0 Aguja triangular 3/8 de 19 mm. TB-15;PGA ABSORCIÓN Óxido de AGUJA;37.35;37,35 €;161
2109;5553;SUTURAS NO ABSORBIBLES;Aragó;BIOMATERIALES Y SUTURAS;3/0 Aguja triangular 3/8 de 19 mm. TB-15;PGA ABSORCIÓN Óxido de AGUJA;37.35;37,35 €;161
2110;5556;SUTURAS NO ABSORBIBLES;Aragó;BIOMATERIALES Y SUTURAS;3/0 Aguja;PGA ABSORCIÓN Óxido de AGUJA;63.83;63,83 €;161
2111;55562;SUTURAS NO ABSORBIBLES;Aragó;BIOMATERIALES Y SUTURAS;2/0 Aguja;PGA ABSORCIÓN Óxido de AGUJA;63.83;63,83 €;161
2112;55563;SUTURAS NO ABSORBIBLES;Aragó;BIOMATERIALES Y SUTURAS;4/0 Aguja;PGA ABSORCIÓN Óxido de AGUJA;63.83;63,83 €;161
2113;5557;SUTURAS NO ABSORBIBLES;Aragó;BIOMATERIALES Y SUTURAS;6/0 Aguja;PGA ABSORCIÓN Óxido de AGUJA;185.31;185,31 €;161
2114;55571;SUTURAS NO ABSORBIBLES;Aragó;BIOMATERIALES Y SUTURAS;2/0 Aguja;PGA ABSORCIÓN Óxido de AGUJA;59.84;59,84 €;161
2115;55573;SUTURAS NO ABSORBIBLES;Aragó;BIOMATERIALES Y SUTURAS;3/0 Aguja;PGA ABSORCIÓN Óxido de AGUJA;59.84;59,84 €;161
2116;55574;SUTURAS NO ABSORBIBLES;Aragó;BIOMATERIALES Y SUTURAS;4/0 Aguja;PGA ABSORCIÓN Óxido de AGUJA;59.84;59,84 €;161
2117;55575;SUTURAS NO ABSORBIBLES;Aragó;BIOMATERIALES Y SUTURAS;5/0 Aguja;PGA ABSORCIÓN Óxido de AGUJA;59.84;59,84 €;161
2118;55576;SUTURAS NO ABSORBIBLES;Aragó;BIOMATERIALES Y SUTURAS;4/0 Aguja;PGA ABSORCIÓN Óxido de AGUJA;59.84;59,84 €;161
2119;55577;SUTURAS NO ABSORBIBLES;Aragó;BIOMATERIALES Y SUTURAS;6/0 Aguja;PGA ABSORCIÓN Óxido de AGUJA;59.84;59,84 €;161
2120;99683;SUTURAS NO ABSORBIBLES;Aragó;BIOMATERIALES Y SUTURAS;5/0;PGA Rapid Esterilización: unidades. AGUJA;185.31;185,31 €;161
2121;99964;SUTURAS NO ABSORBIBLES;Aragó;BIOMATERIALES Y SUTURAS;5/0 Aguja;PGA ABSORCIÓN Óxido de AGUJA;59.84;59,84 €;161
2122;99976;Produto Dentário;;BIOMATERIALES Y SUTURAS;2/0 Aguja triangular 3/8 de 26 mm. TB-20;;37.35;37,35 €;161
2123;27204;SUTURAS NO ABSORBIBLES ARAGÓ NYLON;Aragó;BIOMATERIALES Y SUTURAS;6/0 Aguja triangular 3/8 de 16 mm. TB-12;Sutura Sintética Monofilar no absorbible (NYLON UNIFILAR). Color: Azul. Esterilización: Rayos Gamma. Presentación del producto en envases de 36 unidades;106.9;106,90 €;162
2124;54321;SUTURAS NO ABSORBIBLES ARAGÓ NYLON;Aragó;BIOMATERIALES Y SUTURAS;2/0 Aguja triangular 3/8 de 19 mm. TB-15;Sutura Sintética Monofilar no absorbible (NYLON UNIFILAR). Color: Azul. Esterilización: Rayos Gamma. Presentación del producto en envases de 36 unidades;106.9;106,90 €;162
2125;54322;SUTURAS NO ABSORBIBLES ARAGÓ NYLON;Aragó;BIOMATERIALES Y SUTURAS;3/0 Aguja triangular 3/8 de 19 mm. TB-15;Sutura Sintética Monofilar no absorbible (NYLON UNIFILAR). Color: Azul. Esterilización: Rayos Gamma. Presentación del producto en envases de 36 unidades;106.9;106,90 €;162
2126;54323;SUTURAS NO ABSORBIBLES ARAGÓ NYLON;Aragó;BIOMATERIALES Y SUTURAS;4/0 Aguja triangular 3/8 de 19 mm. TB-15;Sutura Sintética Monofilar no absorbible (NYLON UNIFILAR). Color: Azul. Esterilización: Rayos Gamma. Presentación del producto en envases de 36 unidades;106.9;106,90 €;162
2127;54324;SUTURAS NO ABSORBIBLES ARAGÓ NYLON;Aragó;BIOMATERIALES Y SUTURAS;6/0 Aguja triangular 3/8 de 12 mm. TB-10;Sutura Sintética Monofilar no absorbible (NYLON UNIFILAR). Color: Azul. Esterilización: Rayos Gamma. Presentación del producto en envases de 36 unidades;106.9;106,90 €;162
2128;54325;SUTURAS NO ABSORBIBLES ARAGÓ NYLON;Aragó;BIOMATERIALES Y SUTURAS;4/0 Aguja triangular 3/8 de 16 mm. TB-12;Sutura Sintética Monofilar no absorbible (NYLON UNIFILAR). Color: Azul. Esterilización: Rayos Gamma. Presentación del producto en envases de 36 unidades;106.9;106,90 €;162
2129;54326;SUTURAS NO ABSORBIBLES ARAGÓ NYLON;Aragó;BIOMATERIALES Y SUTURAS;5/0 Aguja triangular 3/8 de 16 mm. TB-12;Sutura Sintética Monofilar no absorbible (NYLON UNIFILAR). Color: Azul. Esterilización: Rayos Gamma. Presentación del producto en envases de 36 unidades;106.9;106,90 €;162
2130;54327;SUTURAS NO ABSORBIBLES ARAGÓ NYLON;Aragó;BIOMATERIALES Y SUTURAS;2/0 Aguja triangular 1/2 de 26 mm. TC-16;Sutura Sintética Monofilar no absorbible (NYLON UNIFILAR). Color: Azul. Esterilización: Rayos Gamma. Presentación del producto en envases de 36 unidades;106.9;106,90 €;162
2131;54328;SUTURAS NO ABSORBIBLES ARAGÓ NYLON;Aragó;BIOMATERIALES Y SUTURAS;3/0 Aguja triangular 1/2 de 26 mm. TC-16;Sutura Sintética Monofilar no absorbible (NYLON UNIFILAR). Color: Azul. Esterilización: Rayos Gamma. Presentación del producto en envases de 36 unidades;106.9;106,90 €;162
2132;54329;SUTURAS NO ABSORBIBLES ARAGÓ NYLON;Aragó;BIOMATERIALES Y SUTURAS;4/0 Aguja triangular 1/2 de 20 mm. TC-12;Sutura Sintética Monofilar no absorbible (NYLON UNIFILAR). Color: Azul. Esterilización: Rayos Gamma. Presentación del producto en envases de 36 unidades;106.9;106,90 €;162
2133;54330;SUTURAS NO ABSORBIBLES ARAGÓ NYLON;Aragó;BIOMATERIALES Y SUTURAS;5/0 Aguja triangular 1/2 de 26 mm. TC-16;Sutura Sintética Monofilar no absorbible (NYLON UNIFILAR). Color: Azul. Esterilización: Rayos Gamma. Presentación del producto en envases de 36 unidades;106.9;106,90 €;162
2134;54331;SUTURAS NO ABSORBIBLES ARAGÓ;Aragó;BIOMATERIALES Y SUTURAS;2/0 Aguja triangular 1/2 de 26 mm. TC-16;Sutura Sintética Multifilamento no absorbible material (SUPRAMID NEGRO), dándole aspecto de monofilamento, no se adhieran al organismo. Color: Negro. Esterilización: Rayos Gamma. Presentación del producto en envases de 36 unidades;106.9;106,90 €;162
2135;54332;SUTURAS NO ABSORBIBLES ARAGÓ;Aragó;BIOMATERIALES Y SUTURAS;3/0 Aguja triangular 1/2 de 26 mm. TC-16;Sutura Sintética Multifilamento no absorbible material (SUPRAMID NEGRO), dándole aspecto de monofilamento, no se adhieran al organismo. Color: Negro. Esterilización: Rayos Gamma. Presentación del producto en envases de 36 unidades;106.9;106,90 €;162
2136;54333;SUTURAS NO ABSORBIBLES ARAGÓ;Aragó;BIOMATERIALES Y SUTURAS;3/0 Aguja triangular 1/2 de 22 mm. TC-14;Sutura Sintética Multifilamento no absorbible material (SUPRAMID NEGRO), dándole aspecto de monofilamento, no se adhieran al organismo. Color: Negro. Esterilización: Rayos Gamma. Presentación del producto en envases de 36 unidades;106.9;106,90 €;162
2137;54334;SUTURAS NO ABSORBIBLES ARAGÓ;Aragó;BIOMATERIALES Y SUTURAS;4/0 Aguja triangular 1/2 de 22 mm. TC-14;Sutura Sintética Multifilamento no absorbible material (SUPRAMID NEGRO), dándole aspecto de monofilamento, no se adhieran al organismo. Color: Negro. Esterilización: Rayos Gamma. Presentación del producto en envases de 36 unidades;106.9;106,90 €;162
2138;54335;SUTURAS NO ABSORBIBLES ARAGÓ;Aragó;BIOMATERIALES Y SUTURAS;3/0 Aguja triangular 1/2 de 20 mm. TC-12;Sutura Sintética Multifilamento no absorbible material (SUPRAMID NEGRO), dándole aspecto de monofilamento, no se adhieran al organismo. Color: Negro. Esterilización: Rayos Gamma. Presentación del producto en envases de 36 unidades;106.9;106,90 €;162
2139;54336;SUTURAS NO ABSORBIBLES ARAGÓ;Aragó;BIOMATERIALES Y SUTURAS;4/0 Aguja triangular 1/2 de 20 mm. TC-12;Sutura Sintética Multifilamento no absorbible material (SUPRAMID NEGRO), dándole aspecto de monofilamento, no se adhieran al organismo. Color: Negro. Esterilización: Rayos Gamma. Presentación del producto en envases de 36 unidades;106.9;106,90 €;162
2140;5438;SUTURAS NO ABSORBIBLES ARAGÓ;Aragó;BIOMATERIALES Y SUTURAS;4/0 Aguja triangular 3/8 de 19 mm. TB-15;Sutura Sintética Multifilamento no absorbible material (SUPRAMID NEGRO), dándole aspecto de monofilamento, no se adhieran al organismo. Color: Negro. Esterilización: Rayos Gamma. Presentación del producto en envases de 36 unidades;106.9;106,90 €;162
2141;54381;SUTURAS NO ABSORBIBLES ARAGÓ;Aragó;BIOMATERIALES Y SUTURAS;2/0 Aguja triangular 3/8 de 19 mm. TB-15;Sutura Sintética Multifilamento no absorbible material (SUPRAMID NEGRO), dándole aspecto de monofilamento, no se adhieran al organismo. Color: Negro. Esterilización: Rayos Gamma. Presentación del producto en envases de 36 unidades;106.9;106,90 €;162
2142;54383;SUTURAS NO ABSORBIBLES ARAGÓ;Aragó;BIOMATERIALES Y SUTURAS;6/0 Aguja triangular 3/8 de 19 mm. TB-15;Sutura Sintética Multifilamento no absorbible material (SUPRAMID NEGRO), dándole aspecto de monofilamento, no se adhieran al organismo. Color: Negro. Esterilización: Rayos Gamma. Presentación del producto en envases de 36 unidades;106.9;106,90 €;162
2143;54384;SUTURAS NO ABSORBIBLES ARAGÓ;Aragó;BIOMATERIALES Y SUTURAS;4/0 Aguja triangular 3/8 de 16 mm. TB-12;Sutura Sintética Multifilamento no absorbible material (SUPRAMID NEGRO), dándole aspecto de monofilamento, no se adhieran al organismo. Color: Negro. Esterilización: Rayos Gamma. Presentación del producto en envases de 36 unidades;106.9;106,90 €;162
2144;54385;SUTURAS NO ABSORBIBLES ARAGÓ;Aragó;BIOMATERIALES Y SUTURAS;5/0 Aguja triangular 3/8 de 16 mm. TB-12;Sutura Sintética Multifilamento no absorbible material (SUPRAMID NEGRO), dándole aspecto de monofilamento, no se adhieran al organismo. Color: Negro. Esterilización: Rayos Gamma. Presentación del producto en envases de 36 unidades;106.9;106,90 €;162
2145;54386;SUTURAS NO ABSORBIBLES ARAGÓ;Aragó;BIOMATERIALES Y SUTURAS;6/0 Aguja triangular 3/8 de 16 mm. TB-12;Sutura Sintética Multifilamento no absorbible material (SUPRAMID NEGRO), dándole aspecto de monofilamento, no se adhieran al organismo. Color: Negro. Esterilización: Rayos Gamma. Presentación del producto en envases de 36 unidades;106.9;106,90 €;162
2146;54387;SUTURAS NO ABSORBIBLES ARAGÓ;Aragó;BIOMATERIALES Y SUTURAS;6/0 Aguja triangular 3/8 de 12 mm. TB-10;Sutura Sintética Multifilamento no absorbible material (SUPRAMID NEGRO), dándole aspecto de monofilamento, no se adhieran al organismo. Color: Negro. Esterilización: Rayos Gamma. Presentación del producto en envases de 36 unidades;106.9;106,90 €;162
2147;54388;SUTURAS NO ABSORBIBLES ARAGÓ;Aragó;BIOMATERIALES Y SUTURAS;5/0 Aguja triangular 3/8 de 19 mm. TB-15;Sutura Sintética Multifilamento no absorbible material (SUPRAMID NEGRO), dándole aspecto de monofilamento, no se adhieran al organismo. Color: Negro. Esterilización: Rayos Gamma. Presentación del producto en envases de 36 unidades;106.9;106,90 €;162
2148;5439;SUTURAS NO ABSORBIBLES ARAGÓ;Aragó;BIOMATERIALES Y SUTURAS;3/0 Aguja triangular 3/8 de 19 mm. TB-15;Sutura Sintética Multifilamento no absorbible material (SUPRAMID NEGRO), dándole aspecto de monofilamento, no se adhieran al organismo. Color: Negro. Esterilización: Rayos Gamma. Presentación del producto en envases de 36 unidades;106.9;106,90 €;162
2149;5447;SUTURAS NO ABSORBIBLES ARAGÓ NYLON;Aragó;BIOMATERIALES Y SUTURAS;4/0 Aguja triangular 1/2 de 22 mm. TC-14;Sutura Sintética Monofilar no absorbible (NYLON UNIFILAR). Color: Azul. Esterilización: Rayos Gamma. Presentación del producto en envases de 36 unidades;106.9;106,90 €;162
2150;97605;SUTURAS NO ABSORBIBLES ARAGÓ NYLON;Aragó;BIOMATERIALES Y SUTURAS;5/0 Aguja triangular 3/8 de 16 mm. TB-12. 45 cm.;Sutura Sintética Monofilar no absorbible (NYLON UNIFILAR). Color: Azul. Esterilización: Rayos Gamma. Presentación del producto en envases de 36 unidades;106.9;106,90 €;162
2151;0570;SUTURA PGA-REABSORBIBLE;Hu-Friedy;BIOMATERIALES Y SUTURAS;Seda trenzada 3/0 (7762S). aguja 1/2. círculo de 16 mm.;;60.9;60,90 €;163
2152;0571;SUTURA PGA-REABSORBIBLE;Hu-Friedy;BIOMATERIALES Y SUTURAS;Seda trenzada 3/0 (625) aguja 1/2. círculo de 23 mm.;45 cm. 12 unidades.;60.9;60,90 €;163
2153;0572;SUTURA PGA-REABSORBIBLE;Hu-Friedy;BIOMATERIALES Y SUTURAS;Seda trenzada 3/0 (7772S) aguja 3/8. círculo de 19 mm.;45 cm. 12 unidades.;60.9;60,90 €;163
2154;0573;SUTURA PGA-REABSORBIBLE;Hu-Friedy;BIOMATERIALES Y SUTURAS;Seda trenzada 4/0 (683S) aguja 3/8. círculo de 19 mm.;45 cm. 12 unidades.;82.32;82,32 €;163
2155;50200;SUTURA PGA-REABSORBIBLE;Hu-Friedy;BIOMATERIALES Y SUTURAS;PGAFA 3/0 aguja 3/8. círculo de 18,7 mm C-6.;45 cm. 12 unidades.;160.86;160,86 €;163
2156;65747;SUTURA PGA-REABSORBIBLE;Hu-Friedy;BIOMATERIALES Y SUTURAS;PGA (397V) 4/0 aguja 3/8 circulo de 17 mm (70;45 cm. 12 unidades.;82.32;82,32 €;163
2157;75390;SUTURA PGA-REABSORBIBLE;Hu-Friedy;BIOMATERIALES Y SUTURAS;PGA (393V) 3-0 aguja. 3/8 circulo de 18 mm. C-6;45 cm. 12 unidades.;82.32;82,32 €;163
2158;75416;SUTURA PGA-REABSORBIBLE;Hu-Friedy;BIOMATERIALES Y SUTURAS;Polipropileno 6/0. aguja 3/8. círculo de 16 mm.;45 cm. 12 unidades.;196.42;196,42 €;163
2159;75417;SUTURA PGA-REABSORBIBLE;Hu-Friedy;BIOMATERIALES Y SUTURAS;PGA (392V) 4/0 aguja 3/8 circulo de 18 mm C-6;45 cm. 12 unidades.;82.32;82,32 €;163
2160;90618;SUTURA PGA-REABSORBIBLE;Hu-Friedy;BIOMATERIALES Y SUTURAS;PGA 6/0 aguja 3/8. círculo de 10,7 mm C-1;45 cm. 12 unidades.;196.42;196,42 €;163
2161;90619;SUTURA PGA-REABSORBIBLE;Hu-Friedy;BIOMATERIALES Y SUTURAS;Polipropileno 7/0. aguja 3/8. círculo de 10,7 mm.;45 cm. 12 unidades.;196.42;196,42 €;163
2162;9162;SUTURA PGA-REABSORBIBLE;Hu-Friedy;BIOMATERIALES Y SUTURAS;Seda trenzada 5/0 (1628S) aguja. 3/8. círculo de 16 mm.;45 cm. 12 unidades.;82.32;82,32 €;163
2163;9163;SUTURA PGA-REABSORBIBLE;Hu-Friedy;BIOMATERIALES Y SUTURAS;Seda trenzada 4/0 (7345) aguja 1/2. círculo de 18 mm.;45 cm. 12 unidades.;82.32;82,32 €;163
2164;9164;SUTURA PGA-REABSORBIBLE;Hu-Friedy;BIOMATERIALES Y SUTURAS;Polipropileno 5/0. aguja 3/8. círculo de 1 2mm.;45 cm. 12 unidades.;82.32;82,32 €;163
2165;9275;SUTURA PGA-REABSORBIBLE;Hu-Friedy;BIOMATERIALES Y SUTURAS;PGA (389V) 4/0 aguja 3/8. círculo de 16 mm C-22;45 cm. 12 unidades.;82.32;82,32 €;163
2166;9276;SUTURA PGA-REABSORBIBLE;Hu-Friedy;BIOMATERIALES Y SUTURAS;PGA (388V) 5/0 aguja 3/8. círculo de 16 mm C-22;45 cm. 12 unidades.;82.32;82,32 €;163
2167;9277;SUTURA PGA-REABSORBIBLE;Hu-Friedy;BIOMATERIALES Y SUTURAS;PGA (387V) 6/0 aguja 3/8. Círculo de 16 mm C-22;45 cm. 12 unidades.;82.32;82,32 €;163
2168;9278;SUTURA PGA-REABSORBIBLE;Hu-Friedy;BIOMATERIALES Y SUTURAS;Poliéster 3/0. aguja 3/8. círculo de 19 mm.;45 cm. 12 unidades.;160.86;160,86 €;163
2169;9279;SUTURA PGA-REABSORBIBLE;Hu-Friedy;BIOMATERIALES Y SUTURAS;Polipropileno 6/0. aguja 3/8. círculo de 12 mm.;45 cm. 12 unidades.;82.32;82,32 €;163
2170;93303;SUTURA PGA-REABSORBIBLE;Hu-Friedy;BIOMATERIALES Y SUTURAS;PGA 6/0 aguja 3/8. círculo de 13 mm C-3;45 cm. 12 unidades.;196.42;196,42 €;163
2171;98780;SUTURA PGA-REABSORBIBLE;Hu-Friedy;BIOMATERIALES Y SUTURAS;Polipropileno 5/0. aguja 3/8. círculo de 16 mm.;45 cm. 12 unidades.;82.32;82,32 €;163
2172;0188;CUÑAS DE;Proclinic;CUÑAS Y MATRICES;Cuñas naranjas/Pequeñas;Caja de 100 uds.;20.49;20,49 €;166
2173;0189;CUÑAS DE;Proclinic;CUÑAS Y MATRICES;Cuñas madera blancas/Pequeñas;Caja de 100 uds.;20.49;20,49 €;166
2174;0190;CUÑAS DE;Proclinic;CUÑAS Y MATRICES;Cuñas verdes/Medias;Caja de 100 uds.;20.49;20,49 €;166
2175;0191;CUÑAS DE;Proclinic;CUÑAS Y MATRICES;Cuñas amarillas/Grandes;Caja de 100 uds.;20.49;20,49 €;166
2176;1611;CUÑAS DE MADERA 100 UDS.;Kerr;CUÑAS Y MATRICES;Cuñas naranjas;Caja de 100 uds.;13.99;13,99 €;166
2177;1612;CUÑAS DE MADERA 100 UDS.;Kerr;CUÑAS Y MATRICES;Cuñas blancas;Caja de 100 uds.;13.99;13,99 €;166
2178;16122;CUÑAS DE MADERA 100 UDS.;Kerr;CUÑAS Y MATRICES;Cuñas azules;Caja de 100 uds.;13.99;13,99 €;166
2179;1613;CUÑAS DE MADERA 100 UDS.;Kerr;CUÑAS Y MATRICES;Cuñas amarillas;Caja de 100 uds.;13.99;13,99 €;166
2180;1614;CUÑAS DE MADERA 100 UDS.;Kerr;CUÑAS Y MATRICES;Cuñas verdes;Caja de 100 uds.;13.99;13,99 €;166
2181;1615;CUÑAS DE MADERA 1.000 UDS.;Kerr;CUÑAS Y MATRICES;Cuñas naranjas;Caja de 1.000 uds.;20.54;20,54 €;166
2182;1616;CUÑAS DE MADERA 1.000 UDS.;Kerr;CUÑAS Y MATRICES;Cuñas blancas;Caja de 1.000 uds.;20.54;20,54 €;166
2183;1618;CUÑAS DE MADERA 1.000 UDS.;Kerr;CUÑAS Y MATRICES;Cuñas verdes;Caja de 1.000 uds.;20.54;20,54 €;166
2184;16380;CUÑAS DE MADERA 100 UDS.;Kerr;CUÑAS Y MATRICES;Cuñas turquesas;Caja de 100 uds.;20.54;20,54 €;166
2185;1686;CUÑAS DE MADERA 100 UDS.;Kerr;CUÑAS Y MATRICES;Cuñas rojas;Caja de 100 uds.;13.99;13,99 €;166
2186;95065;CUÑAS MADERA BESTDENT;Bestdent;CUÑAS Y MATRICES;Cuñas naranjas. 100 uds.;;13.99;13,99 €;166
2187;95066;CUÑAS MADERA BESTDENT;Bestdent;CUÑAS Y MATRICES;Cuñas blancas. 100 uds.;Caja de 1.000 uds.;13.99;13,99 €;166
2188;95067;CUÑAS MADERA BESTDENT;Bestdent;CUÑAS Y MATRICES;Cuñas verdes. 100 uds.;Caja de 1.000 uds.;13.99;13,99 €;166
2189;95068;CUÑAS MADERA BESTDENT;Bestdent;CUÑAS Y MATRICES;Cuñas amarillas. 100 uds.;Caja de 1.000 uds.;13.99;13,99 €;166
2190;95069;CUÑAS MADERA BESTDENT;Bestdent;CUÑAS Y MATRICES;Cuñas rosas. 100 uds.;Caja de 1.000 uds.;13.99;13,99 €;166
2191;95070;CUÑAS MADERA BESTDENT;Bestdent;CUÑAS Y MATRICES;Cuñas azules. 100 uds.;Caja de 1.000 uds.;13.99;13,99 €;166
2192;1617;CUÑAS DE MADERA SURTIDO 500 UDS.;Kerr;CUÑAS Y MATRICES;;Caja dispensadora de 500 uds.;56.96;56,96 €;167
2193;1619;CUÑAS DE MADERA SURTIDO;Kerr;CUÑAS Y MATRICES;;Caja de 100 uds. en;20.54;20,54 €;167
2194;1620;CUÑAS DE MADERA CON PINZA ADAPTADORA;Kerr;CUÑAS Y MATRICES;Estuche surtido;Caja de 1.000 uds. en + pinza adaptadora.;155.39;155,39 €;167
2195;1650;CUÑAS DE MADERA SURTIDO;Kerr;CUÑAS Y MATRICES;;Caja de 400 uds. en han sido modeladas de acuerdo;56.96;56,96 €;167
2196;12345;CUÑAS FENDERMATE D-COAT;Directa;CUÑAS Y MATRICES;Verde oscuro;18 uds.;67.14;67,14 €;168
2197;12346;CUÑAS FENDERMATE D-COAT;Directa;CUÑAS Y MATRICES;Verde claro;18 uds.;67.14;67,14 €;168
2198;12347;CUÑAS FENDERMATE D-COAT;Directa;CUÑAS Y MATRICES;Azul oscuro;18 uds.;67.14;67,14 €;168
2199;12348;CUÑAS FENDERMATE D-COAT;Directa;CUÑAS Y MATRICES;Azul claro;18 uds.;67.14;67,14 €;168
2200;12349;CUÑAS FENDERMATE D-COAT;Directa;CUÑAS Y MATRICES;Surtido (72 u. 18 de cada color);144 uds.;222.83;222,83 €;168
2201;1660;CUÑAS TRANSPARENTES + MATRICES -KIT 780 S;Kerr;CUÑAS Y MATRICES;;Estuche con 60 cuñas;66.07;66,07 €;168
2202;1661;CUÑAS TRANSPARENTES;Kerr;CUÑAS Y MATRICES;Cuñas medias (772S);Caja de 100 uds.;66.07;66,07 €;168
2203;1662;CUÑAS TRANSPARENTES;Kerr;CUÑAS Y MATRICES;Cuñas pequeñas (771S);Caja de 100 uds.;66.07;66,07 €;168
2204;1663;CUÑAS TRANSPARENTES LUCIWEDGE KIT 790S;Kerr;CUÑAS Y MATRICES;;100 cuñas ultra-estrechas + 50 medias molares Lucifix. + 50 pequeñas.;108.43;108,43 €;168
2205;59277;CUÑAS TRANSPARENTES;Kerr;CUÑAS Y MATRICES;Cuñas X-pequeñas (770S);Caja de 100 uds.;66.07;66,07 €;168
2206;6378;CUÑAS FENDERWEDGE;Directa;CUÑAS Y MATRICES;Surtido 4 colores;144 uds.;149.86;149,86 €;168
2207;6379;CUÑAS FENDERWEDGE;Directa;CUÑAS Y MATRICES;XPequeñas/violetas;36 uds.;43.82;43,82 €;168
2208;6380;CUÑAS FENDERWEDGE;Directa;CUÑAS Y MATRICES;Pequeñas/naranjas;36 uds.;43.82;43,82 €;168
2209;6381;CUÑAS FENDERWEDGE;Directa;CUÑAS Y MATRICES;Medias/verdes;36 uds.;43.82;43,82 €;168
2210;6382;CUÑAS FENDERWEDGE;Directa;CUÑAS Y MATRICES;Grandes/amarillas;36 uds.;43.82;43,82 €;168
2211;23550;PALODENT V3 INTRO KIT;Dentsply;CUÑAS Y MATRICES;Intro Kit;100 matrices, 75 cuñas, protección, 1 anillo universal, 1 anillo estrecho,;608.31;608,31 €;169
2212;23551;PALODENT V3 INTRO KIT;Dentsply;CUÑAS Y MATRICES;Starter Kit;20 matrices, 15 cuñas, protección, 2 anillos universales, 1 forceps, SDR.;450.05;450,05 €;169
2213;23552;PALODENT V3 INTRO KIT;Dentsply;CUÑAS Y MATRICES;Matrices 3.5 mm. (50 pcs.);20 matrices, 15 cuñas, protección, 2 anillos universales, 1 forceps, SDR.;77.35;77,35 €;169
2214;23553;PALODENT V3 INTRO KIT;Dentsply;CUÑAS Y MATRICES;Matrices 4.5 mm. (50 pcs.);20 matrices, 15 cuñas, protección, 2 anillos universales, 1 forceps, SDR.;77.35;77,35 €;169
2215;23554;PALODENT V3 INTRO KIT;Dentsply;CUÑAS Y MATRICES;Matrices 5.5 mm. (50 pcs.);20 matrices, 15 cuñas, protección, 2 anillos universales, 1 forceps, SDR.;77.35;77,35 €;169
2216;23555;PALODENT V3 INTRO KIT;Dentsply;CUÑAS Y MATRICES;Matrices 5.5 mm. (90 pcs.);20 matrices, 15 cuñas, protección, 2 anillos universales, 1 forceps, SDR.;132.76;132,76 €;169
2217;23556;PALODENT V3 INTRO KIT;Dentsply;CUÑAS Y MATRICES;Matrices 6.5 mm. (50 pcs.);20 matrices, 15 cuñas, protección, 2 anillos universales, 1 forceps, SDR.;77.35;77,35 €;169
2218;23557;PALODENT V3 INTRO KIT;Dentsply;CUÑAS Y MATRICES;Matrices 7.5 mm. (50 pcs.);20 matrices, 15 cuñas, protección, 2 anillos universales, 1 forceps, SDR.;77.35;77,35 €;169
2219;23558;PALODENT V3 INTRO KIT;Dentsply;CUÑAS Y MATRICES;Matrices 3.5 mm. (50 pcs.);100 matrices, 75 cuñas, protección, 1 anillo universal, 1 anillo estrecho,;67.93;67,93 €;169
2220;23559;PALODENT V3 INTRO KIT;Dentsply;CUÑAS Y MATRICES;Matrices 4.5 mm. (50 pcs.);20 matrices, 15 cuñas, protección, 2 anillos universales, 1 forceps, SDR.;67.93;67,93 €;169
2221;23560;PALODENT V3 INTRO KIT;Dentsply;CUÑAS Y MATRICES;Matrices 5.5 mm. (50 pcs.);20 matrices, 15 cuñas, protección, 2 anillos universales, 1 forceps, SDR.;67.93;67,93 €;169
2222;23561;PALODENT V3 INTRO KIT;Dentsply;CUÑAS Y MATRICES;Matrices 5.5 mm. (100 pcs.);20 matrices, 15 cuñas, protección, 2 anillos universales, 1 forceps, SDR.;121.55;121,55 €;169
2223;23562;PALODENT V3 INTRO KIT;Dentsply;CUÑAS Y MATRICES;Matrices 6.5 mm. (50 pcs.);20 matrices, 15 cuñas, protección, 2 anillos universales, 1 forceps, SDR.;67.93;67,93 €;169
2224;23563;PALODENT V3 INTRO KIT;Dentsply;CUÑAS Y MATRICES;Matrices 7.5 mm. (50 pcs.);20 matrices, 15 cuñas, protección, 2 anillos universales, 1 forceps, SDR.;67.93;67,93 €;169
2225;23564;PALODENT V3 INTRO KIT;Dentsply;CUÑAS Y MATRICES;Anillo universal 2 uds.;20 matrices, 15 cuñas, protección, 2 anillos universales, 1 forceps, SDR.;249.7;249,70 €;169
2226;23565;PALODENT V3 INTRO KIT;Dentsply;CUÑAS Y MATRICES;Anillo estrecho 2 uds.;20 matrices, 15 cuñas, protección, 2 anillos universales, 1 forceps, SDR.;77.35;77,35 €;169
2227;23566;PALODENT V3 INTRO KIT;Dentsply;CUÑAS Y MATRICES;Anillo universal 1 uds.;20 matrices, 15 cuñas, protección, 2 anillos universales, 1 forceps, SDR.;77.35;77,35 €;169
2228;23567;PALODENT V3 INTRO KIT;Dentsply;CUÑAS Y MATRICES;Cuñas pequeñas 100 uds.;20 matrices, 15 cuñas, protección, 2 anillos universales, 1 forceps, SDR.;77.35;77,35 €;169
2229;23568;PALODENT V3 INTRO KIT;Dentsply;CUÑAS Y MATRICES;Cuñas medianas 100 uds.;20 matrices, 15 cuñas, protección, 2 anillos universales, 1 forceps, SDR.;132.76;132,76 €;169
2230;23569;PALODENT V3 INTRO KIT;Dentsply;CUÑAS Y MATRICES;Cuñas grandes 100 uds.;20 matrices, 15 cuñas, protección, 2 anillos universales, 1 forceps, SDR.;77.35;77,35 €;169
2231;23570;PALODENT V3 INTRO KIT;Dentsply;CUÑAS Y MATRICES;Fórceps 1 ud.;20 matrices, 15 cuñas, protección, 2 anillos universales, 1 forceps, SDR.;77.35;77,35 €;169
2232;23571;PALODENT V3 INTRO KIT;Dentsply;CUÑAS Y MATRICES;Pinzas reposición 1 ud.;20 matrices, 15 cuñas, protección, 2 anillos universales, 1 forceps, SDR.;103.27;103,27 €;169
2233;23572;PALODENT V3 INTRO KIT;Dentsply;CUÑAS Y MATRICES;Cuñas protección pequeñas 50 uds.;20 matrices, 15 cuñas, protección, 2 anillos universales, 1 forceps, SDR.;79.7;79,70 €;169
2234;23573;PALODENT V3 INTRO KIT;Dentsply;CUÑAS Y MATRICES;Cuñas protección medianas 50 uds.;20 matrices, 15 cuñas, protección, 2 anillos universales, 1 forceps, SDR.;79.7;79,70 €;169
2235;23574;PALODENT V3 INTRO KIT;Dentsply;CUÑAS Y MATRICES;Cuñas protección grandes 50 uds.;20 matrices, 15 cuñas, protección, 2 anillos universales, 1 forceps, SDR.;79.7;79,70 €;169
2236;23579;PALODENT V3 & 360 MATRIX;Dentsply;CUÑAS Y MATRICES;4,5 mm.;24 uds. x matrices (25 uds. de cada: 3.5 mm., 4.5 mm., pequeño, mediano, grande) + 30 mediano, grande) + 1 x anillo Palodent® de aplicación Palodent® V3 + 1 x;612.53;612,53 €;169
2237;23580;PALODENT V3 & 360 MATRIX;Dentsply;CUÑAS Y MATRICES;4,5 mm.;48 unidades.;76.15;76,15 €;169
2238;23581;PALODENT V3 & 360 MATRIX;Dentsply;CUÑAS Y MATRICES;5,5 mm.;48 unidades.;76.15;76,15 €;169
2239;23582;PALODENT V3 & 360 MATRIX;Dentsply;CUÑAS Y MATRICES;6,5 mm.;48 unidades.;76.15;76,15 €;169
2240;1652;KIT MATRICES SUPERMAT;Kerr;CUÑAS Y MATRICES;;1 mango SuperLock (Sistema de tensado) anillos retentivos + 14 matrices de acero Adapt SuperCap surtidas + 6 matrices crea transparentes Adapt SuperCap surtidas. perfectos;259.42;259,42 €;170
2241;3001;AUTOMATRIX ESTUCHE;Dentsply;CUÑAS Y MATRICES;;Estuche con los 4 tipos preformadas: 96 uds. + Alicate de corte.;616.99;616,99 €;170
2242;3002;AUTOMATRIX;Dentsply;CUÑAS Y MATRICES;Medium-regular;C aja con 72 unidades.;78.36;78,36 €;170
2243;3003;AUTOMATRIX;Dentsply;CUÑAS Y MATRICES;Medium-thin;C aja con 72 unidades.;78.36;78,36 €;170
2244;3004;AUTOMATRIX;Dentsply;CUÑAS Y MATRICES;Narrow-regular;C aja con 72 unidades.;78.36;78,36 €;170
2245;3005;AUTOMATRIX;Dentsply;CUÑAS Y MATRICES;Wide-regular;C aja con 72 unidades.;616.99;616,99 €;170
2246;3006;MANGO Y PUNTA PARA MANGO AUTOMATE III;Dentsply;CUÑAS Y MATRICES;Mango con punta;Para Automatrix.;78.36;78,36 €;170
2247;3007;MANGO Y PUNTA PARA MANGO AUTOMATE III;Dentsply;CUÑAS Y MATRICES;Punta;Para Automatrix.;78.36;78,36 €;170
2248;7243;MATRICES PALODENT;Dentsply;CUÑAS Y MATRICES;Standard. Caja con 100 uds.;;141.61;141,61 €;170
2249;7244;MATRICES PALODENT;Dentsply;CUÑAS Y MATRICES;Standard. Caja con 50 uds.;;93.65;93,65 €;170
2250;7245;MATRICES PALODENT;Dentsply;CUÑAS Y MATRICES;Mini. Caja con 50 uds.;;93.65;93,65 €;170
2251;7247;ANILLOS PALODENT;Dentsply;CUÑAS Y MATRICES;Redondos. Caja con 4 uds.;;93.65;93,65 €;170
2252;1656;SUPERCAP ADAPT METAL Y;Kerr;CUÑAS Y MATRICES;Transparente 5 mm.;50 uds.;78.37;78,37 €;171
2253;1657;SUPERCAP ADAPT METAL Y;Kerr;CUÑAS Y MATRICES;Transparente 6,3 mm.;50 uds.;78.37;78,37 €;171
2254;1668;SUPERCAP ADAPT METAL Y;Kerr;CUÑAS Y MATRICES;Metal 5 mm.;50 uds.;78.37;78,37 €;171
2255;1669;SUPERCAP ADAPT METAL Y;Kerr;CUÑAS Y MATRICES;Metal 6,3 mm.;50 uds.;78.37;78,37 €;171
2256;16690;MATRICES METAFIX;Kerr;CUÑAS Y MATRICES;Pequeña;50 uds.;93.23;93,23 €;171
2257;16691;MATRICES METAFIX;Kerr;CUÑAS Y MATRICES;Mediana;50 uds.;93.23;93,23 €;171
2258;16692;MATRICES METAFIX;Kerr;CUÑAS Y MATRICES;Grande;50 uds.;93.23;93,23 €;171
2259;65857;MATRICES QUICKMAT ALL-ROUND;Polydentia;CUÑAS Y MATRICES;Intro kit;30u. Matrices circunferenciales Quickmat All-round (15u. de cada: premolares molares 0,03/6,3 mm) + 45u. Cuñas surtidas + 2u. Instrumento API.;237.05;237,05 €;171
2260;65858;MATRICES QUICKMAT ALL-ROUND;Polydentia;CUÑAS Y MATRICES;Instrumento API;2 uds.;147.85;147,85 €;171
2261;65859;MATRICES QUICKMAT ALL-ROUND;Polydentia;CUÑAS Y MATRICES;Matriz premolar;35 uds.;90.0;90,00 €;171
2262;65860;MATRICES QUICKMAT ALL-ROUND;Polydentia;CUÑAS Y MATRICES;Matriz molar;35 uds.;90.0;90,00 €;171
2263;83133;OMNI-MATRIX;Ultradent;CUÑAS Y MATRICES;Sin alas 6.5 mm;48;80.2;80,20 €;171
2264;83134;OMNI-MATRIX;Ultradent;CUÑAS Y MATRICES;Sin alas 6.5 mm;48;80.2;80,20 €;171
2265;98433;QUICKMAT DE;Polydentia;CUÑAS Y MATRICES;Matrices;35 uds.;70.9;70,90 €;171
2266;98434;QUICKMAT DE;Polydentia;CUÑAS Y MATRICES;Matrices;35 uds.;70.9;70,90 €;171
2267;98437;QUICKMAT DE;Polydentia;CUÑAS Y MATRICES;Matrices;35 uds.;70.9;70,90 €;171
2268;98438;QUICKMAT DE;Polydentia;CUÑAS Y MATRICES;Matrices;35 uds.;70.9;70,90 €;171
2269;16387;MY CLIP 2.0;Polydentia;CUÑAS Y MATRICES;;2 anillos MyClip 2.0;295.75;295,75 €;172
2270;16394;MY CLIP 2.0;Polydentia;CUÑAS Y MATRICES;Kit introducción;1 anillo MyClip 2.0. de madera (10 de cada: 11 mm. y 12 premolar (5mm – 0.04 mm.) y molar;197.7;197,70 €;172
2271;48509;MYQUICKMAT FORTE KIT;Polydentia;CUÑAS Y MATRICES;Kit;2 anillos MyClip 2.0;540.75;540,75 €;172
2272;65850;MATRIZ UNICA;Polydentia;CUÑAS Y MATRICES;Intro kit;20u. anterior fácil! cada:;324.45;324,45 €;172
2273;65861;MATRIZ UNICA;Polydentia;CUÑAS Y MATRICES;Matriz única;12;43.7;43,70 €;172
2274;5890;MATRICES COMPOSI-TIGHT;Garrison;CUÑAS Y MATRICES;Kit matrices completo+;;522.0;522,00 €;173
2275;5893;MATRICES COMPOSI-TIGHT;Garrison;CUÑAS Y MATRICES;Matrices pequeñas;;99.65;99,65 €;173
2276;5894;MATRICES COMPOSI-TIGHT;Garrison;CUÑAS Y MATRICES;Matrices estándar;;99.65;99,65 €;173
2277;5895;MATRICES COMPOSI-TIGHT;Garrison;CUÑAS Y MATRICES;Matrices grandes;;99.65;99,65 €;173
2278;5896;MATRICES COMPOSI-TIGHT;Garrison;CUÑAS Y MATRICES;Anillos estándar;;129.44;129,44 €;173
2279;5897;MATRICES COMPOSI-TIGHT;Garrison;CUÑAS Y MATRICES;Anillos largos gold;;129.44;129,44 €;173
2280;58980;MATRICES COMPOSI-TIGHT;Garrison;CUÑAS Y MATRICES;Matrices pedo.;;99.65;99,65 €;173
2281;65851;MATRIZ UNICA MINIDEEP;Polydentia;CUÑAS Y MATRICES;12u.;20u. x Unica anterior minideep anterior matrices + 120u. cada: XS, S, M) + 1u. x myQuickmatrix;43.7;43,70 €;173
2282;65852;MATRIZ UNICA MINIDEEP;Polydentia;CUÑAS Y MATRICES;50u.;20u. x Unica anterior minideep anterior matrices + 120u. cada: XS, S, M) + 1u. x myQuickmatrix;128.2;128,20 €;173
2283;65854;MATRICES QUICKMAT;Polydentia;CUÑAS Y MATRICES;Premolar (100u.);;74.15;74,15 €;173
2284;65855;MATRICES QUICKMAT;Polydentia;CUÑAS Y MATRICES;Molar (100u.);20u. x Unica anterior minideep anterior matrices + 120u. cada: XS, S, M) + 1u. x myQuickmatrix;74.15;74,15 €;173
2285;65856;MATRICES QUICKMAT;Polydentia;CUÑAS Y MATRICES;Molar con extensión;;50.45;50,45 €;173
2286;79555;MYFORCEPS;Polydentia;CUÑAS Y MATRICES;;;151.0;151,00 €;173
2287;58941;MATRICES COMPOSI-TIGHT 3D FUSION;Garrison;CUÑAS Y MATRICES;Premolares 4,4 mm (grises) 100 uds.;;134.72;134,72 €;174
2288;58942;MATRICES COMPOSI-TIGHT 3D FUSION;Garrison;CUÑAS Y MATRICES;Premolares 6 mm con extensión;;134.72;134,72 €;174
2289;58943;MATRICES COMPOSI-TIGHT 3D FUSION;Garrison;CUÑAS Y MATRICES;Molares pequeñas 5,6mm (violetas);;134.72;134,72 €;174
2290;58944;MATRICES COMPOSI-TIGHT 3D FUSION;Garrison;CUÑAS Y MATRICES;100 uds.;;134.72;134,72 €;174
2291;58945;MATRICES COMPOSI-TIGHT 3D FUSION;Garrison;CUÑAS Y MATRICES;cervical (azules) 60 uds.;;134.72;134,72 €;174
2292;58970;(violetas);;CUÑAS Y MATRICES;Molares pequeñas;;123.71;123,71 €;174
2293;58971;(violetas);;CUÑAS Y MATRICES;Molares 6,4 mm con;;123.71;123,71 €;174
2294;58972;cervical (rojas);;CUÑAS Y MATRICES;Premolares 4,6 mm;;123.71;123,71 €;174
2295;58973;cervical (azules);;CUÑAS Y MATRICES;Molares 6,4 mm grandes;;123.71;123,71 €;174
2296;58974;AROS GARRISON;;CUÑAS Y MATRICES;Aros 3D;;263.77;263,77 €;174
2297;58976;MATRICES GARRISON Slickbands SM;;CUÑAS Y MATRICES;Premolares 3,8 mm;;123.71;123,71 €;174
2298;58977;MATRICES GARRISON Slickbands SM;;CUÑAS Y MATRICES;Transportador;;106.53;106,53 €;174
2299;58978;MATRICES GARRISON Slickbands SM;;CUÑAS Y MATRICES;Aros 3DXR;;273.96;273,96 €;174
2300;58986;MATRICES COMPOSI-TIGHT 3D FUSION;Garrison;CUÑAS Y MATRICES;Molares 6,4 mm grandes;;99.65;99,65 €;174
2301;58987;cervical (rojas);;CUÑAS Y MATRICES;Premolares 4,6 mm;;123.71;123,71 €;174
2302;70073;MATRICES COMPOSI-TIGHT 3D FUSION;Garrison;CUÑAS Y MATRICES;Molares pequeñas 5,6 mm (violetas);;71.32;71,32 €;174
2303;70074;MATRICES COMPOSI-TIGHT 3D FUSION;Garrison;CUÑAS Y MATRICES;30 uds..;;74.72;74,72 €;174
2304;74061;Cuñas de Plástico;;CUÑAS Y MATRICES;Cuñas;;123.71;123,71 €;174
2305;74062;Cuñas de Plástico;;CUÑAS Y MATRICES;Cuñas;;123.71;123,71 €;174
2306;74063;Cuñas de Plástico;;CUÑAS Y MATRICES;Cuñas;;48.11;48,11 €;174
2307;74064;MATRICES COMPOSI-TIGHT 3D FUSION;Garrison;CUÑAS Y MATRICES;Pequeñas.;;71.32;71,32 €;174
2308;74065;MATRICES COMPOSI-TIGHT 3D FUSION;Garrison;CUÑAS Y MATRICES;Medias.;;71.32;71,32 €;174
2309;74066;MATRICES COMPOSI-TIGHT 3D FUSION;Garrison;CUÑAS Y MATRICES;Extrapequeñas.;;99.65;99,65 €;174
2310;74067;MATRICES COMPOSI-TIGHT 3D FUSION;Garrison;CUÑAS Y MATRICES;100 uds.;;123.71;123,71 €;174
2311;74068;MATRICES COMPOSI-TIGHT 3D FUSION;Garrison;CUÑAS Y MATRICES;Surtido;;132.45;132,45 €;174
2312;74085;MATRICES COMPOSI-TIGHT 3D FUSION;Garrison;CUÑAS Y MATRICES;Grandes.;;99.65;99,65 €;174
2313;77972;MATRICES COMPOSI-TIGHT 3D FUSION;Garrison;CUÑAS Y MATRICES;Premolares 4,6 mm;;99.65;99,65 €;174
2314;77973;MATRICES COMPOSI-TIGHT 3D FUSION;Garrison;CUÑAS Y MATRICES;Premolares 3,8 mm;;99.65;99,65 €;174
2315;77974;MATRICES COMPOSI-TIGHT 3D FUSION;Garrison;CUÑAS Y MATRICES;Molar 6,4 mm con;;99.65;99,65 €;174
2316;96395;Cuñas de Plástico;;CUÑAS Y MATRICES;Cuñas;;50.4;50,40 €;174
2317;96396;Cuñas de Plástico;;CUÑAS Y MATRICES;Cuñas;;50.4;50,40 €;174
2318;96397;Cuñas de Plástico;;CUÑAS Y MATRICES;Cuñas;;50.4;50,40 €;174
2319;96398;Cuñas de Plástico;;CUÑAS Y MATRICES;Cuñas;;123.71;123,71 €;174
2320;97836;100 uds. Slickbands XR;;CUÑAS Y MATRICES;Premolares 3,8 mm;;123.71;123,71 €;174
2321;97837;100 uds. Slickbands XR;;CUÑAS Y MATRICES;Molares pequeñas;;123.71;123,71 €;174
2322;97838;100 uds. Molares 6,4;;CUÑAS Y MATRICES;cervical (azules) 60;;123.71;123,71 €;174
2323;40018;COMPOSI-TIGHT 3D FUSION;Garrison;CUÑAS Y MATRICES;Mini Kit;1x Composi-Tight® azul, 1x Composi-Tight® 3D Fusion™ Composi-Tight® 3D Fusion™ anillo ancho Tight® 3D Fusion™ cuñas en 4 tamaños, 3D Fusion™ Matrices en 5 tamaños, mejorado de acero forjado.;391.0;391,00 €;175
2324;45556;ANILLOS COMPOSI-TIGHT 3D FUSION;Garrison;CUÑAS Y MATRICES;Anillo largo naranja (1ud.);;331.7;331,70 €;175
2325;74071;COMPOSI-TIGHT 3D FUSION;Garrison;CUÑAS Y MATRICES;Starter Kit;1x Composi-Tight® azul, 1x Composi-Tight® 3D Fusion™ Composi-Tight® 3D Fusion™ anillo ancho Tight® 3D Fusion™ cuñas en 4 tamaños, 3D Fusion™ Matrices en 5 tamaños, mejorado de acero forjado.;565.0;565,00 €;175
2326;74072;ANILLOS COMPOSI-TIGHT 3D FUSION;Garrison;CUÑAS Y MATRICES;Anillo corto azul (2ud.);;277.36;277,36 €;175
2327;74073;ANILLOS COMPOSI-TIGHT 3D FUSION;Garrison;CUÑAS Y MATRICES;Anillo largo naranja (2ud.);;391.0;391,00 €;175
2328;74074;ANILLOS COMPOSI-TIGHT 3D FUSION;Garrison;CUÑAS Y MATRICES;Anillo espacios amplios (2ud.);;565.0;565,00 €;175
2329;74084;COMPOSI-TIGHT 3D FUSION;Garrison;CUÑAS Y MATRICES;Surtido de 210 matrices;1x Composi-Tight® azul, 1x Composi-Tight® 3D Fusion™ Composi-Tight® 3D Fusion™ anillo ancho Tight® 3D Fusion™ cuñas en 4 tamaños, 3D Fusion™ Matrices en 5 tamaños, mejorado de acero forjado.;331.7;331,70 €;175
2330;97867;ANILLOS COMPOSI-TIGHT 3D FUSION;Garrison;CUÑAS Y MATRICES;Surtido 3 anillos (corto, largo,;;405.28;405,28 €;175
2331;78657;KIT STRATA-G;Garrison;CUÑAS Y MATRICES;Kit All in one Matrices seccionales;3 anillos Strata-G (1u. naranja, verde), 50 matrices Strata-G blancas, grises, moradas, verdes, azules 50 matrices Firmes (10u. de cada tamaño), (20u. de cada color: amarillas, azules, fórceps para anillos, 10 matrices para azules, 5 matrices de elevación del margen (estilo tofflemiere);949.49;949,49 €;176
2332;78658;KIT STRATA-G;Garrison;CUÑAS Y MATRICES;Kit Matrices seccionales Standard;3 anillos Strata-G (1u. naranja, verde), 50 matrices Strata-G blancas, grises, moradas, verdes, azules 50 matrices Firmes (10u. de cada tamaño), (20u. de cada color: amarillas, azules, fórceps para anillos, 10 matrices para azules, 5 matrices de elevación del margen (estilo tofflemiere);814.36;814,36 €;176
2333;78659;ANILLOS STRATA-G;Garrison;CUÑAS Y MATRICES;Kit de anillos 3u (anillo bajo,;3 anillos Strata-G (1u. naranja, verde), 50 matrices Strata-G blancas, grises, moradas, verdes, azules 50 matrices Firmes (10u. de cada tamaño), (20u. de cada color: amarillas, azules, fórceps para anillos, 10 matrices para azules, 5 matrices de elevación del margen (estilo tofflemiere);477.32;477,32 €;176
2334;78673;ANILLOS STRATA-G;Garrison;CUÑAS Y MATRICES;Anillos bajos (2u);3 anillos Strata-G (1u. naranja, verde), 50 matrices Strata-G blancas, grises, moradas, verdes, azules 50 matrices Firmes (10u. de cada tamaño), (20u. de cada color: amarillas, azules, fórceps para anillos, 10 matrices para azules, 5 matrices de elevación del margen (estilo tofflemiere);331.57;331,57 €;176
2335;78674;ANILLOS STRATA-G;Garrison;CUÑAS Y MATRICES;Anillo bajo (1u);3 anillos Strata-G (1u. naranja, verde), 50 matrices Strata-G blancas, grises, moradas, verdes, azules 50 matrices Firmes (10u. de cada tamaño), (20u. de cada color: amarillas, azules, fórceps para anillos, 10 matrices para azules, 5 matrices de elevación del margen (estilo tofflemiere);175.85;175,85 €;176
2336;78675;ANILLOS STRATA-G;Garrison;CUÑAS Y MATRICES;Anillos altos (2u);3 anillos Strata-G (1u. naranja, verde), 50 matrices Strata-G blancas, grises, moradas, verdes, azules 50 matrices Firmes (10u. de cada tamaño), (20u. de cada color: amarillas, azules, fórceps para anillos, 10 matrices para azules, 5 matrices de elevación del margen (estilo tofflemiere);331.57;331,57 €;176
2337;78676;ANILLOS STRATA-G;Garrison;CUÑAS Y MATRICES;Anillo alto (1u);3 anillos Strata-G (1u. naranja, verde), 50 matrices Strata-G blancas, grises, moradas, verdes, azules 50 matrices Firmes (10u. de cada tamaño), (20u. de cada color: amarillas, azules, fórceps para anillos, 10 matrices para azules, 5 matrices de elevación del margen (estilo tofflemiere);175.85;175,85 €;176
2338;78677;ANILLOS STRATA-G;Garrison;CUÑAS Y MATRICES;Anillos cavidad ancha (2u);3 anillos Strata-G (1u. naranja, verde), 50 matrices Strata-G blancas, grises, moradas, verdes, azules 50 matrices Firmes (10u. de cada tamaño), (20u. de cada color: amarillas, azules, fórceps para anillos, 10 matrices para azules, 5 matrices de elevación del margen (estilo tofflemiere);949.49;949,49 €;176
2339;78678;ANILLOS STRATA-G;Garrison;CUÑAS Y MATRICES;Anillo cavidad ancha (1u);3 anillos Strata-G (1u. naranja, verde), 50 matrices Strata-G blancas, grises, moradas, verdes, azules 50 matrices Firmes (10u. de cada tamaño), (20u. de cada color: amarillas, azules, fórceps para anillos, 10 matrices para azules, 5 matrices de elevación del margen (estilo tofflemiere);814.36;814,36 €;176
2340;78679;MATRICES STRATA-G;Garrison;CUÑAS Y MATRICES;Mini Kit matrices surtidas (200u);;286.03;286,03 €;176
2341;78680;MATRICES STRATA-G;Garrison;CUÑAS Y MATRICES;Matrices pediatricas (50u);;85.34;85,34 €;176
2342;78681;MATRICES STRATA-G;Garrison;CUÑAS Y MATRICES;Matrices premolares (50u);;85.34;85,34 €;176
2343;78682;MATRICES STRATA-G;Garrison;CUÑAS Y MATRICES;Matrices molares pequeños (50u);;85.34;85,34 €;176
2344;78683;MATRICES STRATA-G;Garrison;CUÑAS Y MATRICES;Matrices molares (50u);;85.34;85,34 €;176
2345;78684;MATRICES STRATA-G;Garrison;CUÑAS Y MATRICES;Matrices molares con ext. Cervical;;85.34;85,34 €;176
2346;78685;CUÑAS STRATA-G;Garrison;CUÑAS Y MATRICES;Mini Kit cuñas surtidas (200u);;175.85;175,85 €;176
2347;78686;CUÑAS STRATA-G;Garrison;CUÑAS Y MATRICES;Cuñas extra pequeñas (50u);;331.57;331,57 €;176
2348;78687;CUÑAS STRATA-G;Garrison;CUÑAS Y MATRICES;Cuñas pequeñas (50u);;175.85;175,85 €;176
2349;78688;CUÑAS STRATA-G;Garrison;CUÑAS Y MATRICES;Cuñas medianas (50u);;331.57;331,57 €;176
2350;78689;CUÑAS STRATA-G;Garrison;CUÑAS Y MATRICES;Cuñas grandes (50u);;175.85;175,85 €;176
2351;25869;MATRICES COMPOSI-TIGHT 3D;Garrison;CUÑAS Y MATRICES;Premolares 4,3 mm.;50 uds.;72.45;72,45 €;177
2352;25870;MATRICES COMPOSI-TIGHT 3D;Garrison;CUÑAS Y MATRICES;Molares pequeña 5,3 mm.;50 uds.;72.45;72,45 €;177
2353;25871;MATRICES COMPOSI-TIGHT 3D;Garrison;CUÑAS Y MATRICES;Molares 6,1 mm.;50 uds.;72.45;72,45 €;177
2354;25872;MATRICES COMPOSI-TIGHT 3D;Garrison;CUÑAS Y MATRICES;Molares con extensión cervical 7,7 mm.;50 uds.;72.45;72,45 €;177
2355;40010;MATRICES COMPOSI-TIGHT 3D;Garrison;CUÑAS Y MATRICES;Kit completo;3 anillos Composi-Tight 3D 80 cuñas Composi-Tight 3D 3D Fusion Firm en 5 tamaños;554.0;554,00 €;177
2356;58642;COMPOSI-TIGHT 3D FUSION KIT;Garrison;CUÑAS Y MATRICES;;1 Anillo composi-tight 3D Fusion 3D Fusion en 4 tamaños (10 de cada) + 25 Matrices tamaños (5 de cada) + 1 fórceps para los anillos.;274.0;274,00 €;177
2357;60000;MATRICES COMPOSI-TIGHT 3D;Garrison;CUÑAS Y MATRICES;Premolares 5,9 mm.;50 uds.;72.45;72,45 €;177
2358;60001;MATRICES COMPOSI-TIGHT 3D;Garrison;CUÑAS Y MATRICES;Mini kit matrices;150 matrices surtidas.;176.6;176,60 €;177
2359;78650;MATRICES Y CUÑAS ANTERIORES FUSION;Garrison;CUÑAS Y MATRICES;;"50 x Matrices anteriores cortas (8,6mm) + 50 x Matrices anteriores altas (10,4mm) + 100 Cuñas anteriores Fusion INICIO (25 de cada: Amarilla-extra pequeña; azul–pequeña; naranja- mediana; verde-grande)";172.0;172,00 €;177
2360;78651;MATRICES Y CUÑAS ANTERIORES FUSION;Garrison;CUÑAS Y MATRICES;Matrices cortas - 8,6 mm (50 uds.);"50 x Matrices anteriores cortas (8,6mm) + 50 x Matrices anteriores altas (10,4mm) + 100 Cuñas anteriores Fusion INICIO (25 de cada: Amarilla-extra pequeña; azul–pequeña; naranja- mediana; verde-grande)";73.58;73,58 €;177
2361;78652;MATRICES Y CUÑAS ANTERIORES FUSION;Garrison;CUÑAS Y MATRICES;Matrices largas - 10,4 mm (50 uds.);"50 x Matrices anteriores cortas (8,6mm) + 50 x Matrices anteriores altas (10,4mm) + 100 Cuñas anteriores Fusion INICIO (25 de cada: Amarilla-extra pequeña; azul–pequeña; naranja- mediana; verde-grande)";73.58;73,58 €;177
2362;78653;MATRICES Y CUÑAS ANTERIORES FUSION;Garrison;CUÑAS Y MATRICES;"Kit cuñas (200 uds.; 50 de cada)";"50 x Matrices anteriores cortas (8,6mm) + 50 x Matrices anteriores altas (10,4mm) + 100 Cuñas anteriores Fusion INICIO (25 de cada: Amarilla-extra pequeña; azul–pequeña; naranja- mediana; verde-grande)";115.47;115,47 €;177
2363;73787;CUÑAS NITIN;Normon;CUÑAS Y MATRICES;Molares - Negro;2 unidades;258.52;258,52 €;178
2364;73788;CUÑAS NITIN;Normon;CUÑAS Y MATRICES;;2 unidades;258.52;258,52 €;178
2365;73789;CUÑAS NITIN;Normon;CUÑAS Y MATRICES;Kit surtido;400 cuñas NiTin (100u. de cada color);325.82;325,82 €;178
2366;73792;CUÑAS NITIN;Normon;CUÑAS Y MATRICES;Verdes - Largas;100 cuñas NiTin;72.52;72,52 €;178
2367;73793;MATRICES SECCIONALES NITIN;Normon;CUÑAS Y MATRICES;Kit NiTin Completo Grande;100 matrices NiTin (20u. de cada tamaño: 8.7mm) + 100 cuñas NiTin (25u. de cada color) + 2 anillos Premolares-blanco) + 1 fórceps + 1 porta matrices;546.12;546,12 €;178
2368;73794;MATRICES NITIN;Normon;CUÑAS Y MATRICES;Premolares 4,4 mm;50 matrices NiTin;72.52;72,52 €;178
2369;73795;MATRICES NITIN;Normon;CUÑAS Y MATRICES;Premolares 5,6 mm;50 matrices NiTin;72.52;72,52 €;178
2370;73796;MATRICES NITIN;Normon;CUÑAS Y MATRICES;Premolares 6,0 mm con extensión;50 matrices NiTin;72.52;72,52 €;178
2371;73797;MATRICES NITIN;Normon;CUÑAS Y MATRICES;Molares 6,6 mm;50 matrices NiTin;72.52;72,52 €;178
2372;73798;MATRICES NITIN;Normon;CUÑAS Y MATRICES;Molares 8,7 mm con extensión;50 matrices NiTin;72.52;72,52 €;178
2373;73799;MATRICES SECCIONALES NITIN;Normon;CUÑAS Y MATRICES;Kit NiTin Completo Mini;40 matrices NiTin (10u. de cada tamaño: tamaño: 6.0mm y 8.7mm) + 40 cuñas NiTin (10u. de cada Molares-negro y Premolares-blanco) + 1 fórceps;456.58;456,58 €;178
2374;73800;MATRICES NITIN;Normon;CUÑAS Y MATRICES;Kit surtido;250 matrices NiTin (50u. de cada tamaño);325.82;325,82 €;178
2375;73801;MATRICES NITIN;Normon;CUÑAS Y MATRICES;Molares - Negro;1 unidad color) + 2 anillos (1u. de cada tamaño:;137.17;137,17 €;178
2376;73802;CUÑAS NITIN;Normon;CUÑAS Y MATRICES;Naranjas - Medianas;100 cuñas NiTin;72.52;72,52 €;178
2377;73803;CUÑAS NITIN;Normon;CUÑAS Y MATRICES;;1 unidad;258.52;258,52 €;178
2378;73804;MATRICES SECCIONALES NITIN;Normon;CUÑAS Y MATRICES;Premolares - Blanco;1 unidad color) + 2 anillos (1u. de cada tamaño:;456.58;456,58 €;178
2379;73805;MATRICES SECCIONALES NITIN;Normon;CUÑAS Y MATRICES;Kit NiTin Prueba;25 matrices NiTin (5u. de cada tamaño: + 40 cuñas NiTin (10u. de cada color) + 2 anillos (1u. de blanco) + 1 fórceps;423.67;423,67 €;178
2380;73806;CUÑAS NITIN;Normon;CUÑAS Y MATRICES;Amarillas - Extra Pequeñas;100 cuñas NiTin;72.52;72,52 €;178
2381;73807;CUÑAS NITIN;Normon;CUÑAS Y MATRICES;Pinza para matrices NiTin;1 unidad;36.83;36,83 €;178
2382;73808;CUÑAS NITIN;Normon;CUÑAS Y MATRICES;Azules - Pequeñas;100 cuñas NiTin;72.52;72,52 €;178
2383;16100;MATRICES MICRO FINAS;Kerr;CUÑAS Y MATRICES;Nº 408;Caja de 30 uds. Tamaño;10.54;10,54 €;179
2384;16101;MATRICES MICRO FINAS;Kerr;CUÑAS Y MATRICES;Nº 405;Caja de 30 uds. Tamaño;10.54;10,54 €;179
2385;16102;MATRICES MICRO FINAS;Kerr;CUÑAS Y MATRICES;Nº 406;Caja de 30 uds. Tamaño;10.54;10,54 €;179
2386;16103;MATRICES MICRO FINAS;Kerr;CUÑAS Y MATRICES;Nº 407;Caja de 30 uds. Tamaño;10.54;10,54 €;179
2387;16104;MATRICES MICRO FINAS;Kerr;CUÑAS Y MATRICES;Nº 409;Caja de 30 uds. Tamaño;10.54;10,54 €;179
2388;16106;MATRICES MICRO FINAS;Kerr;CUÑAS Y MATRICES;Nº 1201;Caja de 30 uds. Tamaño;9.46;9,46 €;179
2389;16107;MATRICES MICRO FINAS;Kerr;CUÑAS Y MATRICES;Nº 1202;Caja de 30 uds. Tamaño;9.46;9,46 €;179
2390;16108;MATRICES MICRO FINAS;Kerr;CUÑAS Y MATRICES;Nº 1203;Caja de 30 uds. Tamaño;9.46;9,46 €;179
2391;16110;MATRICES MICRO FINAS;Kerr;CUÑAS Y MATRICES;Nº 1205;Caja de 30 uds. Tamaño;9.46;9,46 €;179
2392;16111;MATRICES MICRO FINAS;Kerr;CUÑAS Y MATRICES;Nº 1206;Caja de 30 uds. Tamaño;9.46;9,46 €;179
2393;16112;MATRICES MICRO FINAS;Kerr;CUÑAS Y MATRICES;Nº 1207;Caja de 30 uds. Tamaño;9.46;9,46 €;179
2394;96862;MATRICES METAL BOMBEADAS;Kerr;CUÑAS Y MATRICES;N.1001 (0,05 mm);Toflemine bombeada.;24.05;24,05 €;179
2395;96863;MATRICES METAL BOMBEADAS;Kerr;CUÑAS Y MATRICES;N.1101 (0,038 mm);Toflemine bombeada.;24.05;24,05 €;179
2396;97056;ANILLO;;CUÑAS Y MATRICES;;;145.2;145,20 €;179
2397;97057;ANILLO;;CUÑAS Y MATRICES;;;145.2;145,20 €;179
2398;0196;MATRIZ;Proclinic;CUÑAS Y MATRICES;Ancho;;4.76;4,76 €;180
2399;01970;MATRIZ;Proclinic;CUÑAS Y MATRICES;Ancho;;4.76;4,76 €;180
2400;01980;MATRIZ;Proclinic;CUÑAS Y MATRICES;Ancho 7;;4.76;4,76 €;180
2401;1689;MATRICES ADAPT;Kerr;CUÑAS Y MATRICES;N.376;Acero 0,045 mm. 30;20.54;20,54 €;180
2402;16891;MATRICES ADAPT;Kerr;CUÑAS Y MATRICES;N.382;Acero 0,045 mm. 30;20.54;20,54 €;180
2403;1690;MATRICES ADAPT;Kerr;CUÑAS Y MATRICES;N.377;Acero 0,045 mm. 30;20.54;20,54 €;180
2404;1691;MATRICES ADAPT;Kerr;CUÑAS Y MATRICES;N.378;Acero 0,045 mm. 30;20.54;20,54 €;180
2405;58934;BANDAS TOFFLEMIRE;Garrison;CUÑAS Y MATRICES;Blandas;;80.38;80,38 €;180
2406;58935;BANDAS TOFFLEMIRE;Garrison;CUÑAS Y MATRICES;Regular;;80.38;80,38 €;180
2407;65870;MATRIZ ROLLO;Proclinic;CUÑAS Y MATRICES;Ancho;;15.41;15,41 €;180
2408;65871;MATRIZ ROLLO;Proclinic;CUÑAS Y MATRICES;Ancho;;15.41;15,41 €;180
2409;65872;MATRIZ ROLLO;Proclinic;CUÑAS Y MATRICES;Ancho;;4.76;4,76 €;180
2410;96588;MATRICES ADAPT;Kerr;CUÑAS Y MATRICES;N.379;Acero 0,045 mm. 30;20.54;20,54 €;180
2411;99534;MATRIZ TOFLEMIRE FINA;P.D.;CUÑAS Y MATRICES;Nº1 - 0,05 mm.;12 uds.;4.76;4,76 €;180
2412;99680;MATRIZ TOFLEMIRE FINA;P.D.;CUÑAS Y MATRICES;Nº11 - 0,05 mm.;12 uds.;4.76;4,76 €;180
2413;1601;MATRIZ EN ROLLO HAWE;Kerr;CUÑAS Y MATRICES;Ancho 5 mm. (399A).;Grosor 0,03 mm. Long.: 3 m.;19.59;19,59 €;181
2414;1602;MATRIZ EN ROLLO HAWE;Kerr;CUÑAS Y MATRICES;Ancho 6 mm. (399B).;Grosor 0,03 mm. Long.: 3 m.;19.59;19,59 €;181
2415;1603;MATRIZ EN ROLLO HAWE;Kerr;CUÑAS Y MATRICES;Ancho 7 mm. (399C).;Grosor 0,03 mm. Long.: 3 m.;19.59;19,59 €;181
2416;1604;MATRIZ EN ROLLO HAWE;Kerr;CUÑAS Y MATRICES;Ancho 5 mm. (499A).;Grosor 0,045 mm. Long.: 3 m.;14.91;14,91 €;181
2417;1605;MATRIZ EN ROLLO HAWE;Kerr;CUÑAS Y MATRICES;Ancho 6 mm. (499B).;Grosor 0,045 mm. Long.: 3 m.;14.91;14,91 €;181
2418;1606;MATRIZ EN ROLLO HAWE;Kerr;CUÑAS Y MATRICES;Ancho 7 mm. (499C).;Grosor 0,045 mm. Long.: 3 m.;12.57;12,57 €;181
2419;4997;MATRIZ EN ROLLO BESTDENT;Bestdent;CUÑAS Y MATRICES;0,05 x 5 mm.;3 m.;11.51;11,51 €;181
2420;4998;MATRIZ EN ROLLO BESTDENT;Bestdent;CUÑAS Y MATRICES;0,05 x 6 mm.;3 m.;11.51;11,51 €;181
2421;4999;MATRIZ EN ROLLO BESTDENT;Bestdent;CUÑAS Y MATRICES;0,05 x 7 mm.;3 m.;11.51;11,51 €;181
2422;6501;MATRIZ EN ROLLO STRIP;Polydentia;CUÑAS Y MATRICES;Ancho 5 mm.;Grosor 0,03 mm. Long.:;18.95;18,95 €;181
2423;6502;MATRIZ EN ROLLO STRIP;Polydentia;CUÑAS Y MATRICES;Ancho 6 mm.;Grosor 0,03 mm. Long.:;18.95;18,95 €;181
2424;6503;MATRIZ EN ROLLO STRIP;Polydentia;CUÑAS Y MATRICES;Ancho 7 mm.;Grosor 0,03 mm. Long.:;18.95;18,95 €;181
2425;6506;MATRICES EN ROLLO SOFTRIX;Polydentia;CUÑAS Y MATRICES;6 mm. x 3 m.;Matrices de acero inoxidable;18.95;18,95 €;181
2426;6507;MATRICES EN ROLLO SOFTRIX;Polydentia;CUÑAS Y MATRICES;8 mm. x 3 m.;Matrices de acero inoxidable;18.95;18,95 €;181
2427;65873;MATRIZ EN ROLLO FINA;Bestdent;CUÑAS Y MATRICES;0,03 x 5 mm.;Grosor 0,045 mm. Long.: 3 m.;11.51;11,51 €;181
2428;65874;MATRIZ EN ROLLO FINA;Bestdent;CUÑAS Y MATRICES;0,03 x 6 mm.;Grosor 0,045 mm. Long.: 3 m.;11.51;11,51 €;181
2429;65875;MATRIZ EN ROLLO FINA;Bestdent;CUÑAS Y MATRICES;0,03 x 7 mm.;Grosor 0,045 mm. Long.: 3 m.;14.91;14,91 €;181
2430;1608;MATRIZ EN ROLLO HAWE STRIPOLL;Kerr;CUÑAS Y MATRICES;Ancho 6 mm. (685);Long.: 15 m. Distribuidor con hoja de corte.;17.16;17,16 €;182
2431;1609;MATRIZ EN ROLLO HAWE STRIPOLL;Kerr;CUÑAS Y MATRICES;Ancho 8 mm. (686);Long.: 15 m. Distribuidor con hoja de corte.;17.16;17,16 €;182
2432;1610;MATRIZ EN ROLLO HAWE STRIPOLL;Kerr;CUÑAS Y MATRICES;Ancho 10 mm. (687);Long.: 15 m. Distribuidor con hoja de corte.;17.16;17,16 €;182
2433;1655;HAWE ADAPT SECTIONAL MATRIX SYSTEM;Kerr;CUÑAS Y MATRICES;Transparentes;Estuche: 200 uds. surtidas de Matrices (4 x 50) 200 Posicionadores, 1 Pinza de aplicación, 15 Cuñas Adapt Transparentes.;374.81;374,81 €;182
2434;59815;PORTAMATRICES TOFFLEMIRE;Proclinic;CUÑAS Y MATRICES;;;23.45;23,45 €;182
2435;96772;HAWE ADAPT SECTIONAL MATRIX SYSTEM;Kerr;CUÑAS Y MATRICES;Transparentes. 6,5 mm. curvas;Estuche: 200 uds. surtidas de Matrices (4 x 50) 200 Posicionadores, 1 Pinza de aplicación, 15 Cuñas Adapt Transparentes.;147.27;147,27 €;182
2436;98426;HAWE ADAPT SECTIONAL MATRIX SYSTEM;Kerr;CUÑAS Y MATRICES;Transparentes. 5 mm. curva ligera;Estuche: 200 uds. surtidas de Matrices (4 x 50) 200 Posicionadores, 1 Pinza de aplicación, 15 Cuñas Adapt Transparentes.;147.27;147,27 €;182
2437;98427;HAWE ADAPT SECTIONAL MATRIX SYSTEM;Kerr;CUÑAS Y MATRICES;Transparente 6 mm.;Estuche: 200 uds. surtidas de Matrices (4 x 50) 200 Posicionadores, 1 Pinza de aplicación, 15 Cuñas Adapt Transparentes.;147.27;147,27 €;182
2438;98428;HAWE ADAPT SECTIONAL MATRIX SYSTEM;Kerr;CUÑAS Y MATRICES;Transparentes. 5 mm. curva moderada;Estuche: 200 uds. surtidas de Matrices (4 x 50) 200 Posicionadores, 1 Pinza de aplicación, 15 Cuñas Adapt Transparentes.;147.27;147,27 €;182
2439;0286;MATRICES CERVICALES;Kerr;CUÑAS Y MATRICES;857S;150 uds.;68.91;68,91 €;183
2440;02861;MATRICES CERVICALES;Kerr;CUÑAS Y MATRICES;856S;150 uds.;68.91;68,91 €;183
2441;1621;MATRICES LUCIFIX;Kerr;CUÑAS Y MATRICES;Matrices premolares (775);50 uds. Preformadas No necesitan de portamatriz, sistema;99.51;99,51 €;183
2442;1622;MATRICES LUCIFIX;Kerr;CUÑAS Y MATRICES;Matrices molares (776);50 uds. Preformadas No necesitan de portamatriz, sistema;99.51;99,51 €;183
2443;1631;MATRICES CERVICALES;Kerr;CUÑAS Y MATRICES;Kit;85 uds. en 7 tamaños + pinza adaptadora + separador de encía.;128.02;128,02 €;183
2444;1635;MATRICES STOPSTRIP RECTAS;Kerr;CUÑAS Y MATRICES;75 tiras de 8 mm + 75 tiras de;Con fijación integrada;38.78;38,78 €;183
2445;16395;MATRICES TRANSPARENTES;Kerr;CUÑAS Y MATRICES;Matrices premolares (773);50 uds. Matriz precontorneada para posteriores.;48.44;48,44 €;183
2446;16400;MATRICES TRANSPARENTES;Kerr;CUÑAS Y MATRICES;Matrices molares (774);50 uds. Matriz precontorneada para posteriores.;48.44;48,44 €;183
2447;49520;MATRICES CERVICALES;Kerr;CUÑAS Y MATRICES;853S;150 uds.;63.5;63,50 €;183
2448;49522;MATRICES CERVICALES;Kerr;CUÑAS Y MATRICES;855S;150 uds.;63.5;63,50 €;183
2449;49523;MATRICES CERVICALES;Kerr;CUÑAS Y MATRICES;;150 uds.;63.5;63,50 €;183
2450;49526;MATRICES CERVICALES;Kerr;CUÑAS Y MATRICES;854S;150 uds.;63.5;63,50 €;183
2451;49531;MATRICES CERVICALES;Kerr;CUÑAS Y MATRICES;852S;150 uds.;63.5;63,50 €;183
2452;58985;MATRICES ANTERIORES VARISTRIP;Garrison;CUÑAS Y MATRICES;;100 Matrices anteriores VariStrip.;149.62;149,62 €;183
2453;6522;MATRIZ EN ROLLO STRIPMAT;Polydentia;CUÑAS Y MATRICES;Ancho 8 mm.;Long.: 15 m. interdental vecino al de la obturación;16.15;16,15 €;183
2454;65303;MATRIZ EN ROLLO STRIPMAT;Polydentia;CUÑAS Y MATRICES;Ancho 6 mm.;Long.: 15 m. interdental vecino al de la obturación;16.15;16,15 €;183
2455;97819;MATRICES STOPSTRIP RECTAS;Kerr;CUÑAS Y MATRICES;Reposición matrices Stopstrip;Con fijación integrada;23.31;23,31 €;183
2456;3402;CORONAS DE ACETATO FRASACO;Frasaco;CUÑAS Y MATRICES;;Estuche con 58 uds. (Incluye molares y lateral superior anteriores).;156.58;156,58 €;184
2457;3470;CORONAS DE ACETATO FRASACO;Frasaco;CUÑAS Y MATRICES;;Estuche 174 uds. (58 formas x 3 uds.;370.08;370,08 €;184
2458;59403;MATRICES COFORM;Directa;CUÑAS Y MATRICES;Distal 23;8 uds.;13.55;13,55 €;184
2459;59404;MATRICES COFORM;Directa;CUÑAS Y MATRICES;Distal 31/32;8 uds.;13.55;13,55 €;184
2460;59405;CORONAS DE ACETATO FULLFORM;Directa;CUÑAS Y MATRICES;Mesial 23;60 uds.;13.55;13,55 €;184
2461;59406;CORONAS DE ACETATO FULLFORM;Directa;CUÑAS Y MATRICES;Mesial 31/32;60 uds.;13.55;13,55 €;184
2462;59407;CORONAS DE ACETATO FULLFORM;Directa;CUÑAS Y MATRICES;Mesial 41/42;60 uds.;13.55;13,55 €;184
2463;63211;MATRICES COFORM;Directa;CUÑAS Y MATRICES;Distal 11;8 uds.;13.55;13,55 €;184
2464;63212;MATRICES COFORM;Directa;CUÑAS Y MATRICES;Distal 12;8 uds.;13.55;13,55 €;184
2465;63213;MATRICES COFORM;Directa;CUÑAS Y MATRICES;Distal 21;8 uds.;13.55;13,55 €;184
2466;63214;MATRICES COFORM;Directa;CUÑAS Y MATRICES;Distal 22;8 uds.;13.55;13,55 €;184
2467;63215;MATRICES COFORM;Directa;CUÑAS Y MATRICES;Mesial 11;8 uds.;13.55;13,55 €;184
2468;63216;MATRICES COFORM;Directa;CUÑAS Y MATRICES;Mesial 12;8 uds.;13.55;13,55 €;184
2469;63217;CORONAS DE ACETATO FULLFORM;Directa;CUÑAS Y MATRICES;Mesial 21;;13.55;13,55 €;184
2470;63218;CORONAS DE ACETATO FULLFORM;Directa;CUÑAS Y MATRICES;Mesial 22;60 uds.;13.55;13,55 €;184
2471;63219;MATRICES COFORM;Directa;CUÑAS Y MATRICES;Mesial 13;8 uds.;13.55;13,55 €;184
2472;63221;MATRICES COFORM;Directa;CUÑAS Y MATRICES;Estuche;128 uds. para anteriores, y primeros molares.;185.15;185,15 €;184
2473;6323;CORONAS DE ACETATO FULLFORM;Directa;CUÑAS Y MATRICES;;60 uds.;112.18;112,18 €;184
2474;78934;CORONAS DE ACETATO FRASACO;Frasaco;CUÑAS Y MATRICES;523;1 unidad. Incisivo;9.82;9,82 €;184
2475;78935;CORONAS DE ACETATO FRASACO;Frasaco;CUÑAS Y MATRICES;621;;9.82;9,82 €;184
2476;78936;CORONAS DE ACETATO FRASACO;Frasaco;CUÑAS Y MATRICES;623;1 unidad. Incisivo;9.82;9,82 €;184
2477;78937;CORONAS DE ACETATO FRASACO;Frasaco;CUÑAS Y MATRICES;622;;9.82;9,82 €;184
2478;78938;CORONAS DE ACETATO PEDIÁTRICAS FRASACO;Frasaco;CUÑAS Y MATRICES;521;1 unidad. Incisivo;9.82;9,82 €;184
2479;78939;CORONAS DE ACETATO PEDIÁTRICAS FRASACO;Frasaco;CUÑAS Y MATRICES;522;1 unidad. Incisivo;9.82;9,82 €;184
2480;78940;CORONAS DE ACETATO PEDIÁTRICAS FRASACO;Frasaco;CUÑAS Y MATRICES;512;1 unidad. Incisivo;9.82;9,82 €;184
2481;78942;CORONAS DE ACETATO PEDIÁTRICAS FRASACO;Frasaco;CUÑAS Y MATRICES;612;1 unidad. Incisivo;9.82;9,82 €;184
2482;78944;CORONAS DE ACETATO PEDIÁTRICAS FRASACO;Frasaco;CUÑAS Y MATRICES;613;1 unidad. Incisivo;9.82;9,82 €;184
2483;78945;CORONAS DE ACETATO PEDIÁTRICAS FRASACO;Frasaco;CUÑAS Y MATRICES;513;1 unidad. Incisivo;9.82;9,82 €;184
2484;78946;CORONAS DE ACETATO PEDIÁTRICAS FRASACO;Frasaco;CUÑAS Y MATRICES;611;1 unidad. Incisivo;9.82;9,82 €;184
2485;78947;CORONAS DE ACETATO PEDIÁTRICAS FRASACO;Frasaco;CUÑAS Y MATRICES;511;1 unidad. Incisivo;9.82;9,82 €;184
2486;78949;CORONAS DE ACETATO PEDIÁTRICAS FRASACO;Frasaco;CUÑAS Y MATRICES;511A;1 unidad. Incisivo;9.82;9,82 €;184
2487;78951;CORONAS DE ACETATO FRASACO;Frasaco;CUÑAS Y MATRICES;621A;1 unidad. Incisivo;9.82;9,82 €;184
2488;78955;CORONAS DE ACETATO PEDIÁTRICAS FRASACO;Frasaco;CUÑAS Y MATRICES;611A;1 unidad. Incisivo;9.82;9,82 €;184
2489;78956;CORONAS DE ACETATO FRASACO;Frasaco;CUÑAS Y MATRICES;521A;1 unidad. Incisivo;9.82;9,82 €;184
2490;3403;211;;CUÑAS Y MATRICES;;;;Sob consulta;185
2491;3404;212;;CUÑAS Y MATRICES;;;;Sob consulta;185
2492;3405;213;;CUÑAS Y MATRICES;;;;Sob consulta;185
2493;3406;214;;CUÑAS Y MATRICES;;;;Sob consulta;185
2494;3407;215 216;;CUÑAS Y MATRICES;;;;Sob consulta;185
2495;3409;111;;CUÑAS Y MATRICES;;;;Sob consulta;185
2496;3410;112;;CUÑAS Y MATRICES;;;;Sob consulta;185
2497;3411;113;;CUÑAS Y MATRICES;;;;Sob consulta;185
2498;3412;114;;CUÑAS Y MATRICES;;;;Sob consulta;185
2499;3413;115;;CUÑAS Y MATRICES;;;;Sob consulta;185
2500;3416;222;;CUÑAS Y MATRICES;;;;Sob consulta;185
2501;3417;223;;CUÑAS Y MATRICES;;;;Sob consulta;185
2502;3418;224;;CUÑAS Y MATRICES;;;;Sob consulta;185
2503;3420;121;;CUÑAS Y MATRICES;;;;Sob consulta;185
2504;3421;122;;CUÑAS Y MATRICES;;;;Sob consulta;185
2505;3422;123;;CUÑAS Y MATRICES;;;;Sob consulta;185
2506;3423;124;;CUÑAS Y MATRICES;;;;Sob consulta;185
2507;3425;231;;CUÑAS Y MATRICES;;;9.82;9,82 €;185
2508;3426;232;;CUÑAS Y MATRICES;;;9.82;9,82 €;185
2509;3427;233;;CUÑAS Y MATRICES;;;9.82;9,82 €;185
2510;3428;234;;CUÑAS Y MATRICES;;;9.82;9,82 €;185
2511;3431;131;;CUÑAS Y MATRICES;;;9.82;9,82 €;185
2512;3432;132;;CUÑAS Y MATRICES;;;9.82;9,82 €;185
2513;3433;133;;CUÑAS Y MATRICES;;;9.82;9,82 €;185
2514;3434;134;;CUÑAS Y MATRICES;;;9.82;9,82 €;185
2515;3437;241;;CUÑAS Y MATRICES;;;9.82;9,82 €;185
2516;3438;242;;CUÑAS Y MATRICES;;;9.82;9,82 €;185
2517;3439;REPOSICIÓN;;CUÑAS Y MATRICES;;5 uds. de;9.82;9,82 €;185
2518;3440;REPOSICIÓN;;CUÑAS Y MATRICES;;5 uds. de;9.82;9,82 €;185
2519;3441;REPOSICIÓN;;CUÑAS Y MATRICES;;5 uds. de;9.82;9,82 €;185
2520;3442;REPOSICIÓN;;CUÑAS Y MATRICES;;5 uds. de;9.82;9,82 €;185
2521;3449;REPOSICIÓN;;CUÑAS Y MATRICES;;5 uds. de;;Sob consulta;185
2522;3450;REPOSICIÓN;;CUÑAS Y MATRICES;;5 uds. de;;Sob consulta;185
2523;3451;REPOSICIÓN;;CUÑAS Y MATRICES;;5 uds. de;;Sob consulta;185
2524;3452;REPOSICIÓN;;CUÑAS Y MATRICES;;5 uds. de;;Sob consulta;185
2525;3453;REPOSICIÓN;;CUÑAS Y MATRICES;;5 uds. de;;Sob consulta;185
2526;3454;REPOSICIÓN;;CUÑAS Y MATRICES;;5 uds. de;;Sob consulta;185
2527;3459;REPOSICIÓN;;CUÑAS Y MATRICES;;5 uds. de;9.82;9,82 €;185
2528;3460;REPOSICIÓN;;CUÑAS Y MATRICES;;5 uds. de;9.82;9,82 €;185
2529;3462;REPOSICIÓN;;CUÑAS Y MATRICES;;5 uds. de;9.82;9,82 €;185
2530;3463;REPOSICIÓN;;CUÑAS Y MATRICES;;5 uds. de;9.82;9,82 €;185
2531;3471;REPOSICIÓN;;CUÑAS Y MATRICES;;5 uds. de;9.82;9,82 €;185
2532;3472;REPOSICIÓN;;CUÑAS Y MATRICES;;5 uds. de;9.82;9,82 €;185
2533;3473;REPOSICIÓN;;CUÑAS Y MATRICES;;5 uds. de;9.82;9,82 €;185
2534;3474;REPOSICIÓN;;CUÑAS Y MATRICES;;5 uds. de;9.82;9,82 €;185
2535;3475;REPOSICIÓN;;CUÑAS Y MATRICES;;5 uds. de;;Sob consulta;185
2536;45232;REPOSICIÓN;;CUÑAS Y MATRICES;;5 uds. de;9.82;9,82 €;185
2537;45240;REPOSICIÓN;;CUÑAS Y MATRICES;RReef.f .3;5 uds. de;;Sob consulta;185
2538;45242;REPOSICIÓN;;CUÑAS Y MATRICES;;5 uds. de;;Sob consulta;185
2539;45243;REPOSICIÓN;;CUÑAS Y MATRICES;;5 uds. de;9.82;9,82 €;185
2540;45244;REPOSICIÓN;;CUÑAS Y MATRICES;;5 uds. de;9.82;9,82 €;185
2541;56820;REPOSICIÓN;;CUÑAS Y MATRICES;;5 uds. de;9.82;9,82 €;185
2542;65756;REPOSICIÓN;;CUÑAS Y MATRICES;;5 uds. de;;Sob consulta;185
2543;65761;REPOSICIÓN;;CUÑAS Y MATRICES;;5 uds. de;9.82;9,82 €;185
2544;75601;REPOSICIÓN;;CUÑAS Y MATRICES;;5 uds. de;9.82;9,82 €;185
2545;75632;REPOSICIÓN;;CUÑAS Y MATRICES;;5 uds. de;9.82;9,82 €;185
2546;75633;REPOSICIÓN;;CUÑAS Y MATRICES;;5 uds. de;;Sob consulta;185
2547;78789;REPOSICIÓN;;CUÑAS Y MATRICES;;5 uds. de;9.82;9,82 €;185
2548;85213;REPOSICIÓN;;CUÑAS Y MATRICES;;5 uds. de;9.82;9,82 €;185
2549;97558;116;;CUÑAS Y MATRICES;;;;Sob consulta;185
2550;97559;262;;CUÑAS Y MATRICES;;;9.82;9,82 €;185
2551;97560;261;;CUÑAS Y MATRICES;;;9.82;9,82 €;185
2552;97617;REPOSICIÓN;;CUÑAS Y MATRICES;;5 uds. de;9.82;9,82 €;185
2553;97619;REPOSICIÓN;;CUÑAS Y MATRICES;;5 uds. de;9.82;9,82 €;185
2554;97645;REPOSICIÓN;;CUÑAS Y MATRICES;;5 uds. de;9.82;9,82 €;185
2555;99945;REPOSICIÓN;;CUÑAS Y MATRICES;;5 uds. de;9.82;9,82 €;185
2556;99946;REPOSICIÓN;;CUÑAS Y MATRICES;;5 uds. de;;Sob consulta;185
2557;99947;REPOSICIÓN;;CUÑAS Y MATRICES;;5 uds. de;9.82;9,82 €;185
2558;99948;REPOSICIÓN;;CUÑAS Y MATRICES;;5 uds. de;9.82;9,82 €;185
2559;99949;REPOSICIÓN;;CUÑAS Y MATRICES;;5 uds. de;9.82;9,82 €;185
2560;99950;REPOSICIÓN;;CUÑAS Y MATRICES;;5 uds. de;9.82;9,82 €;185
2561;99951;REPOSICIÓN;;CUÑAS Y MATRICES;;5 uds. de;9.82;9,82 €;185
2562;99952;REPOSICIÓN;;CUÑAS Y MATRICES;;5 uds. de;9.82;9,82 €;185
2563;99953;REPOSICIÓN;;CUÑAS Y MATRICES;;5 uds. de;9.82;9,82 €;185
2564;99954;REPOSICIÓN;;CUÑAS Y MATRICES;;5 uds. de;9.82;9,82 €;185
2565;78552;CEMENTO DE RESINA PROCLINIC EXPERT;Proclinic Expert;CEMENTOS;Color dentina;1 jeringa de 8 gr., 10 puntas de mezcla, 10 puntas intraorales angulares finas, 10 puntas intraorales angulares XX-finas.;101.07;101,07 €;188
2566;78553;CEMENTO DE RESINA PROCLINIC EXPERT;Proclinic Expert;CEMENTOS;Color translúcido;1 jeringa de 8 gr., 10 puntas de mezcla, 10 puntas intraorales angulares finas, 10 puntas intraorales angulares XX-finas.;101.07;101,07 €;188
2567;78566;CEMENTO DE RESINA PROCLINIC EXPERT;Proclinic Expert;CEMENTOS;;Puntas de mezcla tipo 11 50 uds.;38.64;38,64 €;188
2568;78624;CEMENTO DE RESINA PROCLINIC EXPERT;Proclinic Expert;CEMENTOS;;Puntas intraorales tipo 4 100 uds.;44.63;44,63 €;188
2569;71711;RELYX UNICEM 2 AUTOMIX;Solventum (3M);CEMENTOS;Translúcido;3 jeringas x 8,5 gr. + 30 puntas de mezcla estándar + 20 puntas de mezcla anchas + 15 cánulas de elongación + 5 tips intraorales.;367.81;367,81 €;189
2570;71712;RELYX UNICEM 2 AUTOMIX;Solventum (3M);CEMENTOS;A2 Universal;3 jeringas x 8,5 gr. + 30 puntas de mezcla estándar + 20 puntas de mezcla anchas + 15 cánulas de elongación + 5 tips intraorales.;367.81;367,81 €;189
2571;71714;RELYX UNICEM 2 AUTOMIX;Solventum (3M);CEMENTOS;30 puntas mezcla;1 jeringa de 8,5 gr. + 15 puntas de mezcla estándar + 5 puntas de mezcla tratamiento previo como grabado anchas + 5 cánulas de elongación.;41.76;41,76 €;189
2572;71716;RELYX UNICEM 2 AUTOMIX;Solventum (3M);CEMENTOS;15 puntas de mezcla + 15 cánulas de elongación;1 jeringa de 8,5 gr. + 15 puntas de mezcla estándar + 5 puntas de mezcla tratamiento previo como grabado anchas + 5 cánulas de elongación.;32.38;32,38 €;189
2573;71717;RELYX UNICEM 2 AUTOMIX;Solventum (3M);CEMENTOS;15 puntas de mezcla + 15 puntas intraorales;1 jeringa de 8,5 gr. + 15 puntas de mezcla estándar + 5 puntas de mezcla tratamiento previo como grabado anchas + 5 cánulas de elongación.;32.38;32,38 €;189
2574;71718;RELYX UNICEM 2 AUTOMIX;Solventum (3M);CEMENTOS;A3 Opaco;3 jeringas x 8,5 gr. + 30 puntas de mezcla estándar + 20 puntas de mezcla anchas + 15 cánulas de elongación + 5 tips intraorales.;367.81;367,81 €;189
2575;7198;RELYX UNICEM 2 EN CLICKER;Solventum (3M);CEMENTOS;Translúcido;11 gr.;249.63;249,63 €;189
2576;7199;RELYX UNICEM 2 EN CLICKER;Solventum (3M);CEMENTOS;A2 Universal;11 gr.;249.63;249,63 €;189
2577;7200;RELYX UNICEM 2 EN CLICKER;Solventum (3M);CEMENTOS;A3 Opaco;11 gr.;249.63;249,63 €;189
2578;99179;RELYX UNICEM 2 AUTOMIX;Solventum (3M);CEMENTOS;A3 Opaco;1 jeringa de 8,5 gr. + 15 puntas de mezcla estándar + 5 puntas de mezcla tratamiento previo como grabado anchas + 5 cánulas de elongación.;158.28;158,28 €;189
2579;99180;RELYX UNICEM 2 AUTOMIX;Solventum (3M);CEMENTOS;Translúcido;1 jeringa de 8,5 gr. + 15 puntas de mezcla estándar + 5 puntas de mezcla tratamiento previo como grabado anchas + 5 cánulas de elongación.;158.28;158,28 €;189
2580;99181;RELYX UNICEM 2 AUTOMIX;Solventum (3M);CEMENTOS;A2 Universal;1 jeringa de 8,5 gr. + 15 puntas de mezcla estándar + 5 puntas de mezcla tratamiento previo como grabado anchas + 5 cánulas de elongación.;158.28;158,28 €;189
2581;7171;RELYX UNICEM CÁPSULAS;Solventum (3M);CEMENTOS;Kit de prueba;20 cápsulas surtidas x Translúcido, 4 uds. x A3 Opaco).;164.56;164,56 €;190
2582;7172;Cementos definitivos de resina;;CEMENTOS;Kit surtido;50 cápsulas surtidas (24 uds. x A2, 16 uds. x Translúcido, 10 uds. x A3 Opaco).;374.19;374,19 €;190
2583;7173;Cementos definitivos de resina;;CEMENTOS;A1;20 cápsulas de 0,10 ml.;164.56;164,56 €;190
2584;7174;RELYX UNICEM CÁPSULAS;Solventum (3M);CEMENTOS;A2 Universal;50 cápsulas de 0,10 ml.;374.19;374,19 €;190
2585;7175;RELYX UNICEM CÁPSULAS;Solventum (3M);CEMENTOS;A3 Opaco;;374.19;374,19 €;190
2586;7176;RELYX UNICEM CÁPSULAS;Solventum (3M);CEMENTOS;Blanco;20 cápsulas de 0,10 ml.;164.56;164,56 €;190
2587;7177;RELYX UNICEM CÁPSULAS;Solventum (3M);CEMENTOS;Translúcido;20 cápsulas surtidas x Translúcido, 4 uds. x A3 Opaco).;374.19;374,19 €;190
2588;71778;RELYX UNICEM CÁPSULAS;Solventum (3M);CEMENTOS;Activador Aplicap;1 ud.;164.56;164,56 €;190
2589;71789;RELYX UNICEM CÁPSULAS;Solventum (3M);CEMENTOS;Surtido;20 cápsulas de 0,35;325.46;325,46 €;190
2590;7182;RELYX UNICEM CÁPSULAS;Solventum (3M);CEMENTOS;A2 Universal;20 cápsulas de 0,35;325.46;325,46 €;190
2591;7183;RELYX UNICEM CÁPSULAS;Solventum (3M);CEMENTOS;A3 Opaco;20 cápsulas de 0,35;325.46;325,46 €;190
2592;71838;RELYX UNICEM CÁPSULAS;Solventum (3M);CEMENTOS;Activador Maxicap;1 ud.;74.23;74,23 €;190
2593;71839;RELYX UNICEM CÁPSULAS;Solventum (3M);CEMENTOS;Aplicador Maxicap;1 ud.;105.42;105,42 €;190
2594;7457;RELYX UNICEM CÁPSULAS;Solventum (3M);CEMENTOS;Cánulas de alargamiento;10 uds.;22.68;22,68 €;190
2595;75635;RELYX UNICEM CÁPSULAS;Solventum (3M);CEMENTOS;Translúcido;20 cápsulas de 0,35;325.46;325,46 €;190
2596;10010;MULTILINK AUTOMIX;Ivoclar Vivadent;CEMENTOS;Transparente;3 jeringas de 9 gr.;511.0;511,00 €;191
2597;10011;MULTILINK AUTOMIX;Ivoclar Vivadent;CEMENTOS;Amarillo;3 jeringas de 9 gr.;511.0;511,00 €;191
2598;6572;MULTILINK AUTOMIX;Ivoclar Vivadent;CEMENTOS;Transparente;1 jeringa de 9 gr. +;229.0;229,00 €;191
2599;65721;MULTILINK AUTOMIX;Ivoclar Vivadent;CEMENTOS;Transparente;1 jeringa de 1,7 gr.;33.6;33,60 €;191
2600;65722;MULTILINK AUTOMIX;Ivoclar Vivadent;CEMENTOS;Amarillo;1 jeringa de 1,7 gr.;33.6;33,60 €;191
2601;65723;MULTILINK AUTOMIX;Ivoclar Vivadent;CEMENTOS;Opaco;1 jeringa de 1,7 gr.;33.6;33,60 €;191
2602;65724;MULTILINK AUTOMIX;Ivoclar Vivadent;CEMENTOS;Blanco;1 jeringa de 1,7 gr.;511.0;511,00 €;191
2603;6573;MULTILINK AUTOMIX;Ivoclar Vivadent;CEMENTOS;Amarillo;1 jeringa de 9 gr. +;229.0;229,00 €;191
2604;7304;MULTILINK AUTOMIX;Ivoclar Vivadent;CEMENTOS;Multilink Primer A+B (2 x 3 gr.);1 jeringa de 1,7 gr.;511.0;511,00 €;191
2605;74969;RELYX UNIVERSAL;Solventum (3M);CEMENTOS;Kit de prueba TR;1 jeringa elongación + 1 bote Adhesivo puntas azules para ácido +;238.35;238,35 €;191
2606;74970;RELYX UNIVERSAL;Solventum (3M);CEMENTOS;Kit de prueba A1;1 jeringa elongación + 1 bote Adhesivo puntas azules para ácido +;238.35;238,35 €;191
2607;74971;RELYX UNIVERSAL;Solventum (3M);CEMENTOS;TR;1 jeringa;203.63;203,63 €;191
2608;74972;RELYX UNIVERSAL;Solventum (3M);CEMENTOS;A1;1 jeringa;203.63;203,63 €;191
2609;74973;RELYX UNIVERSAL;Solventum (3M);CEMENTOS;A30;1 jeringa;203.63;203,63 €;191
2610;74974;RELYX UNIVERSAL;Solventum (3M);CEMENTOS;WO;1 jeringa;203.63;203,63 €;191
2611;74975;RELYX UNIVERSAL;Solventum (3M);CEMENTOS;Micropuntas de;30 unidades.;32.9;32,90 €;191
2612;74976;RELYX UNIVERSAL;Solventum (3M);CEMENTOS;Puntas Endo elongación;15 unidades.;32.9;32,90 €;191
2613;86210;MULTILINK AUTOMIX;Ivoclar Vivadent;CEMENTOS;Opaco;1 jeringa de 9 gr. +;229.0;229,00 €;191
2614;10008;SPEEDCEM PLUS;Ivoclar Vivadent;CEMENTOS;Transparente;3 jeringas de 9 gr.;371.0;371,00 €;192
2615;10009;SPEEDCEM PLUS;Ivoclar Vivadent;CEMENTOS;Amarillo;3 jeringas de 9 gr.;371.0;371,00 €;192
2616;10012;VARIOLINK ESTHETIC DC;Ivoclar Vivadent;CEMENTOS;Light;3 jeringas de 9 gr. vítrea de;490.0;490,00 €;192
2617;10013;VARIOLINK ESTHETIC DC;Ivoclar Vivadent;CEMENTOS;Neutral;3 jeringas de 9 gr. vítrea de;490.0;490,00 €;192
2618;10014;VARIOLINK ESTHETIC DC;Ivoclar Vivadent;CEMENTOS;Warm;3 jeringas de 9 gr. vítrea de;490.0;490,00 €;192
2619;23807;SPEEDCEM PLUS;Ivoclar Vivadent;CEMENTOS;Amarillo;1 jeringa de 9 g. +;149.5;149,50 €;192
2620;23808;SPEEDCEM PLUS;Ivoclar Vivadent;CEMENTOS;Opaco;1 jeringa de 9 g. +;149.5;149,50 €;192
2621;23809;SPEEDCEM PLUS;Ivoclar Vivadent;CEMENTOS;Transparente;1 jeringa de 9 g. +;149.5;149,50 €;192
2622;29857;ZIRCAD;Ivoclar Vivadent;CEMENTOS;ZirCad;1 jeringa x 8,5 gr;93.65;93,65 €;192
2623;29858;ZIRCAD;Ivoclar Vivadent;CEMENTOS;Puntas de mezcla;10 unidades;13.75;13,75 €;192
2624;73911;VARIOLINK ESTHETIC DC;Ivoclar Vivadent;CEMENTOS;Light+;;132.0;132,00 €;192
2625;73912;VARIOLINK ESTHETIC DC;Ivoclar Vivadent;CEMENTOS;Light;;132.0;132,00 €;192
2626;73913;VARIOLINK ESTHETIC DC;Ivoclar Vivadent;CEMENTOS;Neutral;1 Jeringa Variolink neutral + 1 Jeringa Variolink Esthetic neutral + 1 Adhese Universal (en diferente el kit) + 1 Frasco Monobond Plus de de 2,5 g + Accesorios varios;132.0;132,00 €;192
2627;73914;VARIOLINK ESTHETIC DC;Ivoclar Vivadent;CEMENTOS;;1 Jeringa Variolink presentación según neutral + 1 Jeringa Variolink Esthetic 5 g + 1 Jeringa Liquid Strip color neutral + 1 Adhese Universal VivaPen Monobond Etch & Prime de 5 g + 1;132.0;132,00 €;192
2628;73915;VARIOLINK ESTHETIC DC;Ivoclar Vivadent;CEMENTOS;;1 Jeringa Variolink presentación según neutral + 1 Jeringa Variolink Esthetic 5 g + 1 Jeringa Liquid Strip color neutral + 1 Adhese Universal VivaPen Monobond Etch & Prime de 5 g + 1;132.0;132,00 €;192
2629;73916;VARIOLINK ESTHETIC DC;Ivoclar Vivadent;CEMENTOS;Light;Jer inga de 9 gr. + 15 puntas. Jeringa Liquid Strip de 2,5 g;233.5;233,50 €;192
2630;73917;VARIOLINK ESTHETIC DC;Ivoclar Vivadent;CEMENTOS;Neutral;Jer inga de 9 gr. + 15 puntas. Jeringa Liquid Strip de 2,5 g;233.5;233,50 €;192
2631;73918;VARIOLINK ESTHETIC DC;Ivoclar Vivadent;CEMENTOS;Warm;Jer inga de 9 gr. + 15 puntas. Jeringa Liquid Strip de 2,5 g;233.5;233,50 €;192
2632;73927;VARIOLINK ESTHETIC DC;Ivoclar Vivadent;CEMENTOS;Con Adhese Universal VivaPen;1 Jeringa Variolink neutral + 1 Jeringa Variolink Esthetic neutral + 1 Adhese Universal (en diferente el kit) + 1 Frasco Monobond Plus de de 2,5 g + Accesorios varios;374.0;374,00 €;192
2633;73928;VARIOLINK ESTHETIC DC;Ivoclar Vivadent;CEMENTOS;Con Adhese Universal frasco;1 Jeringa Variolink neutral + 1 Jeringa Variolink Esthetic neutral + 1 Adhese Universal (en diferente el kit) + 1 Frasco Monobond Plus de de 2,5 g + Accesorios varios;386.0;386,00 €;192
2634;73929;VARIOLINK ESTHETIC DC;Ivoclar Vivadent;CEMENTOS;;1 Jeringa Variolink presentación según neutral + 1 Jeringa Variolink Esthetic 5 g + 1 Jeringa Liquid Strip color neutral + 1 Adhese Universal VivaPen Monobond Etch & Prime de 5 g + 1;374.0;374,00 €;192
2635;75652;VARIOLINK ESTHETIC DC REPOSICIÓN;;CEMENTOS;WO (White Opaque);Jeringa de 5 gr. + 10 puntas.;132.0;132,00 €;192
2636;83231;VARIOLINK ESTHETIC DC;Ivoclar Vivadent;CEMENTOS;10 puntas mezcla negras cortas;3 jeringas de 9 gr. vítrea de;12.2;12,20 €;192
2637;98683;SPEEDCEM PLUS;Ivoclar Vivadent;CEMENTOS;Puntas de mezcla 15 ud.;1 jeringa de 9 g. +;19.0;19,00 €;192
2638;83744;G-CEM ONE UNIVERSAL;GC;CEMENTOS;A2;2 jeringas x 4,6 gr +;150.2;150,20 €;193
2639;83745;G-CEM ONE UNIVERSAL;GC;CEMENTOS;Translúcido;2 jeringas x 4,6 gr +;150.2;150,20 €;193
2640;83746;G-CEM ONE UNIVERSAL;GC;CEMENTOS;AO3;2 jeringas x 4,6 gr G-CEM 1 bote x 4 ml AEP (Adhesive Enhancing;78.7;78,70 €;193
2641;83747;G-CEM ONE UNIVERSAL;GC;CEMENTOS;BO1;1 jeringa automix de 4,6g + 1 bote de puntas G-Premio Bond de 5ml + puntas.;78.7;78,70 €;193
2642;83748;G-CEM ONE;G.C.;CEMENTOS;Starter Kit A2;1 jeringa x 4,6 gr +;91.25;91,25 €;193
2643;83749;G-CEM ONE;G.C.;CEMENTOS;Starter Kit Translúcido;1 jeringa x 4,6 gr +;91.25;91,25 €;193
2644;83750;G-CEM ONE UNIVERSAL;GC;CEMENTOS;Primer AEP Reposición 4ml;2 jeringas x 4,6 gr +;91.25;91,25 €;193
2645;83751;G-CEM ONE;G.C.;CEMENTOS;System kit;2 jeringas x 4,6 gr G-CEM 1 bote x 4 ml AEP (Adhesive Enhancing;199.3;199,30 €;193
2646;83752;G-CEM ONE UNIVERSAL;GC;CEMENTOS;Starter Kit A2;1 jeringa automix de 4,6g + 1 bote de puntas G-Premio Bond de 5ml + puntas.;148.25;148,25 €;193
2647;83753;G-CEM ONE UNIVERSAL;GC;CEMENTOS;Starter Kit Translucido;1 jeringa automix de 4,6g + 1 bote de puntas G-Premio Bond de 5ml + puntas.;148.25;148,25 €;193
2648;83754;G-CEM ONE UNIVERSAL;GC;CEMENTOS;System Kit;2 jeringas automix de 4,6g (A2 y translucido) + 1 bote de G-Premio Bond de 5ml + 1 bote para cualquier tipo de G-Multiprimer de 5ml + puntas. resina y cerámica;212.3;212,30 €;193
2649;96740;MAXCEM ELITE CHROMA;Kerr;CEMENTOS;;"4 jeringas dual de 5 g (2 transparentes, de mezcla 1 blanco, 1 amarillo); 16 puntas automix (normales), 8 puntas ancha. automix (anchas), 8 puntas intraorales, 8 puntas canal radicular.";341.27;341,27 €;193
2650;96741;MAXCEM ELITE CHROMA;Kerr;CEMENTOS;Transparente;2 jeringas de 5 gr., 8 puntas automix (normales),;185.48;185,48 €;193
2651;96742;MAXCEM ELITE CHROMA;Kerr;CEMENTOS;Blanco;2 jeringas de 5 gr., 8 puntas automix (normales),;185.48;185,48 €;193
2652;96743;MAXCEM ELITE CHROMA;Kerr;CEMENTOS;Amarillo;2 jeringas de 5 gr., 8 puntas automix (normales),;185.48;185,48 €;193
2653;96750;MAXCEM ELITE;Kerr;CEMENTOS;Kit estándar;5 jeringas x 5 g (colores: 1u x blanco, 1u x blanco opaco, 1u amarillo) mezcla normales + 16 puntas de mezcla 8 puntas intraorales normales + 8 puntas;321.38;321,38 €;193
2654;96752;MAXCEM ELITE;Kerr;CEMENTOS;Transparente;5 jeringas x 5 g (colores: 1u x blanco, 1u x blanco opaco, 1u amarillo) mezcla normales + 16 puntas de mezcla 8 puntas intraorales normales + 8 puntas;162.72;162,72 €;193
2655;96753;MAXCEM ELITE;Kerr;CEMENTOS;Blanco opaco;2 jeringas de 5 gr., 8 puntas automix (normales),;162.72;162,72 €;193
2656;96754;MAXCEM ELITE;Kerr;CEMENTOS;;2 jeringas de 5 gr., 8 puntas automix (normales),;162.72;162,72 €;193
2657;96782;MAXCEM ELITE;Kerr;CEMENTOS;Blanco;2 jeringas de 5 gr., 8 puntas automix (normales),;321.38;321,38 €;193
2658;22508;PANAVIA V5;Kuraray;CEMENTOS;Kit Profesional;Jeringa Panavia V5 2.4 ml x 5, pasta de Primer 2 ml, CLEARFIL Ceramic Primer Plus 2 ml, jeringa 30, puntas endo x 10, cepillos aplicadores x 50, platillo de;584.15;584,15 €;194
2659;22509;BIFIX QM;Voco;CEMENTOS;Kit básico;ml, jeringa K-ETCHANT 50, platillo de mezcla,;305.96;305,96 €;194
2660;22510;BIFIX QM;Voco;CEMENTOS;Kit básico;ml, jeringa K-ETCHANT 50, platillo de mezcla,;305.96;305,96 €;194
2661;22511;BIFIX QM;Voco;CEMENTOS;Universal;;173.87;173,87 €;194
2662;22512;BIFIX QM;Voco;CEMENTOS;Clear;;173.87;173,87 €;194
2663;22513;BIFIX QM;Voco;CEMENTOS;Marrón A4;;173.87;173,87 €;194
2664;22514;BIFIX QM;Voco;CEMENTOS;Blanco;;173.87;173,87 €;194
2665;22515;PANAVIA V5;Kuraray;CEMENTOS;A2 kit intro;comprobación Try-in 1.8 ml x5, Tooth ml., cánulas de mezcla;187.76;187,76 €;194
2666;22516;PANAVIA V5;Kuraray;CEMENTOS;Clear kit;comprobación Try-in 1.8 ml x5, Tooth ml., cánulas de mezcla;187.76;187,76 €;194
2667;22517;BIFIX QM;Voco;CEMENTOS;Opaco;;173.87;173,87 €;194
2668;22518;PANAVIA V5;Kuraray;CEMENTOS;Puntas de;;32.98;32,98 €;194
2669;22519;PANAVIA V5;Kuraray;CEMENTOS;Puntas endo;;45.98;45,98 €;194
2670;22520;PANAVIA V5;Kuraray;CEMENTOS;Tooth Primer;1 el acceso al canal radicular Alta;80.58;80,58 €;194
2671;48488;BIFIX QM;Voco;CEMENTOS;Puntas de mezcla;50 uds.;58.1;58,10 €;194
2672;4891;BIFIX QM;Voco;CEMENTOS;;Jeringa 10 gr. + puntas de mezcla + puntas intraorales.;149.9;149,90 €;194
2673;96749;NX3 DUAL-CURE AUTOMIX;Kerr;CEMENTOS;Extra-clear;Jeringa de 5 gr.;128.48;128,48 €;194
2674;96760;NX3 DUAL-CURE AUTOMIX;Kerr;CEMENTOS;Clear;Jeringa de 5 gr.;128.48;128,48 €;194
2675;96761;NX3 DUAL-CURE AUTOMIX;Kerr;CEMENTOS;White;Jeringa de 5 gr.;128.48;128,48 €;194
2676;96762;NX3 DUAL-CURE AUTOMIX;Kerr;CEMENTOS;Yellow;Jeringa de 5 gr.;128.48;128,48 €;194
2677;96816;BIFIX QM;Voco;CEMENTOS;Tips intraorales Tipo I;50 uds.;44.7;44,70 €;194
2678;27601;CALIBRA UNIVERSAL AUTOMIX;Dentsply;CEMENTOS;Kit intro;5 jeringas de 4,5 gr. + 10 puntas de automezcla.;341.21;341,21 €;196
2679;27602;CALIBRA UNIVERSAL AUTOMIX;Dentsply;CEMENTOS;Light;2 jeringas x 4,5 gr.;172.32;172,32 €;196
2680;27603;CALIBRA UNIVERSAL AUTOMIX;Dentsply;CEMENTOS;Medio;2 jeringas x 4,5 gr.;172.32;172,32 €;196
2681;27604;CALIBRA UNIVERSAL AUTOMIX;Dentsply;CEMENTOS;Translúcido;2 jeringas x 4,5 gr.;172.32;172,32 €;196
2682;27605;CALIBRA UNIVERSAL AUTOMIX;Dentsply;CEMENTOS;Opaque;2 jeringas x 4,5 gr.;172.32;172,32 €;196
2683;27606;CALIBRA UNIVERSAL AUTOMIX;Dentsply;CEMENTOS;Bleach;2 jeringas x 4,5 gr.;172.32;172,32 €;196
2684;27608;CALIBRA CERAM AUTOMIX;Dentsply;CEMENTOS;Light;1 jeringa x 4,5 gr. + 10 puntas mezcla.;172.32;172,32 €;196
2685;27609;CALIBRA CERAM AUTOMIX;Dentsply;CEMENTOS;Medio;1 jeringa x 4,5 gr. + 10 puntas mezcla.;172.32;172,32 €;196
2686;27610;CALIBRA CERAM AUTOMIX;Dentsply;CEMENTOS;Translúcido;1 jeringa x 4,5 gr. + 10 puntas mezcla.;172.32;172,32 €;196
2687;27611;CALIBRA CERAM AUTOMIX;Dentsply;CEMENTOS;Opaco;1 jeringa x 4,5 gr. + 10 puntas mezcla.;172.32;172,32 €;196
2688;27612;CALIBRA CERAM AUTOMIX;Dentsply;CEMENTOS;Bleach;1 jeringa x 4,5 gr. + 10 puntas mezcla.;172.32;172,32 €;196
2689;48910;BIFIX SE;Voco;CEMENTOS;Transparente;1 jeringa de 5 gr.;90.2;90,20 €;196
2690;63272;BIFIX HYBRID;Voco;CEMENTOS;Implant Set;1;44.7;44,70 €;196
2691;63273;BIFIX HYBRID;Voco;CEMENTOS;Universal;1;90.2;90,20 €;196
2692;63274;BIFIX HYBRID;Voco;CEMENTOS;Blanco HO;1;204.9;204,90 €;196
2693;63275;BIFIX HYBRID;Voco;CEMENTOS;Translúcido;1;204.9;204,90 €;196
2694;96820;BIFIX SE;Voco;CEMENTOS;Kit;3 jeringas de 5 gr. (Universal, y blanco Opaco).;227.1;227,10 €;196
2695;96841;BIFIX SE;Voco;CEMENTOS;Puntas mezcla marrón tipo 14;50 uds.;58.1;58,10 €;196
2696;96842;BIFIX SE;Voco;CEMENTOS;Puntas intraorales tipo 15;50 uds.;79.1;79,10 €;196
2697;97168;BIFIX SE;Voco;CEMENTOS;Universal;1 jeringa de 5 gr.;90.2;90,20 €;196
2698;2259;PANAVIA 21 EX;Kuraray;CEMENTOS;Blanco;1 jeringa de 15 gr.;329.38;329,38 €;197
2699;2273;PANAVIA 21 EX;Kuraray;CEMENTOS;Kit Blanco;1 jeringa de 15 gr. Primer B x 4 ml. + 1 jeringa Oxiguard ácido x 5 ml. + accesorios.;481.47;481,47 €;197
2700;2753;CALIBRA;Dentsply;CEMENTOS;Base light;1 jeringa de 2 gr.;57.58;57,58 €;197
2701;2754;CALIBRA;Dentsply;CEMENTOS;Base medio;1 jeringa de 2 gr.;57.58;57,58 €;197
2702;2755;CALIBRA;Dentsply;CEMENTOS;Base dark;1 jeringa de 2 gr.;57.58;57,58 €;197
2703;2756;CALIBRA;Dentsply;CEMENTOS;Base translúcido;1 jeringa de 2 gr.;57.58;57,58 €;197
2704;2757;CALIBRA;Dentsply;CEMENTOS;Base opaco;1 jeringa de 2 gr.;57.58;57,58 €;197
2705;2759;CALIBRA;Dentsply;CEMENTOS;Catalizador high v.;1 jeringa de 2 gr.;57.58;57,58 €;197
2706;2760;CALIBRA;Dentsply;CEMENTOS;Silane coupling agent;3 jeringas de 3 ml.;44.56;44,56 €;197
2707;6968;ED PRIMER;Kuraray;CEMENTOS;Primer A;Para Panavia 21 y Panavia EX. Frasco de 4 ml. el esmalte y la dentina al mismo tiempo.;59.04;59,04 €;197
2708;6969;ED PRIMER;Kuraray;CEMENTOS;Primer B;Para Panavia 21 y Panavia EX. Frasco de 4 ml. el esmalte y la dentina al mismo tiempo.;59.04;59,04 €;197
2709;97603;PANAVIA 21 EX;Kuraray;CEMENTOS;Kit Amarillo;1 jeringa de 15 gr. Primer B x 4 ml. + 1 jeringa Oxiguard ácido x 5 ml. + accesorios.;481.47;481,47 €;197
2710;24653;de mezcla.;;CEMENTOS;;de mezcla.;144.0;144,00 €;198
2711;24655;PANAVIA SA CEMENT UNIVERSAL HANDMIX;;CEMENTOS;Handmix A2;Reposición 1 jeringa x 9,2 gr.;119.31;119,31 €;198
2712;24656;PANAVIA SA CEMENT UNIVERSAL HANDMIX;;CEMENTOS;Handmix blanco;Reposición 1 jeringa x 9,2 gr.;119.31;119,31 €;198
2713;24657;PANAVIA SA CEMENT UNIVERSAL HANDMIX;;CEMENTOS;Handmix translúcido;Reposición 1 jeringa x 9,2 gr.;119.31;119,31 €;198
2714;24658;PANAVIA SA CEMENT UNIVERSAL HANDMIX;;CEMENTOS;;de mezcla.;144.0;144,00 €;198
2715;24659;PANAVIA;;CEMENTOS;;de mezcla.;144.0;144,00 €;198
2716;24660;PANAVIA;;CEMENTOS;;;334.05;334,05 €;198
2717;24661;PANAVIA;;CEMENTOS;;;334.05;334,05 €;198
2718;24662;de mezcla.;;CEMENTOS;Puntas de mezcla . 20 unidades;Reposición 1 jeringa x 8,2 gr. + 20 puntas;144.0;144,00 €;198
2719;24663;de mezcla.;;CEMENTOS;Endo tip. 20 unidades;Reposición 1 jeringa x 8,2 gr. + 20 puntas;144.0;144,00 €;198
2720;74491;RELYX ULTIMATE;Solventum (3M);CEMENTOS;;50 puntas intraorales.;275.49;275,49 €;198
2721;74946;RELYX ULTIMATE;Solventum (3M);CEMENTOS;Trial kit;1 jeringa x 8,5 gr. color Universal x 1,5 ml. + 1 jeringa ácido ácido + 50 microbrushes + 10 mixing intra-oral tips + guía técnica + instrucciones;275.49;275,49 €;198
2722;74947;+ 5 mixing tips wide + 5 intra-oral;;CEMENTOS;Transparente;1 jeringa x 8,5 + 5 mixing tips wide + 5 intra-oral;257.63;257,63 €;198
2723;74948;RELYX ULTIMATE;Solventum (3M);CEMENTOS;A30;;257.63;257,63 €;198
2724;74949;RELYX ULTIMATE;Solventum (3M);CEMENTOS;A1;1 jeringa x 8,5 gr. color Universal x 1,5 ml. + 1 jeringa ácido ácido + 50 microbrushes + 10 mixing intra-oral tips + guía técnica + instrucciones;257.63;257,63 €;198
2725;74950;RELYX ULTIMATE;Solventum (3M);CEMENTOS;B0.5;1 jeringa x 8,5 gr. color Universal x 1,5 ml. + 1 jeringa ácido ácido + 50 microbrushes + 10 mixing intra-oral tips + guía técnica + instrucciones;257.63;257,63 €;198
2726;6156;PARACORE;Coltene;CEMENTOS;;1;236.85;236,85 €;199
2727;61614;PARACORE;Coltene;CEMENTOS;Dentina;;112.03;112,03 €;199
2728;61628;PARACORE;Coltene;CEMENTOS;Blanco;;112.03;112,03 €;199
2729;63518;SET PP;SDI;CEMENTOS;A2;2 jeringas automix de 7 gr., 28 puntas;159.26;159,26 €;199
2730;63519;SET PP;SDI;CEMENTOS;A1;2 jeringas automix de 7 gr., 28 puntas;159.26;159,26 €;199
2731;83846;G-CEM LINKFORCE;G.C.;CEMENTOS;System Kit;;449.45;449,45 €;199
2732;83847;G-CEM LINKFORCE;G.C.;CEMENTOS;Starter Kit A2;8.7 gr. (5 ml) x 1, GC Automix Tip Regular x 20, G-Multi PRIMER (5 ml) x 1, G-Premio BOND(5 ml) x 1, Disposable dispensing dish x 20, Disposable applicator (fine) x 50, Technic Card.;249.85;249,85 €;199
2733;83848;G-CEM LINKFORCE;G.C.;CEMENTOS;Starter Kit TR;8.7 gr. (5 ml) x 1, GC Automix Tip Regular x 20, G-Multi PRIMER (5 ml) x 1, G-Premio BOND(5 ml) x 1, Disposable dispensing dish x 20, Disposable applicator (fine) x 50, Technic Card.;249.85;249,85 €;199
2734;83849;G-CEM LINKFORCE;G.C.;CEMENTOS;Refill A2;G-CEM LinkForce 8.7 gr. (5 ml) x 1, GC Automix Tip un único sis- Regularx 20.;197.25;197,25 €;199
2735;83850;G-CEM LINKFORCE;G.C.;CEMENTOS;Refill TR;G-CEM LinkForce 8.7 gr. (5 ml) x 1, GC Automix Tip un único sis- Regularx 20.;197.25;197,25 €;199
2736;83853;G-CEM LINKFORCE;G.C.;CEMENTOS;G-Premio Bond DCA 3 ml.;Pastas de prueba Try-in. 1 jeringa de 1,5 gr. (1,2 ml.) + 3 puntas.;62.65;62,65 €;199
2737;83854;G-CEM LINKFORCE;G.C.;CEMENTOS;G-Multi Primer 5 ml.;Pastas de prueba Try-in. 1 jeringa de 1,5 gr. (1,2 ml.) + 3 puntas.;85.35;85,35 €;199
2738;83855;G-CEM LINKFORCE;G.C.;CEMENTOS;Refill Opaco;G-CEM LinkForce 8.7 gr. (5 ml) x 1, GC Automix Tip un único sis- Regularx 20.;197.25;197,25 €;199
2739;433603;ANCLACEM ATTACHMENT CHAIRSIDE RÁPIDO;Zest Anchors;CEMENTOS;;1 jeringa automix de 8 g + 8 puntas.;126.0;126,00 €;200
2740;82005;ESTECEM II;Tokuyama;CEMENTOS;Universal;40 puntas de mezcla.;170.28;170,28 €;200
2741;82006;ESTECEM II;Tokuyama;CEMENTOS;Kit;1 jeringa x 4,6 ml + 2 botes Universal Bond A/B x 5ml. cada uno + 5 puntas de mezcla marrones + 5 puntas intraorales + 25 microaplicadores + 15 pocillos de mezcla;321.24;321,24 €;200
2742;82007;ESTECEM II;Tokuyama;CEMENTOS;Marrón;40 puntas de mezcla.;170.28;170,28 €;200
2743;82008;ESTECEM II;Tokuyama;CEMENTOS;Blanco opaco;40 puntas de mezcla.;170.28;170,28 €;200
2744;2274;OXIGUARD II;Kuraray;CEMENTOS;Jeringa de 6 ml.;Para Panavia 21 y F.;52.47;52,47 €;201
2745;6923;PANAVIA F 2.0;Kuraray;CEMENTOS;Blanco translúcido;2,3 ml. Pasta A + 2,3 Primer A + 4 ml. Primer B + Acondicionador;380.2;380,20 €;201
2746;6970;PANAVIA F 2.0;Kuraray;CEMENTOS;Blanco opaco;2,3 ml. Pasta A + 2,3 Primer A + 4 ml. Primer B + Acondicionador;380.2;380,20 €;201
2747;6971;PANAVIA F 2.0;Kuraray;CEMENTOS;;Pasta A. Jeringa de 2,3 ml.;113.49;113,49 €;201
2748;6972;PANAVIA F 2.0;Kuraray;CEMENTOS;TC (amarillo translúcido);Pasta B. Jeringa de 2,3 ml.;113.49;113,49 €;201
2749;6973;PANAVIA F 2.0;Kuraray;CEMENTOS;LIGHT (blanco translúcido);Pasta B. Jeringa de 2,3 ml.;113.49;113,49 €;201
2750;6974;PANAVIA F 2.0;Kuraray;CEMENTOS;WHITE (blanco opaco);Pasta B. Jeringa de 2,3 ml.;113.49;113,49 €;201
2751;6985;ALLOY PRIMER;Kuraray;CEMENTOS;5 ml. (tapón verde);Adhesivo directo a metal.;58.02;58,02 €;201
2752;7655;ED PRIMER II;Kuraray;CEMENTOS;ED Primer II A;Para Panavia F.2.0;58.02;58,02 €;201
2753;7656;ED PRIMER II;Kuraray;CEMENTOS;ED Primer II B;Para Panavia F.2.0;52.47;52,47 €;201
2754;2492;ICEM SELF ADHESIVE;Kulzer;CEMENTOS;;1;313.05;313,05 €;202
2755;2493;ICEM SELF ADHESIVE;Kulzer;CEMENTOS;Value Pack;3;385.0;385,00 €;202
2756;2494;ICEM SELF ADHESIVE;Kulzer;CEMENTOS;;50;75.4;75,40 €;202
2757;56344;CEMENTO RESINA;Elsodent;CEMENTOS;TA2;1 20 puntas.;133.92;133,92 €;202
2758;56345;CEMENTO RESINA;Elsodent;CEMENTOS;OA2;1 20 puntas.;143.09;143,09 €;202
2759;56346;CEMENTO RESINA;Elsodent;CEMENTOS;OA3;1 20 puntas.;143.09;143,09 €;202
2760;70659;THERACEM CA;Bisco;CEMENTOS;;1 jeringa de 8 gramos.;133.92;133,92 €;202
2761;77965;ACTIVA CEMENTO;Pulpdent;CEMENTOS;A2 Opaco;1 jeringa de 5 ml +;143.09;143,09 €;202
2762;77966;ACTIVA CEMENTO;Pulpdent;CEMENTOS;Translúcido;1 jeringa de 5 ml +;143.09;143,09 €;202
2763;8364;G-CEM CÁPSULAS;G.C.;CEMENTOS;A2;50 cápsulas.;313.05;313,05 €;202
2764;8365;G-CEM CÁPSULAS;G.C.;CEMENTOS;AO3;50 cápsulas.;313.05;313,05 €;202
2765;8366;G-CEM CÁPSULAS;G.C.;CEMENTOS;Translúcido;50 cápsulas.;313.05;313,05 €;202
2766;8387;G-CEM CÁPSULAS;G.C.;CEMENTOS;Aplicador GC;1 ud.;81.5;81,50 €;202
2767;8389;G-CEM CÁPSULAS;G.C.;CEMENTOS;Surtido;50 cápsulas.;313.05;313,05 €;202
2768;25080;RELYX;Solventum;CEMENTOS;WO;;71.57;71,57 €;203
2769;73919;VARIOLINK;Ivoclar;CEMENTOS;Light+;Jeringa de 1,7 gr. + 5 puntas.;59.25;59,25 €;203
2770;73920;VARIOLINK;Ivoclar;CEMENTOS;Light;Jeringa de 1,7 gr. + 5 puntas.;59.25;59,25 €;203
2771;73921;VARIOLINK;Ivoclar;CEMENTOS;Neutral;Jeringa de 1,7 gr. + 5 puntas.;59.25;59,25 €;203
2772;73922;VARIOLINK;Ivoclar;CEMENTOS;Warm;Jeringa de 1,7 gr. + 5 puntas.;59.25;59,25 €;203
2773;73923;VARIOLINK;Ivoclar;CEMENTOS;Warm+;Jeringa de 1,7 gr. + 5 puntas.;59.25;59,25 €;203
2774;73925;VARIOLINK;Ivoclar;CEMENTOS;Con;neutral + + 1 Adhese Monobond;279.5;279,50 €;203
2775;73926;VARIOLINK;Ivoclar;CEMENTOS;Con;neutral + + 1 Adhese Monobond;292.5;292,50 €;203
2776;7444;RELYX;Solventum;CEMENTOS;Translúcido;;71.57;71,57 €;203
2777;7446;RELYX;Solventum;CEMENTOS;A3;;71.57;71,57 €;203
2778;74462;RELYX;Solventum;CEMENTOS;A1;;71.57;71,57 €;203
2779;74463;RELYX;Solventum;CEMENTOS;B0,5;;71.57;71,57 €;203
2780;74464;RELYX;Solventum;CEMENTOS;B0,5;Jeringa de 2 gr.;618.56;618,56 €;203
2781;74465;RELYX;Solventum;CEMENTOS;A1;Jeringa de 2 gr.;56.29;56,29 €;203
2782;74466;RELYX;Solventum;CEMENTOS;A3;Jeringa de 2 gr.;56.29;56,29 €;203
2783;74467;RELYX;Solventum;CEMENTOS;TR;Jeringa de 2 gr.;56.29;56,29 €;203
2784;74468;RELYX;Solventum;CEMENTOS;WO;Jeringa de 2 gr.;56.29;56,29 €;203
2785;74469;RELYX;Solventum;CEMENTOS;Kit;A3, B0.5, + 25 puntas;618.56;618,56 €;203
2786;74470;RELYX;Solventum;CEMENTOS;Kit;+ 20 unidosis;199.86;199,86 €;203
2787;75651;VARIOLINK;Ivoclar;CEMENTOS;WO (White Opaque);Jeringa de 1,7 gr. + 5 puntas.;59.25;59,25 €;203
2788;75653;VARIOLINK;Ivoclar;CEMENTOS;WO (White Opaque);1 jeringa de 2;59.25;59,25 €;203
2789;75669;VARIOLINK;Ivoclar;CEMENTOS;Warm+;1 jeringa de 2;279.5;279,50 €;203
2790;75670;VARIOLINK;Ivoclar;CEMENTOS;Warm;1 jeringa de 2;292.5;292,50 €;203
2791;75671;VARIOLINK;Ivoclar;CEMENTOS;;1 jeringa de 2;59.25;59,25 €;203
2792;75672;VARIOLINK;Ivoclar;CEMENTOS;Light+;1 jeringa de 2;59.25;59,25 €;203
2793;75673;VARIOLINK;Ivoclar;CEMENTOS;Light;1 jeringa de 2;59.25;59,25 €;203
2794;100601;CALIBRA VENEER TRY-IN OPAQUE;Dentsply;CEMENTOS;Set;3 jeringas de Bifix Veneer LC de 2 g cada una (tonos: brillante, claro, cálido) + 3 jeringas de Bifix Veneer Try-in de 2,5 g cada una (tonos: brillante, claro, cálido) + accesorios;182.2;182,20 €;204
2795;100602;CALIBRA VENEER TRY-IN OPAQUE;Dentsply;CEMENTOS;System Set;3 jeringas de Bifix Veneer LC de 2 g cada una;47.7;47,70 €;204
2796;100603;BIFIX VENEER LC;Voco;CEMENTOS;Bright;1 jeringa de 2 gramos;47.4;47,40 €;204
2797;100604;BIFIX VENEER LC;Voco;CEMENTOS;Clear;1 jeringa de 2 gramos;47.4;47,40 €;204
2798;100605;BIFIX VENEER LC;Voco;CEMENTOS;Warm;1 jeringa de 2 gramos;47.4;47,40 €;204
2799;100606;CALIBRA VENEER TRY-IN;Dentsply;CEMENTOS;Bright;1 jeringa de 2,5 gramos;28.4;28,40 €;204
2800;100607;CALIBRA VENEER TRY-IN;Dentsply;CEMENTOS;Clear;1 jeringa de 2,5 gramos;28.4;28,40 €;204
2801;100608;CALIBRA VENEER TRY-IN;Dentsply;CEMENTOS;Warm;1 jeringa de 2,5 gramos;28.4;28,40 €;204
2802;100609;CALIBRA VENEER TRY-IN;Dentsply;CEMENTOS;Reposición puntas (30u.);1 jeringa de 2,5 gramos;47.4;47,40 €;204
2803;100610;CALIBRA VENEER TRY-IN;Dentsply;CEMENTOS;Sticky Tim (70u.);1 jeringa de 2,5 gramos;47.4;47,40 €;204
2804;27595;CALIBRA VENEER;Dentsply;CEMENTOS;Light;1 jeringa x 2 gr.;57.0;57,00 €;204
2805;27596;CALIBRA VENEER;Dentsply;CEMENTOS;Medio;1 jeringa x 2 gr.;57.0;57,00 €;204
2806;27597;CALIBRA VENEER;Dentsply;CEMENTOS;Translúcido;1 jeringa x 2 gr.;57.0;57,00 €;204
2807;27598;CALIBRA VENEER;Dentsply;CEMENTOS;Opaque;1 jeringa x 2 gr.;57.0;57,00 €;204
2808;27599;CALIBRA VENEER;Dentsply;CEMENTOS;Bleach;1 jeringa x 2 gr.;57.0;57,00 €;204
2809;27613;CALIBRA VENEER TRY-IN;Dentsply;CEMENTOS;Light+;2 jeringas x 1,8 gr.;57.0;57,00 €;204
2810;27614;CALIBRA VENEER TRY-IN;Dentsply;CEMENTOS;Light;2 jeringas x 1,8 gr.;57.0;57,00 €;204
2811;27615;CALIBRA VENEER TRY-IN;Dentsply;CEMENTOS;Neutral;2 jeringas x 1,8 gr.;57.0;57,00 €;204
2812;75785;CALIBRA VENEER TRY-IN OPAQUE;Dentsply;CEMENTOS;;2 jeringas x 1,8 gr.;94.74;94,74 €;204
2813;73191;ZIRCLEAN;Bisco;CEMENTOS;1 jeringa de 5 gr.;;47.53;47,53 €;205
2814;83716;G-CEM VENEER;G.C.;CEMENTOS;Starter kit;2 jer ingas G-CEM Veneer + 2 jeringas Try-in x 2 ml./ 1.5 gr. (A2 + G-Premio BOND x 5 ml. + 45 puntas + 50 microbrush + 20 pocitos dispensadores;324.95;324,95 €;205
2815;83717;IVOCLEAN;Ivoclar Vivadent;CEMENTOS;A2;1 jeringa x 1 ml. (1,7 x 1ml./1.7gr. (A2 + TR);46.75;46,75 €;205
2816;83718;IVOCLEAN;Ivoclar Vivadent;CEMENTOS;Translúcido;1 jeringa x 1 ml. (1,7 x 1ml./1.7gr. (A2 + TR);46.75;46,75 €;205
2817;83719;IVOCLEAN;Ivoclar Vivadent;CEMENTOS;Opaco;1 jeringa x 1 ml. (1,7 x 1ml./1.7gr. (A2 + TR);46.75;46,75 €;205
2818;83720;IVOCLEAN;Ivoclar Vivadent;CEMENTOS;Bleach;1 jeringa x 1 ml. (1,7 x 1ml./1.7gr. (A2 + TR);324.95;324,95 €;205
2819;83858;ZIRCLEAN;Bisco;CEMENTOS;A2;1 jeringa x 1,2 ml. (1,5 gr.);46.75;46,75 €;205
2820;83859;ZIRCLEAN;Bisco;CEMENTOS;Translúcido;1 jeringa x 1,2 ml. (1,5 gr.);46.75;46,75 €;205
2821;83860;ZIRCLEAN;Bisco;CEMENTOS;Opaco;1 jeringa x 1,2 ml. (1,5 gr.);46.75;46,75 €;205
2822;83861;ZIRCLEAN;Bisco;CEMENTOS;Bleach;1 jeringa x 1,2 ml. (1,5 gr.);46.75;46,75 €;205
2823;90630;IVOCLEAN;Ivoclar Vivadent;CEMENTOS;Ivoclean. 5 gr.;;44.55;44,55 €;205
2824;59343;IMPLANT CEMENT;Premier;CEMENTOS;Puntas de mezcla 25 uds.;;45.47;45,47 €;206
2825;6527;IMPLANT CEMENT;Premier;CEMENTOS;1 jeringa automix de 5 ml. + 10 puntas de mezcla;;104.66;104,66 €;206
2826;78576;CEMENTO TEMPORAL PARA IMPLANTES PROCLINIC EXPERT;Proclinic Expert;CEMENTOS;;1 jeringa automix de 6 gr., 5 puntas de mezcla. te m p o r a l y d e fi n i t i v a De 2’ a 2,5’ RETIRAR De 4’ a 5’ FASE GEL MATERIAL FRAGUADO;53.72;53,72 €;206
2827;0307;TEMP BOND (CON EUGENOL);Kerr;CEMENTOS;;50 gr. base + 15 gr.;46.34;46,34 €;207
2828;0312;TEMP BOND NE (SIN EUGENOL);Kerr;CEMENTOS;;50 gr. base + 15 gr. catalizador.;76.67;76,67 €;207
2829;59249;TEMP BOND AUTOMIX;Kerr;CEMENTOS;Original con eugenol;2 jeringas automix;81.16;81,16 €;207
2830;59250;TEMP BOND AUTOMIX;Kerr;CEMENTOS;Puntas de mezcla. 50 uds.;2 jeringas automix;83.83;83,83 €;207
2831;59480;TEMP BOND CLEAR;Kerr;CEMENTOS;1 jeringa de 6 gr.;Jeringa;81.16;81,16 €;207
2832;96757;TEMP BOND AUTOMIX;Kerr;CEMENTOS;NE sin eugenol;2 jeringas automix;81.16;81,16 €;207
2833;98672;TEMP BOND (CON EUGENOL);Kerr;CEMENTOS;;50 gr. base + 15 gr.;76.67;76,67 €;207
2834;0313;TEMP BOND UNIDOSIS;Kerr;CEMENTOS;Temp bond unidosis;50 unidades.;84.46;84,46 €;208
2835;0314;TEMP BOND UNIDOSIS;Kerr;CEMENTOS;Temp bond NE unidosis;50 unidades.;84.46;84,46 €;208
2836;29096;PROVICOL QM AESTHETIC;Voco;CEMENTOS;;jeringa de 5 ml libre de eugenol. Contiene hidróxido;52.7;52,70 €;208
2837;35503;PROVICOL;Voco;CEMENTOS;;Jeringa QuickMix de;48.6;48,60 €;208
2838;4853;PROVICOL;Voco;CEMENTOS;;Tubo base de 25 gr.;48.8;48,80 €;208
2839;48555;BIFIX TEMP- QUICKMIX;Voco;CEMENTOS;;1 jeringa de 5 ml univer.;84.46;84,46 €;208
2840;48807;PROVICOL QM PLUS;Voco;CEMENTOS;Jeringa 5 ml.;Sin eugenol, a base;48.6;48,60 €;208
2841;99537;PROVICOL;Voco;CEMENTOS;;50 puntas de mezcla;58.1;58,10 €;208
2842;42869;FUJI TEMP LT;G.C.;CEMENTOS;;2 cartuchos de 7,2 ml.;207.8;207,80 €;209
2843;4468;KDM CROWBOND;K.D.M.;CEMENTOS;;Cartucho de 25 ml.;65.94;65,94 €;209
2844;4580;RELYX TEMP NE;Solventum (3M);CEMENTOS;;36 gr. base + 13 gr. activador.;40.01;40,01 €;209
2845;4601;FREEGENOL TEMPORARY;G.C.;CEMENTOS;;Base 55 gr. + Activador adaptado para asegurar la y fácil eliminación de coronas y puentes;68.25;68,25 €;209
2846;59268;IMPLANTLINK SEMI;Detax;CEMENTOS;;25 puntas de mezcla;36.74;36,74 €;209
2847;6153;TEMPOSIL 2;Coltene;CEMENTOS;;40 puntas de mezcla.;47.08;47,08 €;209
2848;6158;TEMPOSIL 2;Coltene;CEMENTOS;Dentina;2 jer ingas de 5 ml. + 15 puntas.;34.35;34,35 €;209
2849;6159;TEMPOSIL 2;Coltene;CEMENTOS;Blanco;2 jer ingas de 5 ml. + 15 puntas.;34.35;34,35 €;209
2850;85500;IMPLANTLINK SEMI;Detax;CEMENTOS;;Cartucho Mini-Mix de mezcla 4:1.;81.98;81,98 €;209
2851;1658;OPTICLEAN;Kerr;CEMENTOS;;12 uds.;36.89;36,89 €;210
2852;3018;IRM CÁPSULAS;Dentsply;CEMENTOS;;50 cápsulas monodosis x 0,34 gr.;123.08;123,08 €;210
2853;70101;TEMPOCEM NE;DMG;CEMENTOS;;Cartucho de 60 gr. +;86.54;86,54 €;210
2854;7828;RESTAURADOR PROVISIONAL;Proclinic;CEMENTOS;;Polvo 40 gr. + Líquido;36.89;36,89 €;210
2855;01551;CEMENTO PROVISIONAL;Bestdent;CEMENTOS;;Envase 38 gr. el uso. Se endurece en la boca bajo el;11.59;11,59 €;212
2856;2058;CAVIT BOTE Y TUBOS;Solventum (3M);CEMENTOS;1 bote de 28 gr. color blanco;;21.38;21,38 €;212
2857;2059;CAVIT BOTE Y TUBOS;Solventum (3M);CEMENTOS;1 bote de 28 gr. color rosa;;21.38;21,38 €;212
2858;2060;CAVIT BOTE Y TUBOS;Solventum (3M);CEMENTOS;1 bote de 28 gr. color gris;;21.38;21,38 €;212
2859;3013;IRM;Dentsply;CEMENTOS;40 gr. polvo + 15 ml. líquido;;73.49;73,49 €;212
2860;30131;IRM;Dentsply;CEMENTOS;Reposición polvo 40 gr.;;51.84;51,84 €;212
2861;30132;IRM;Dentsply;CEMENTOS;Reposición líquido 15 ml.;;29.12;29,12 €;212
2862;30500;CEMENTO ZOE TIPO III;Bestdent;CEMENTOS;;Polvo 35 gr. + Líquido;31.3;31,30 €;212
2863;5803;FERMIN;Detax;CEMENTOS;Bote de 40 gr.;Envase 38 gr. el uso. Se endurece en la boca bajo el;16.2;16,20 €;212
2864;99725;CAVIT BOTE Y TUBOS;Solventum (3M);CEMENTOS;10 tubos de 7 gr. color blanco;;48.55;48,55 €;212
2865;99747;CAVIT BOTE Y TUBOS;Solventum (3M);CEMENTOS;10 tubos de 7 gr. color rosa;;48.55;48,55 €;212
2866;0921;ELSOTEMP;Elsodent;CEMENTOS;1 tarro;Blanco. 28 gr.;11.48;11,48 €;213
2867;0935;DETAFERM;Detax;CEMENTOS;;Bote 40 gr. Con flúor.;16.64;16,64 €;213
2868;3815;COLTOSOL;Coltene-Whaledent;CEMENTOS;;Bote de 38 gr.;15.99;15,99 €;213
2869;45999;CIMAVIT;Acteon;CEMENTOS;;6 botes de 28 gr.;89.7;89,70 €;213
2870;56033;ELSOTEMP;Elsodent;CEMENTOS;6 Tarros;Blanco. 28 gr.;70.0;70,00 €;213
2871;63544;OBTURADOR TEMPORAL INLAY/ONLAY;Bestdent;CEMENTOS;;3 jeringas de 3 gr. Color universal.;46.15;46,15 €;213
2872;100600;CLIP F FLUORESCENT;Voco;CEMENTOS;;2 jeringas de 4 gr.;64.2;64,20 €;214
2873;48492;CLIP;Voco;CEMENTOS;2 jeringas x 4 gr.;;64.2;64,20 €;214
2874;48493;CLIP;Voco;CEMENTOS;3 jeringas x 4 gr.;;85.1;85,10 €;214
2875;48742;CLIP FLOW JERINGA;Voco;CEMENTOS;;2 jeringas x 1,8 gr.;90.6;90,60 €;214
2876;49074;CLIP CÁPSULAS;Voco;CEMENTOS;;25 cápsulas de 0,20;90.6;90,60 €;214
2877;73974;TELIO INLAY/ONLAY;Ivoclar Vivadent;CEMENTOS;Inlay Universal (3 jeringas de;;65.35;65,35 €;214
2878;73975;TELIO INLAY/ONLAY;Ivoclar Vivadent;CEMENTOS;Inlay Transparente (3 jeringas;;65.35;65,35 €;214
2879;73976;TELIO INLAY/ONLAY;Ivoclar Vivadent;CEMENTOS;Inlay Universal (30 Cápsulas;;0.25;0,25 €;214
2880;73977;TELIO INLAY/ONLAY;Ivoclar Vivadent;CEMENTOS;Inlay Transparente (30 Cápsulas;;0.25;0,25 €;214
2881;73978;TELIO INLAY/ONLAY;Ivoclar Vivadent;CEMENTOS;Onlay Universal (3 jeringas de;;65.35;65,35 €;214
2882;73979;TELIO INLAY/ONLAY;Ivoclar Vivadent;CEMENTOS;Onlay Transparente (3 jeringas;;65.35;65,35 €;214
2883;73980;TELIO INLAY/ONLAY;Ivoclar Vivadent;CEMENTOS;Onlay Universal (30 cápsulas;;0.25;0,25 €;214
2884;73981;TELIO INLAY/ONLAY;Ivoclar Vivadent;CEMENTOS;Onlay Transparente (30 cápsulas;;0.25;0,25 €;214
2885;3819;COLTOSOL JERINGA;Coltene-Whaledent;CEMENTOS;;5 jeringas x 8 gr.;30.38;30,38 €;215
2886;4460;ADVANCE KDM;K.D.M.;CEMENTOS;;2 jeringas de 4 gr.;60.85;60,85 €;215
2887;4857;CLIP-F;Voco;CEMENTOS;;2 jeringas de 4 gr.;64.2;64,20 €;215
2888;6145;DUOTEMP;Coltene-Whaledent;CEMENTOS;;1 jeringa de 5 gr.;24.52;24,52 €;215
2889;63930;KIT RESINA TEMPORAL J-TEMP;Ultradent;CEMENTOS;;4 jeringas de 1,2 ml;48.4;48,40 €;215
2890;96807;CLIP-F;Voco;CEMENTOS;;3 jeringas de 4 gr.;85.1;85,10 €;215
2891;78550;OBTURADOR DE CANALES PROCLINIC EXPERT;Proclinic Expert;CEMENTOS;;1 jeringa de 10 gr., 10 puntas de mezcla, E A T 10 puntas intraorales, 1 block de mezcla. N T A C I B;94.67;94,67 €;216
2892;78569;OBTURADOR DE CANALES PROCLINIC EXPERT;Proclinic Expert;CEMENTOS;;Puntas de mezcla intraorales tipo 1 50 uds.;36.18;36,18 €;216
2893;0995;AH PLUS JET;Maillefer;CEMENTOS;;2 jeringas de 15 gr.;227.86;227,86 €;217
2894;155504;BIOROOT RCS;Septodont;CEMENTOS;;Frasco 15 gr. + 35 monodosis líquido.;242.17;242,17 €;217
2895;2701;AH 26 CON O SIN PLATA;Maillefer;CEMENTOS;Con plata;Radiopaco. 8 gr. polvo;149.43;149,43 €;217
2896;2702;AH 26 CON O SIN PLATA;Maillefer;CEMENTOS;Sin plata;Radiopaco. 8 gr. polvo;149.43;149,43 €;217
2897;27021;AH 26 CON O SIN PLATA;Maillefer;CEMENTOS;AH 26 resina 10 gr.;Radiopaco. 8 gr. polvo;66.02;66,02 €;217
2898;2706;AH PLUS;Maillefer;CEMENTOS;;4 ml. base + 4 ml. activador. CON;163.58;163,58 €;217
2899;27063;AH PLUS CLEANER;Maillefer;CEMENTOS;;Bote de 5 ml.;163.58;163,58 €;217
2900;2768;AH PLUS JET;Maillefer;CEMENTOS;;1 jeringa de 15 gr. +;153.04;153,04 €;217
2901;63540;SELLADOR DE CANALES;Bestdent;CEMENTOS;;Jeringa automix 10;42.95;42,95 €;217
2902;0319;SEALAPEX;Kerr;CEMENTOS;;12 gr. base + 12 gr. catalizador + block;42.83;42,83 €;218
2903;6370;ROCANAL R2 Y R3;Maison Dentaire;CEMENTOS;Rocanal R3 Gangrene;8 gr. polvo + 5 ml. líquido;111.28;111,28 €;218
2904;6371;ROCANAL R2 Y R3;Maison Dentaire;CEMENTOS;Rocanal R2 Vital;8 gr. polvo + 5 ml. líquido;111.28;111,28 €;218
2905;78728;ENDOMETHASONE N;Septodont;CEMENTOS;;14 gr. polvo.;80.0;80,00 €;218
2906;85969;GUTTAFLOW BIOSEAL;Roeko;CEMENTOS;1 jeringa 5 ml.;;213.06;213,06 €;218
2907;85971;GUTTAFLOW BIOSEAL;Roeko;CEMENTOS;Reposición 1 jeringa 5 ml.;;192.83;192,83 €;218
2908;97288;BIOROOT FLOW;Septodont;CEMENTOS;;1 jeringa de 2 g +;124.17;124,17 €;218
2909;59477;CEMENTO OBTURADOR MTA FILLAPEX;Angelus;CEMENTOS;18 gr. base + 12 g. activador;Polvo + líquido.;158.9;158,90 €;220
2910;65541;CEMENTO OBTURADOR BIOCERÁMICO BIO-C SEALER;Angelus;CEMENTOS;;1 jeringas;36.45;36,45 €;220
2911;76005;ENDO ABSORB PLUS;Hoffmann;CEMENTOS;Polvo 5 gr.;Polvo + líquido.;65.54;65,54 €;220
2912;76006;ENDO ABSORB PLUS;Hoffmann;CEMENTOS;Líquido 10 ml.;Polvo + líquido.;66.58;66,58 €;220
2913;97849;CEMENTO OBTURADOR MTA FILLAPEX;Angelus;CEMENTOS;Jeringa automix 4 gr.;Polvo + líquido.;56.66;56,66 €;220
2914;97888;CEMENTO OBTURADOR BIOCERÁMICO BIO-C SEALER;Angelus;CEMENTOS;;1 jeringa de 0,5 g;36.45;36,45 €;220
2915;0318;TUBLISEAL;Kerr;CEMENTOS;;10 gr. base + 3,5 gr.;70.21;70,21 €;221
2916;87102;TUBLISEAL XPRESS;Kerr;CEMENTOS;;2 jeringas x 10,7 gr.;100.75;100,75 €;221
2917;96499;TUBLISEAL EWT EXPRESS;Kerr;CEMENTOS;;2 jeringas x 10,8 gr.;100.75;100,75 €;221
2918;98010;PULP CANAL SEALER;Kerr;CEMENTOS;;Polvo 10,5 gr. + líquido 4 ml.;127.37;127,37 €;221
2919;1262;CEMENTO 2SEAL;VDW;CEMENTOS;;4 ml. pasta A + 4 ml.;136.33;136,33 €;222
2920;19136;TOTALFILL BC SEALER;F.K.G.;CEMENTOS;TotalFill BC 2 gr. + 15 puntas;4 jeringas de 1,2 ml + 20 puntas con consistencia tipo pasta, compuesto dispensadoras NaviTip 29ga Single Sideport surtidas (5 de para el sellado de los conductos cada: 17 mm, 21 mm, 25 mm y 27 mm de largo);236.6;236,60 €;222
2921;19137;TOTALFILL BC SEALER;F.K.G.;CEMENTOS;TotalFill BC HiFlow 1,5 gr.;- Biocompatible radiopaco e hidrofílico, forma - Efecto antibacteriano con pH alto (>12 durante químicamente a la dentina y a las puntas creación de hidroxiapatita . su fraguado gracias a su pH alcalino - Gran unión con la gutapercha y la dentina. - No se contrae durante el fraguado.;236.6;236,60 €;222
2922;594801;BC UNIVERSAL SEALER;F.K.G.;CEMENTOS;;1 jeringa de 2 g + 20;127.15;127,15 €;222
2923;63926;ULTRACAL XS;Ultradent;CEMENTOS;Kit;4 jeringas de 1,2 ml + 20 puntas con consistencia tipo pasta, compuesto dispensadoras NaviTip 29ga Single Sideport surtidas (5 de para el sellado de los conductos cada: 17 mm, 21 mm, 25 mm y 27 mm de largo);113.7;113,70 €;222
2924;83234;ENDOSOLV;Septodont;CEMENTOS;;Frasco de 13 ml.;52.0;52,00 €;222
2925;98057;PULP CANAL SEALER EWT;Kerr;CEMENTOS;;10,5 gr. de polvo +;127.37;127,37 €;222
2926;98626;ULTRACAL XS;Ultradent;CEMENTOS;Reposición;4 jeringas de 1,2 ml.;62.7;62,70 €;222
2927;100584;MTA VPT POLVO+LIQUIDO SET 10G/10ML;Voco;CEMENTOS;;10 gramos de polvo + 10 ml de líquido;183.3;183,30 €;223
2928;16068;ENDO N2;Hager & Werken;CEMENTOS;;10;26.8;26,80 €;223
2929;16069;ENDO N2;Hager & Werken;CEMENTOS;;6;27.99;27,99 €;223
2930;19463;CEMENTO OBTURADOR;Zarc4Endo;CEMENTOS;Kit;;149.88;149,88 €;223
2931;19464;CEMENTO OBTURADOR;Zarc4Endo;CEMENTOS;Reposición;;110.56;110,56 €;223
2932;2262;ENDO N2;Hager & Werken;CEMENTOS;;10;68.09;68,09 €;223
2933;42910;ENDOREZ;Ultradent;CEMENTOS;;20 jeringas Skini marrones.;26.8;26,80 €;223
2934;5534;EUGENOL DENTAFLUX;Dentaflux;CEMENTOS;;Bote con gotero de;11.83;11,83 €;223
2935;74053;ENDOREZ;Ultradent;CEMENTOS;;1 jeringa de 5 ml.;137.6;137,60 €;223
2936;78551;BIOCERÁMICO PROCLINIC EXPERT;Proclinic Expert;CEMENTOS;Blanco;1 gr. (1 gr. polvo + 3 ml. Agua destilada).;87.78;87,78 €;224
2937;13490;PROROOT MTA;Maillefer;CEMENTOS;10 x 0,5 gr. blanco;4 jeringas de 0,5;547.84;547,84 €;225
2938;13491;PROROOT MTA;Maillefer;CEMENTOS;4 x 0,5 gr. blanco;4 jeringas de 0,5;241.2;241,20 €;225
2939;155508;BIODENTINE SEPTODONT;Septodont;CEMENTOS;5 cápsulas y 5 monodosis;Cápsulas de 0,7 gr.;107.33;107,33 €;225
2940;19062;BIODENTINE SEPTODONT;Septodont;CEMENTOS;15 cápsulas y 15 monodosis;Cápsulas de 0,7 gr.;281.33;281,33 €;225
2941;65543;CEMENTO REPARADOR BIOCERÁMICO BIO-C REPAIR;Angelus;CEMENTOS;;4 jeringas de 0,5;79.2;79,20 €;225
2942;89009;BIODENTINE XP;Septodont;CEMENTOS;XP 500;10 cápsulas;34.99;34,99 €;225
2943;89021;BIODENTINE XP;Septodont;CEMENTOS;Pistola aplicadora;1 unidad;79.2;79,20 €;225
2944;89022;BIODENTINE XP;Septodont;CEMENTOS;XP 200;10 cápsulas;209.17;209,17 €;225
2945;97889;CEMENTO REPARADOR BIOCERÁMICO BIO-C REPAIR;Angelus;CEMENTOS;;1 jeringa de 0,5 g.;34.99;34,99 €;225
2946;97900;CEMENTO REPARADOR BIOCERÁMICO BIO-C REPAIR;Angelus;CEMENTOS;10u.;Monodosis de 0,15;105.26;105,26 €;225
2947;19467;CEMENTO NEOPUTTY BIOCERÁMICO;Zarc4Endo;CEMENTOS;0,5 g;1 jeringa;93.37;93,37 €;226
2948;19468;CEMENTO NEOPUTTY BIOCERÁMICO;Zarc4Endo;CEMENTOS;1,2 g;1 jeringa;205.16;205,16 €;226
2949;19698;MTA CAPS;Acteon;CEMENTOS;;2 cápsulas 0,3 gr.;126.72;126,72 €;226
2950;45998;MTA CAPS;Acteon;CEMENTOS;;2 cápsulas 0,3 gr.;69.72;69,72 €;226
2951;59473;MTA CEMENTO REPARADOR;ANGELUS;CEMENTOS;;1 g de polvo + 3;95.42;95,42 €;226
2952;59481;MTA REPAIR HP;Angelus;CEMENTOS;2 dosis (2 cápsulas con polvo;;62.75;62,75 €;226
2953;59482;MTA REPAIR HP;Angelus;CEMENTOS;5 dosis (5 cápsulas con polvo;1 g de polvo + 3;151.03;151,03 €;226
2954;98295;CEMENTO MM-MTA;Micro-Mega;CEMENTOS;;2 cápsulas x 0,30 g;58.97;58,97 €;226
2955;19131;TOTALFILL BC ROOT REPAIR MATERIAL (RRM);F.K.G.;CEMENTOS;Puntas de aplicación 15 uds.;10 cápsulas x 0,25 g adicional*;21.76;21,76 €;227
2956;19132;TOTALFILL BC ROOT REPAIR MATERIAL (RRM);F.K.G.;CEMENTOS;RRM Paste. 1 jeringa x 1 gr. + 7;10 cápsulas x 0,25 g adicional*;340.84;340,84 €;227
2957;19133;TOTALFILL BC ROOT REPAIR MATERIAL (RRM);F.K.G.;CEMENTOS;RRM Putty. Bote x 2,5 gr.;10 cápsulas x 0,25 g adicional*;636.27;636,27 €;227
2958;19135;TOTALFILL BC ROOT REPAIR MATERIAL (RRM);F.K.G.;CEMENTOS;RRM Fast Set Putty. 1 jeringa x;10 cápsulas x 0,25 g adicional*;188.11;188,11 €;227
2959;19465;CEMENTO NEOMTA 2;Zarc4Endo;CEMENTOS;;1 gramo de polvo;135.13;135,13 €;227
2960;19466;CEMENTO NEOMTA 2;Zarc4Endo;CEMENTOS;;2,5 gramos de polvo;232.19;232,19 €;227
2961;594802;BC UNIVERSAL RRM BIOCERÁMICO;F.K.G.;CEMENTOS;;10 cápsulas x 0,25 g adicional*;636.27;636,27 €;227
2962;78160;MTA FLOW KIT;Ultradent;CEMENTOS;Kit 2 gr. polvo MTA Flow + 2 ml. gel MTA Flow + 1 cuchara dosificadora;2,5 gramos de polvo;135.13;135,13 €;227
2963;2588;VITREBOND;Solventum;CEMENTOS;;;187.31;187,31 €;228
2964;2590;VITREBOND;Solventum;CEMENTOS;;;311.28;311,28 €;228
2965;7867;FONDO CAVIDAD LC;Proclinic Expert;CEMENTOS;;1 jeringa de 2 ml + puntas;44.19;44,19 €;228
2966;29951;FUJI LINING LC;G.C.;CEMENTOS;;6,8 ml. líquido.;98.6;98,60 €;229
2967;41886;THERACAL LC;Bisco;CEMENTOS;;1 jeringa de 1 gr.;107.7;107,70 €;229
2968;4618;FUJI LINING LC;G.C.;CEMENTOS;;10 gr. polvo + 8 gr.;194.45;194,45 €;229
2969;4644;FUJI LINING LC PASTA-PASTA;G.C.;CEMENTOS;;Cartucho de 7;117.5;117,50 €;229
2970;5537;FLUOROSEAL;Dentaflux;CEMENTOS;;4 jeringas x 1,5;70.25;70,25 €;229
2971;77964;ACTIVA BASE / LINER;Pulpdent;CEMENTOS;;1 jeringa de 5 ml. + 20 puntas;143.09;143,09 €;229
2972;2725;KALSOGEN PLUS;Dentsply;CEMENTOS;30 gr. polvo;;86.5;86,50 €;230
2973;2726;KALSOGEN PLUS;Dentsply;CEMENTOS;15 ml. líquido;;86.5;86,50 €;230
2974;48500;IONOBOND;Voco;CEMENTOS;;10 gr. polvo + 15 ml.;54.0;54,00 €;230
2975;4851;CALCICUR;Voco;CEMENTOS;Jeringa 2 ml. + 5 puntas.;;47.0;47,00 €;230
2976;48512;CALCICUR;Voco;CEMENTOS;30 puntas tipo 47.;;29.4;29,40 €;230
2977;63545;HIDRÓXIDO DE CALCIO;Bestdent;CEMENTOS;;1 Jeringa x 2 gr. + puntas;23.8;23,80 €;230
2978;76007;PULPINE MINERAL;Hoffmann;CEMENTOS;Polvo 5 gr.;Polvo + líquido líquido;71.27;71,27 €;230
2979;76008;PULPINE MINERAL;Hoffmann;CEMENTOS;;Polvo + líquido líquido;60.24;60,24 €;230
2980;27066;AH TEMP;Maillefer;CEMENTOS;4 jeringas de 0,75 ml. + 20 cánulas;;0.75;0,75 €;231
2981;27067;AH TEMP;Maillefer;CEMENTOS;20 cánulas para AH Temp;;36.54;36,54 €;231
2982;5538;METAPASTE;Metadental;CEMENTOS;;Jeringa 2,2 gr. +;55.73;55,73 €;231
2983;5555;CALASEPT;Directa;CEMENTOS;4 jeringas de 1,5 ml. + 20 agujas;;58.29;58,29 €;231
2984;59416;ULTRA-BLEND PLUS;Ultradent;CEMENTOS;4 jeringas de 1,2 ml.;1 jeringa de 2,2 gr.;67.61;67,61 €;231
2985;63914;ULTRA-BLEND PLUS;Ultradent;CEMENTOS;20 puntas Black Micro;1 jeringa de 2,2 gr.;61.86;61,86 €;231
2986;77967;PASTA FORENDO CON YODOFORMO;Pulpdent;CEMENTOS;;1 jeringa de 2,2 gr.;58.29;58,29 €;231
2987;95122;CALASEPT;Directa;CEMENTOS;100 agujas Calasept 21GA Luer;1 jeringa de 2,2 gr.;61.86;61,86 €;231
2988;0996;DYCAL;Dentsply;CEMENTOS;Ivory Eco Pack;6 x 13 gr. base + 6 x 11 gr. catalizador;218.6;218,60 €;232
2989;3008;DYCAL;Dentsply;CEMENTOS;Ivory;13 gr. base + 11 gr. catalizador;41.14;41,14 €;232
2990;3010;DYCAL;Dentsply;CEMENTOS;Dentina;13 gr. base + 11 gr. catalizador;41.14;41,14 €;232
2991;35212;HIDRÓXIDO DE CALCIO BESTDENT;Bestdent;CEMENTOS;;;21.49;21,49 €;232
2992;35213;HIDRÓXIDO DE CALCIO;Proclinic;CEMENTOS;;13 gr. base +;24.31;24,31 €;232
2993;48545;CALCIMOL LC;Voco;CEMENTOS;;2 jeringas de 2 ml.;60.2;60,20 €;232
2994;97887;BIO C TEMP BIOCERÁMICO;Angelus;CEMENTOS;;4 jeringas de 0,5 g + 20 puntas;54.25;54,25 €;232
2995;0301;LIFE;Kerr;CEMENTOS;Regular set;12 gr. base + 12 gr. catalizador.;26.26;26,26 €;233
2996;63541;DUAL CORE BUILD UP;Bestdent;CEMENTOS;;2 jeringas x 10 gr. + 12 puntas puntas intraorales + 2 eco tips;96.78;96,78 €;233
2997;78519;RECONSTRUCTOR DE MUÑONES;Proclinic Expert;CEMENTOS;Puntas de mezcla marrones tipo 11. 50 uds.;1 jeringa x 10 gr.;50.81;50,81 €;233
2998;78560;RECONSTRUCTOR DE MUÑONES;Proclinic Expert;CEMENTOS;Reconstructor de muñones;1 jeringa x 10 gr.;77.56;77,56 €;233
2999;78561;RECONSTRUCTOR DE MUÑONES;Proclinic Expert;CEMENTOS;Puntas intraorales tipo 4. 50 uds.;1 jeringa x 10 gr.;41.61;41,61 €;233
3000;98715;LIFE;Kerr;CEMENTOS;Life Fast set;12 gr. base + 12 gr. catalizador.;26.26;26,26 €;233
3001;2341;CORE X FLOW JERINGAS;Dentsply;CEMENTOS;4 jeringas de 4,75 gr.;;4.75;4,75 €;234
3002;27689;CORE X FLOW JERINGAS;Dentsply;CEMENTOS;40 puntas de mezcla;40 puntas de mezcla.;66.02;66,02 €;234
3003;4848;REBILDA DC;Voco;CEMENTOS;Dentina;Cartucho 50 gr. + 12 puntas mezcla.;212.3;212,30 €;234
3004;48484;REBILDA DC QUICK MIX;Voco;CEMENTOS;50 puntas intraorales tipo IV.;1 jeringa QuickMix de 10 gramos;44.7;44,70 €;234
3005;48489;REBILDA DC QUICK MIX;Voco;CEMENTOS;Pistola Rebilda;1 jeringa QuickMix de 10 gramos;114.65;114,65 €;234
3006;48506;REBILDA DC;Voco;CEMENTOS;30 puntas azules doblegables;Cartucho 50 gr. + 12 puntas mezcla.;56.4;56,40 €;234
3007;4897;REBILDA DC QUICK MIX;Voco;CEMENTOS;Jeringa de 10 gr. Dentina + 4 ml.;1 jeringa QuickMix de 10 gramos;184.7;184,70 €;234
3008;4898;REBILDA DC QUICK MIX;Voco;CEMENTOS;Jeringa de 10 gr. Dentina.;1 jeringa QuickMix de 10 gramos;90.8;90,80 €;234
3009;90854;REBILDA DC FLUORESCENTE;Voco;CEMENTOS;Dentina;1 cartucho de 50 gramos;212.3;212,30 €;234
3010;90855;REBILDA DC FLUORESCENTE;Voco;CEMENTOS;Dentina;1 jeringa QuickMix de 10 gramos;90.8;90,80 €;234
3011;97228;REBILDA DC;Voco;CEMENTOS;50 puntas de mezcla azules;Cartucho 50 gr. + 12 puntas mezcla.;4.75;4,75 €;234
3012;97234;REBILDA DC;Voco;CEMENTOS;50 puntas intraorales tipo 3;Cartucho 50 gr. + 12 puntas mezcla.;44.7;44,70 €;234
3013;99517;REBILDA DC;Voco;CEMENTOS;Blanco;Cartucho 50 gr. + 12 puntas mezcla.;212.3;212,30 €;234
3014;12562;GRADIA CORE;G.C.;CEMENTOS;Ceramic Primer II x 3 ml.;1 cartucho Gradia;115.35;115,35 €;235
3015;12563;CERAMIC PRIMER II;G.C.;CEMENTOS;Ceramic primer II monodosis 10;;62.65;62,65 €;235
3016;21233;DC CORE PLUS;Kuraray;CEMENTOS;Punta mezcla Core Plus (20 uds.);1 jeringa de 10 gr.;44.38;44,38 €;235
3017;21234;DC CORE PLUS;Kuraray;CEMENTOS;Punta fina Core Plus (20 uds.);1 jeringa de 10 gr.;29.56;29,56 €;235
3018;21235;DC CORE PLUS;Kuraray;CEMENTOS;Punta corta fina Core Plus (20 uds.);1 jeringa de 10 gr.;29.56;29,56 €;235
3019;21236;DC CORE PLUS;Kuraray;CEMENTOS;DC CORE PLUS Color Dentina jeringa;;92.8;92,80 €;235
3020;48554;GRANDIO CORE DUAL CURE;Voco;CEMENTOS;;1 jeringa de 10 gr.;92.8;92,80 €;235
3021;59582;MULTICORE FLOW;Ivoclar Vivadent;CEMENTOS;Blue;Cartucho 50 gr. + 20 cánulas de mezcla + 20 cánulas Intraorales;267.5;267,50 €;235
3022;6565;MULTICORE FLOW;Ivoclar Vivadent;CEMENTOS;Medio;Cartucho 50 gr. + 20 cánulas de mezcla + 20 cánulas Intraorales;267.5;267,50 €;235
3023;6569;MULTICORE FLOW;Ivoclar Vivadent;CEMENTOS;Light;Cartucho 50 gr. + 20 cánulas de mezcla + 20 cánulas Intraorales;267.5;267,50 €;235
3024;69840;DC CORE PLUS;Kuraray;CEMENTOS;Clearfil ceramic primer plus 4 ml.;1 jeringa de 10 gr.;138.84;138,84 €;235
3025;7386;MULTICORE FLOW;Ivoclar Vivadent;CEMENTOS;Light;Jeringa 10 gr.;138.84;138,84 €;235
3026;7387;MULTICORE FLOW;Ivoclar Vivadent;CEMENTOS;Medio;Jeringa 10 gr.;44.38;44,38 €;235
3027;83230;MULTICORE FLOW;Ivoclar Vivadent;CEMENTOS;Puntas de mezcla azules. 50 uds.;Cartucho 50 gr. + 20 cánulas de mezcla + 20 cánulas Intraorales;62.75;62,75 €;235
3028;83232;MULTICORE FLOW;Ivoclar Vivadent;CEMENTOS;Puntas intraorales. Marrones. 10 uds.;Jeringa 10 gr.;29.56;29,56 €;235
3029;93631;GRADIA CORE;G.C.;CEMENTOS;;1 cartucho Gradia;131.6;131,60 €;235
3030;93634;GRADIA CORE;G.C.;CEMENTOS;Gradia Core pistola dispensadora;1 cartucho Gradia;76.0;76,00 €;235
3031;93776;GRADIA CORE;G.C.;CEMENTOS;Intro pack;1 cartucho Gradia ml. + 20 puntas de mezcla + 20 puntas;273.6;273,60 €;235
3032;93777;GRADIA CORE;G.C.;CEMENTOS;Kit;1 cartucho Gradia + 20 puntas de mezcla + 20 puntas;263.7;263,70 €;235
3033;5558;BARNIZ DE COPAL;Dentaflux;CEMENTOS;;20 ml.;9.74;9,74 €;236
3034;56990;LUXACORE DUAL;DMG;CEMENTOS;A3;1 jeringa automix de 50 gr. + 35 puntas + 25 puntas intraorales + 10 puntas;197.99;197,99 €;236
3035;59460;PHOTAC-FIL;Solventum;CEMENTOS;A2;;185.61;185,61 €;236
3036;99872;PHOTAC-FIL;Solventum;CEMENTOS;A3;;185.61;185,61 €;236
3037;30502;IONÓMERO DE VIDRIO TIPO I;Bestdent;CEMENTOS;;20 gr. polvo + 15 ml. líquido. postes endodónticos o bandas de ortodoncia;55.27;55,27 €;238
3038;3864;KETAC-CEM EASY MIX;Solventum (3M);CEMENTOS;Triple pack;3 uds. x 30 gr. polvo + 3;262.56;262,56 €;238
3039;3865;KETAC-CEM EASY MIX;Solventum (3M);CEMENTOS;;30 gr. polvo.;89.07;89,07 €;238
3040;3866;KETAC-CEM EASY MIX;Solventum (3M);CEMENTOS;;12 ml. líquido.;23.58;23,58 €;238
3041;4526;KETAC-CEM CÁPSULAS;Solventum (3M);CEMENTOS;;1 ud.;165.7;165,70 €;238
3042;45755;KETAC-CEM CÁPSULAS;Solventum (3M);CEMENTOS;;1 ud. Alta;266.64;266,64 €;238
3043;4583;KETAC-CEM EASY MIX;Solventum (3M);CEMENTOS;Pack;30 gr. polvo + 12 ml. líquido.;105.94;105,94 €;238
3044;78555;IONÓMERO DE PROCLINIC EXPERT;Proclinic Expert;CEMENTOS;15 g polvo + 10 ml líquido.;Cemento de ionómero pensado para cementar una amplia variedad Ofrece una buena adhesión química y una LIBERACIÓN DE FLÚOR;48.94;48,94 €;238
3045;4603;FUJI I;G.C.;CEMENTOS;35 gr. polvo + 25 gr. líquido;;146.85;146,85 €;239
3046;46038;FUJI I;G.C.;CEMENTOS;25 gr. líquido.;;56.55;56,55 €;239
3047;46039;FUJI I;G.C.;CEMENTOS;35 gr. polvo.;;93.4;93,40 €;239
3048;4612;FUJI I CÁPSULAS;G.C.;CEMENTOS;50 cápsulas.;;164.8;164,80 €;239
3049;48466;MERON;Voco;CEMENTOS;50 cápsulas;Kit 35 gr. polvo + 25 gr. líquido.;130.3;130,30 €;239
3050;4876;MERON;Voco;CEMENTOS;35 gr. polvo + 15 ml. líquido;Kit 35 gr. polvo + 25 gr. líquido.;78.1;78,10 €;239
3051;98497;RIVA LUTING;SDI;CEMENTOS;;Kit 35 gr. polvo + 25 gr. líquido.;89.13;89,13 €;239
3052;3870;RELYX LUTING;Solventum (3M);CEMENTOS;16 gr. polvo + 9 ml. líquido;6,5 ml. líquido;174.69;174,69 €;240
3053;38701;RELYX LUTING;Solventum (3M);CEMENTOS;9 ml. líquido;6,5 ml. líquido;101.67;101,67 €;240
3054;38702;RELYX LUTING;Solventum (3M);CEMENTOS;16 gr. polvo;6,5 ml. líquido;101.67;101,67 €;240
3055;4613;FUJI PLUS;G.C.;CEMENTOS;Amarillo;;214.35;214,35 €;240
3056;4615;FUJI PLUS;G.C.;CEMENTOS;35;;167.6;167,60 €;240
3057;4634;IONÓMERO REFORZADO;Proclinic Expert;CEMENTOS;EWT (Tiempo trabajo amplio);15 gr. polvo;86.1;86,10 €;240
3058;46340;IONÓMERO REFORZADO;Proclinic Expert;CEMENTOS;Amarillo;15 gr. polvo;86.1;86,10 €;240
3059;46341;IONÓMERO REFORZADO;Proclinic Expert;CEMENTOS;A3;15 gr. polvo;86.1;86,10 €;240
3060;4645;IONÓMERO REFORZADO;Proclinic Expert;CEMENTOS;;7 ml. líquido;55.35;55,35 €;240
3061;5981;RELYX LUTING;Solventum (3M);CEMENTOS;A3;;214.35;214,35 €;240
3062;78556;IONÓMERO REFORZADO;Proclinic Expert;CEMENTOS;15 gr. polvo + 10;Ionómero para la fijación de coronas, cerámica.;103.75;103,75 €;240
3063;96836;RELYX LUTING;Solventum (3M);CEMENTOS;;6,5 ml. líquido;167.6;167,60 €;240
3064;2547;KETAC CEM PLUS;Solventum (3M);CEMENTOS;2 Cliker x 11 g.;;212.18;212,18 €;241
3065;2576;KETAC CEM PLUS;Solventum (3M);CEMENTOS;1 Cliker x 11 g.;;112.42;112,42 €;241
3066;2710;AQUACEM;Dentsply;CEMENTOS;;;152.62;152,62 €;241
3067;42916;FUJICEM 2;GC;CEMENTOS;2 cartuchos FujiCem 2 SL (13,3;;285.85;285,85 €;241
3068;42917;FUJICEM 2;GC;CEMENTOS;2 cartuchos FujiCem 2 SL (13,3;;382.4;382,40 €;241
3069;42919;FUJICEM 2;GC;CEMENTOS;Puntas de mezcla FujiCem 2 SL;;61.15;61,15 €;241
3070;42921;GC FUJICEM EVOLVE;G.C.;CEMENTOS;Starter Kit 1 jeringa + 15 puntas;Jeringa de 9,2 gr.;113.3;113,30 €;241
3071;42922;GC FUJICEM EVOLVE;G.C.;CEMENTOS;Triple pack Handmix 3 jeringas;Jeringa de 9,2 gr.;246.4;246,40 €;241
3072;42923;GC FUJICEM EVOLVE;G.C.;CEMENTOS;Triple pack Automix 3 jeringas;Jeringa de 9,2 gr.;288.75;288,75 €;241
3073;42924;GC FUJICEM EVOLVE;G.C.;CEMENTOS;Puntas Regular Push and click 15;Jeringa de 9,2 gr.;22.15;22,15 €;241
3074;42925;GC FUJICEM EVOLVE;G.C.;CEMENTOS;Puntas Endo Push and click 15 uds.;Jeringa de 9,2 gr.;32.9;32,90 €;241
3075;46469;FUJICEM 2;GC;CEMENTOS;Dispensador metálico;;129.75;129,75 €;241
3076;98498;RIVA LUTING PLUS;SDI;CEMENTOS;;Kit 25 gr. polvo +;90.47;90,47 €;241
3077;25481;KETAC CEM PLUS AUTOMIX;Solventum (3M);CEMENTOS;1 jeringa de 8,5 gr. + 12 puntas;;75.32;75,32 €;242
3078;25482;KETAC CEM PLUS AUTOMIX;Solventum (3M);CEMENTOS;3 jeringas de 8,5 gr. + 36 puntas;;206.58;206,58 €;242
3079;25843;KETAC CEM PLUS AUTOMIX;Solventum (3M);CEMENTOS;12 puntas de mezcla;;14.9;14,90 €;242
3080;54786;RIVA CEM AUTOMIX;SDI Australia;CEMENTOS;;2 jeringas + 16;97.81;97,81 €;242
3081;63516;RIVA LC;SDI Australia;CEMENTOS;LC cápsulas A3;50 cápsulas;168.03;168,03 €;242
3082;63556;RIVA LC;SDI Australia;CEMENTOS;LC HV cápsulas A2;50 cápsulas;168.03;168,03 €;242
3083;75654;RIVA LC;SDI Australia;CEMENTOS;LC cápsulas A3.5;50 cápsulas;168.03;168,03 €;242
3084;83835;MERON PLUS JERINGA QM;Voco;CEMENTOS;;Jeringa 8,5 gr. + accesorios;75.32;75,32 €;242
3085;1909;ALVEOGYL;Septodont;CEMENTOS;11 gr.;2 cartuchos de 50 gr.;80.75;80,75 €;243
3086;20494;CEMENTO FOSFATO ZINC;Bestdent;CEMENTOS;;32 gr. + 15 ml.;11.09;11,09 €;243
3087;2088;HOFFMANN NORMAL Y RÁPIDO;Hoffmann;CEMENTOS;Normal;100 gr. polvo +;58.95;58,95 €;243
3088;2089;HOFFMANN NORMAL Y RÁPIDO;Hoffmann;CEMENTOS;Rápido;100 gr. polvo +;58.95;58,95 €;243
3089;2711;ZINC CEMENT POLVO COLOR 6;Dentsply;CEMENTOS;90 gr. polvo color 6;;58.95;58,95 €;243
3090;2712;ZINC CEMENT POLVO COLOR 6;Dentsply;CEMENTOS;39 ml. líquido;;58.95;58,95 €;243
3091;4509;DURELON;Solventum (3M);CEMENTOS;Líquido 40 ml.;;80.75;80,75 €;243
3092;4510;DURELON;Solventum (3M);CEMENTOS;Polvo 60 gr. regular;2 cartuchos de 50 gr.;80.75;80,75 €;243
3093;4623;COE-PAK;G.C.;CEMENTOS;Fraguado normal;90 gr. base + 90 gr. catalizador;68.25;68,25 €;243
3094;49521;COE-PAK;G.C.;CEMENTOS;;2 cartuchos de 50 gr.;53.0;53,00 €;243
3095;65930;COE-PAK;G.C.;CEMENTOS;Fraguado Hard & Fast;90 gr. base + 90 gr. catalizador;68.25;68,25 €;243
3096;7459;DURELON;Solventum (3M);CEMENTOS;Líquido 12 jeringas x 3,4 ml;2 cartuchos de 50 gr.;98.76;98,76 €;243
3097;99515;DURELON;Solventum (3M);CEMENTOS;Polvo 3 x 20 gr. fast;2 cartuchos de 50 gr.;80.75;80,75 €;243
3098;32683;ADHESIVO TISULAR PERIACRYL;Periacryl;CEMENTOS;Bote 5 ml;50 uds. x 2 gr.;260.0;260,00 €;244
3099;32684;ADHESIVO TISULAR PERIACRYL;Periacryl;CEMENTOS;Monodosis 10u. x 0,2ml;50 uds. x 2 gr.;130.0;130,00 €;244
3100;88150;RESO-PAC;Hager & Werken;CEMENTOS;;20 unidades de 2 gr.;49.53;49,53 €;244
3101;01584;PUNTAS PAPEL CONICIDAD VARIABLE MULTITAPER;Proclinic;ENDODONCIA;F1;La caja de puntas de papel contiene 100 puntas.;13.54;13,54 €;252
3102;01585;PUNTAS PAPEL CONICIDAD VARIABLE MULTITAPER;Proclinic;ENDODONCIA;F2;La caja de puntas de papel contiene 100 puntas.;13.54;13,54 €;252
3103;01586;PUNTAS PAPEL CONICIDAD VARIABLE MULTITAPER;Proclinic;ENDODONCIA;F3;La caja de puntas de papel contiene 100 puntas.;13.54;13,54 €;252
3104;01587;PUNTAS PAPEL CONICIDAD VARIABLE MULTITAPER;Proclinic;ENDODONCIA;Surtido F1-F2-F3;La caja de puntas de papel contiene 100 puntas.;13.54;13,54 €;252
3105;01588;PUNTAS PAPEL CONICIDAD VARIABLE MULTITAPER;Proclinic;ENDODONCIA;Surtido F4-F5;La caja de puntas de papel contiene 100 puntas.;13.54;13,54 €;252
3106;01589;GUTTAPERCHA CONICIDAD VARIABLE MULTITAPER;Proclinic;ENDODONCIA;F1;La caja de guttaperchas contiene 60 puntas.;12.65;12,65 €;252
3107;01590;GUTTAPERCHA CONICIDAD VARIABLE MULTITAPER;Proclinic;ENDODONCIA;F2;La caja de guttaperchas contiene 60 puntas.;12.65;12,65 €;252
3108;01591;GUTTAPERCHA CONICIDAD VARIABLE MULTITAPER;Proclinic;ENDODONCIA;F3;La caja de guttaperchas contiene 60 puntas.;12.65;12,65 €;252
3109;01594;GUTTAPERCHA CONICIDAD VARIABLE MULTITAPER;Proclinic;ENDODONCIA;Surtido F1-F2-F3;La caja de guttaperchas contiene 60 puntas.;12.65;12,65 €;252
3110;01595;GUTTAPERCHA CONICIDAD VARIABLE MULTITAPER;Proclinic;ENDODONCIA;Surtido F4-F5;La caja de guttaperchas contiene 60 puntas.;12.65;12,65 €;252
3111;81814;GUTTAPERCHA RECIPROCANTE;Proclinic;ENDODONCIA;R25;60 unidades. Puntas de guttapercha adaptadas;18.4;18,40 €;259
3112;81815;GUTTAPERCHA RECIPROCANTE;Proclinic;ENDODONCIA;R40;60 unidades. Puntas de guttapercha adaptadas;18.4;18,40 €;259
3113;81816;GUTTAPERCHA RECIPROCANTE;Proclinic;ENDODONCIA;R50;60 unidades. Puntas de guttapercha adaptadas;18.4;18,40 €;259
3114;81817;GUTTAPERCHA RECIPROCANTE;Proclinic;ENDODONCIA;Surtido;60 unidades. Puntas de guttapercha adaptadas;18.4;18,40 €;259
3115;81818;PUNTAS DE PAPEL RECIPROCANTE;Proclinic;ENDODONCIA;R25;100 unidades. al sistema reciprocante. Puntas de papel adaptadas al sistema reciprocante.;18.4;18,40 €;259
3116;81819;PUNTAS DE PAPEL RECIPROCANTE;Proclinic;ENDODONCIA;R40;100 unidades. al sistema reciprocante. Puntas de papel adaptadas al sistema reciprocante.;18.4;18,40 €;259
3117;81820;PUNTAS DE PAPEL RECIPROCANTE;Proclinic;ENDODONCIA;R50;100 unidades. al sistema reciprocante. Puntas de papel adaptadas al sistema reciprocante.;18.4;18,40 €;259
3118;81821;PUNTAS DE PAPEL RECIPROCANTE;Proclinic;ENDODONCIA;Surtido;100 unidades. al sistema reciprocante. Puntas de papel adaptadas al sistema reciprocante.;18.4;18,40 €;259
3119;8196;NO ESTANDARIZADAS - PIRATAS;Proclinic;ENDODONCIA;XXFina;Caja de 100 uds. (Tipo de trey).;13.33;13,33 €;259
3120;8197;NO ESTANDARIZADAS - PIRATAS;Proclinic;ENDODONCIA;XFina (A);Caja de 100 uds. (Tipo de trey).;13.33;13,33 €;259
3121;8198;NO ESTANDARIZADAS - PIRATAS;Proclinic;ENDODONCIA;Fina (B);Caja de 100 uds. (Tipo de trey).;13.33;13,33 €;259
3122;8199;NO ESTANDARIZADAS - PIRATAS;Proclinic;ENDODONCIA;Media (C);Caja de 100 uds. (Tipo de trey).;13.33;13,33 €;259
3123;3123;ESTUCHE PROFILE + ORIFICE;Maillefer;ENDODONCIA;;3 uds. Orifice Shapers en 19 mm. + 3 Profile .04 en 21 10 y 15 en 21 mm.;138.1;138,10 €;265
3124;3124;ESTUCHE PROFILE + ORIFICE SHAPERS 25MM.;Maillefer;ENDODONCIA;;3 uds. Orifice Shapers (Nº 2,3 y 4) uds. Profile .06 + 3 uds. en 19 mm. + 3 uds. Profile .06 + 3 uds. mm. + 2 Limas Nº Profile .04 en 25 mm. + 2 Limas Nº + Mandril. 10 y 15 en 25 mm. + Mandril.;138.1;138,10 €;265
3125;33363;PUNTAS DE PAPEL ISO;Maillefer;ENDODONCIA;N.15 180 uds.;Caja 120 uds. Longitud;37.26;37,26 €;267
3126;33364;PUNTAS DE PAPEL ISO;Maillefer;ENDODONCIA;N.20 180 uds.;Caja 120 uds. Longitud;37.26;37,26 €;267
3127;33365;PUNTAS DE PAPEL ISO;Maillefer;ENDODONCIA;N.25 180 uds.;Caja 120 uds. Longitud;37.26;37,26 €;267
3128;33366;PUNTAS DE PAPEL ISO;Maillefer;ENDODONCIA;N.30 180 uds.;Caja 120 uds. Longitud;37.26;37,26 €;267
3129;33367;PUNTAS DE PAPEL ISO;Maillefer;ENDODONCIA;N.35 180 uds.;Caja 120 uds. Longitud;37.26;37,26 €;267
3130;33368;PUNTAS DE PAPEL ISO;Maillefer;ENDODONCIA;N.40 180 uds.;Caja 120 uds. Longitud;37.26;37,26 €;267
3131;33369;PUNTAS DE PAPEL ISO;Maillefer;ENDODONCIA;N.45 180 uds.;Caja 120 uds. Longitud;37.26;37,26 €;267
3132;33370;PUNTAS DE PAPEL ISO;Maillefer;ENDODONCIA;N.50 180 uds.;Caja 120 uds. Longitud;37.26;37,26 €;267
3133;33371;PUNTAS DE PAPEL ISO;Maillefer;ENDODONCIA;N.55 180 uds.;Caja 120 uds. Longitud;37.26;37,26 €;267
3134;33372;GUTTAPERCHA CONICIDAD;Maillefer;ENDODONCIA;;Caja 120 uds. Longitud;18.44;18,44 €;267
3135;33373;GUTTAPERCHA CONICIDAD;Maillefer;ENDODONCIA;;Caja 120 uds. Longitud;18.44;18,44 €;267
3136;33374;GUTTAPERCHA CONICIDAD;Maillefer;ENDODONCIA;;Caja 120 uds. Longitud;18.44;18,44 €;267
3137;33375;GUTTAPERCHA CONICIDAD;Maillefer;ENDODONCIA;;Caja 120 uds. Longitud;18.44;18,44 €;267
3138;33376;GUTTAPERCHA CONICIDAD;Maillefer;ENDODONCIA;;Caja 120 uds. Longitud;18.44;18,44 €;267
3139;33377;GUTTAPERCHA CONICIDAD;Maillefer;ENDODONCIA;;Caja 120 uds. Longitud;18.44;18,44 €;267
3140;33378;GUTTAPERCHA CONICIDAD;Maillefer;ENDODONCIA;;Caja 120 uds. Longitud;18.44;18,44 €;267
3141;52712;FRESA POST SPACE BUR;Maillefer;ENDODONCIA;05 25 mm;Caja 6 uds.;75.75;75,75 €;267
3142;52713;FRESA POST SPACE BUR;Maillefer;ENDODONCIA;05 31 mm;Caja 6 uds.;75.75;75,75 €;267
3143;52714;FRESA POST SPACE BUR;Maillefer;ENDODONCIA;07 25 mm;Caja 6 uds.;75.75;75,75 €;267
3144;3136;THERMAFIL;Maillefer;ENDODONCIA;Posterior;;126.87;126,87 €;268
3145;3137;THERMAFIL;Maillefer;ENDODONCIA;Anterior;;126.87;126,87 €;268
3146;3138;THERMAFIL;Maillefer;ENDODONCIA;nº 20 al 45;;37.86;37,86 €;268
3147;3139;THERMAFIL;Maillefer;ENDODONCIA;nº 50 al 90;;37.86;37,86 €;268
3148;99212;THERMAFIL;Maillefer;ENDODONCIA;nº 20;;37.86;37,86 €;268
3149;99213;THERMAFIL;Maillefer;ENDODONCIA;nº 25;;37.86;37,86 €;268
3150;99214;THERMAFIL;Maillefer;ENDODONCIA;nº 30;;37.86;37,86 €;268
3151;99215;THERMAFIL;Maillefer;ENDODONCIA;nº 35;;37.86;37,86 €;268
3152;99216;THERMAFIL;Maillefer;ENDODONCIA;nº 40;;37.86;37,86 €;268
3153;99217;THERMAFIL;Maillefer;ENDODONCIA;nº 45;;37.86;37,86 €;268
3154;17661;PROTAPER RETRATAMIENTO;Maillefer;ENDODONCIA;Limas D1-16 mm.;;109.43;109,43 €;270
3155;17662;PROTAPER RETRATAMIENTO;Maillefer;ENDODONCIA;Limas D2-18 mm.;;109.43;109,43 €;270
3156;17663;PROTAPER RETRATAMIENTO;Maillefer;ENDODONCIA;Limas D3-22 mm.;;109.43;109,43 €;270
3157;17870;LIMAS PROTAPER GOLD;Maillefer;ENDODONCIA;Starter kit 21 mm.;Blister de 6 uds. Contiene limas:;84.82;84,82 €;270
3158;17871;LIMAS PROTAPER GOLD;Maillefer;ENDODONCIA;Starter kit 25 mm.;Blister de 6 uds. Contiene limas:;84.82;84,82 €;270
3159;17872;LIMAS PROTAPER GOLD;Maillefer;ENDODONCIA;Starter kit 31 mm.;Blister de 6 uds. Contiene limas:;84.82;84,82 €;270
3160;17873;LIMAS PROTAPER GOLD;Maillefer;ENDODONCIA;Preparación SX 19;Blister de 6 uds.;84.82;84,82 €;270
3161;17874;LIMAS PROTAPER GOLD;Maillefer;ENDODONCIA;Preparación S1 21 mm.;Blister de 6 uds.;84.82;84,82 €;270
3162;17875;LIMAS PROTAPER GOLD;Maillefer;ENDODONCIA;Preparación S1 25 mm.;Blister de 6 uds.;84.82;84,82 €;270
3163;17876;LIMAS PROTAPER GOLD;Maillefer;ENDODONCIA;Preparación S1 31 mm.;Blister de 6 uds.;84.82;84,82 €;270
3164;17877;LIMAS PROTAPER GOLD;Maillefer;ENDODONCIA;Preparación S2 21 mm.;Blister de 6 uds.;84.82;84,82 €;270
3165;17878;LIMAS PROTAPER GOLD;Maillefer;ENDODONCIA;Preparación S2 25 mm.;Blister de 6 uds.;84.82;84,82 €;270
3166;17879;LIMAS PROTAPER GOLD;Maillefer;ENDODONCIA;Preparación S2 31 mm.;Blister de 6 uds.;84.82;84,82 €;270
3167;17880;LIMAS PROTAPER GOLD ACABADO;Maillefer;ENDODONCIA;Acabado F1 21 mm.;Blister de 6 uds. Estéril. SX, S1, S2, F1, F2, F3;84.82;84,82 €;270
3168;17881;LIMAS PROTAPER GOLD ACABADO;Maillefer;ENDODONCIA;Acabado F1 25 mm.;Blister de 6 uds. Estéril. SX, S1, S2, F1, F2, F3;84.82;84,82 €;270
3169;17882;LIMAS PROTAPER GOLD ACABADO;Maillefer;ENDODONCIA;Acabado F1 31 mm.;Blister de 6 uds. Estéril. SX, S1, S2, F1, F2, F3;84.82;84,82 €;270
3170;17883;LIMAS PROTAPER GOLD ACABADO;Maillefer;ENDODONCIA;Acabado F2 21 mm.;Blister de 6 uds. Estéril. SX, S1, S2, F1, F2, F3;84.82;84,82 €;270
3171;17884;LIMAS PROTAPER GOLD ACABADO;Maillefer;ENDODONCIA;Acabado F2 25 mm.;Blister de 6 uds. Estéril. SX, S1, S2, F1, F2, F3;84.82;84,82 €;270
3172;17885;LIMAS PROTAPER GOLD ACABADO;Maillefer;ENDODONCIA;Acabado F2 31 mm.;Blister de 6 uds. Estéril. SX, S1, S2, F1, F2, F3;84.82;84,82 €;270
3173;17886;LIMAS PROTAPER GOLD ACABADO;Maillefer;ENDODONCIA;Acabado F3 21 mm.;Blister de 6 uds. Estéril. SX, S1, S2, F1, F2, F3;84.82;84,82 €;270
3174;17887;LIMAS PROTAPER GOLD ACABADO;Maillefer;ENDODONCIA;Acabado F3 25 mm.;Blister de 6 uds. Estéril. SX, S1, S2, F1, F2, F3;84.82;84,82 €;270
3175;17888;LIMAS PROTAPER GOLD ACABADO;Maillefer;ENDODONCIA;Acabado F3 31 mm.;Blister de 6 uds. Estéril. SX, S1, S2, F1, F2, F3;84.82;84,82 €;270
3176;17889;LIMAS PROTAPER GOLD ACABADO;Maillefer;ENDODONCIA;Acabado F4 21 mm.;Blister de 6 uds. Estéril. SX, S1, S2, F1, F2, F3;84.82;84,82 €;270
3177;17890;LIMAS PROTAPER GOLD ACABADO;Maillefer;ENDODONCIA;Acabado F4 25 mm.;Blister de 6 uds. Estéril. SX, S1, S2, F1, F2, F3;84.82;84,82 €;270
3178;17891;LIMAS PROTAPER GOLD ACABADO;Maillefer;ENDODONCIA;Acabado F4 31 mm.;Blister de 6 uds. Estéril. SX, S1, S2, F1, F2, F3;84.82;84,82 €;270
3179;17892;LIMAS PROTAPER GOLD ACABADO;Maillefer;ENDODONCIA;Acabado F5 21 mm.;Blister de 6 uds. Estéril. SX, S1, S2, F1, F2, F3;84.82;84,82 €;270
3180;17893;LIMAS PROTAPER GOLD ACABADO;Maillefer;ENDODONCIA;Acabado F5 25 mm.;Blister de 6 uds. Estéril. SX, S1, S2, F1, F2, F3;84.82;84,82 €;270
3181;17894;LIMAS PROTAPER GOLD ACABADO;Maillefer;ENDODONCIA;Acabado F5 31 mm.;Blister de 6 uds. Estéril. SX, S1, S2, F1, F2, F3;84.82;84,82 €;270
3182;1790;PROTAPER RETRATAMIENTO;Maillefer;ENDODONCIA;Surtido de 6 uds.;;109.43;109,43 €;270
3183;1480;ORGANIZADOR PROTAPER;Maillefer;ENDODONCIA;;;32.23;32,23 €;271
3184;33275;GUTTAPERCHA PROTAPER GOLD CONFORM FIT;Maillefer;ENDODONCIA;F1;Caja de 60 uds.;23.98;23,98 €;271
3185;33276;GUTTAPERCHA PROTAPER GOLD CONFORM FIT;Maillefer;ENDODONCIA;F2;Caja de 60 uds.;23.98;23,98 €;271
3186;33277;GUTTAPERCHA PROTAPER GOLD CONFORM FIT;Maillefer;ENDODONCIA;F3;Caja de 60 uds.;23.98;23,98 €;271
3187;33278;GUTTAPERCHA PROTAPER GOLD CONFORM FIT;Maillefer;ENDODONCIA;F2/F3;Caja de 60 uds.;23.98;23,98 €;271
3188;33279;GUTTAPERCHA PROTAPER GOLD CONFORM FIT;Maillefer;ENDODONCIA;F5/F5;Caja de 60 uds.;23.98;23,98 €;271
3189;8272;PUNTAS DE PAPEL PROTAPER GOLD;Maillefer;ENDODONCIA;F1;Caja 180 uds.;23.98;23,98 €;271
3190;8273;PUNTAS DE PAPEL PROTAPER GOLD;Maillefer;ENDODONCIA;F2;Caja 180 uds.;23.98;23,98 €;271
3191;8274;PUNTAS DE PAPEL PROTAPER GOLD;Maillefer;ENDODONCIA;F3;Caja 180 uds.;23.98;23,98 €;271
3192;8275;PUNTAS DE PAPEL PROTAPER GOLD;Maillefer;ENDODONCIA;F4;Caja 180 uds.;32.92;32,92 €;271
3193;8276;PUNTAS DE PAPEL PROTAPER GOLD;Maillefer;ENDODONCIA;F5;Caja 180 uds.;32.92;32,92 €;271
3194;8277;PUNTAS DE PAPEL PROTAPER GOLD;Maillefer;ENDODONCIA;Surtido F1-F5;Caja 180 uds.;32.92;32,92 €;271
3195;33379;PROTAPER NEXT ACCESS OPENER XA 19MM;Maillefer;ENDODONCIA;;6 uds.;85.31;85,31 €;272
3196;82541;THERMAFIL PROTAPER GOLD;Maillefer;ENDODONCIA;Protaper F1. 6 uds.;6 uds.;39.07;39,07 €;272
3197;82542;THERMAFIL PROTAPER GOLD;Maillefer;ENDODONCIA;Protaper F2. 6 uds.;6 uds.;39.07;39,07 €;272
3198;82543;THERMAFIL PROTAPER GOLD;Maillefer;ENDODONCIA;Protaper F3. 6 uds.;6 uds.;39.07;39,07 €;272
3199;82544;THERMAFIL PROTAPER GOLD;Maillefer;ENDODONCIA;Protaper F4. 6 uds.;6 uds.;39.07;39,07 €;272
3200;82545;THERMAFIL PROTAPER GOLD;Maillefer;ENDODONCIA;Protaper F5. 6 uds.;6 uds.;39.07;39,07 €;272
3201;82546;THERMAFIL PROTAPER GOLD;Maillefer;ENDODONCIA;Protaper F1. 30 uds.;30 uds.;191.36;191,36 €;272
3202;82547;THERMAFIL PROTAPER GOLD;Maillefer;ENDODONCIA;Protaper F2. 30 uds.;30 uds.;191.36;191,36 €;272
3203;82548;THERMAFIL PROTAPER GOLD;Maillefer;ENDODONCIA;Protaper F3. 30 uds.;30 uds.;191.36;191,36 €;272
3204;82549;THERMAFIL PROTAPER GOLD;Maillefer;ENDODONCIA;Protaper F4. 30 uds.;30 uds.;191.36;191,36 €;272
3205;82550;THERMAFIL PROTAPER GOLD;Maillefer;ENDODONCIA;Protaper F5. 30 uds.;30 uds.;191.36;191,36 €;272
3206;17999;LIMAS PROGLIDER;Maillefer;ENDODONCIA;Limas Proglider 21 mm. Estériles;Envase estéril con 6 uds.;140.37;140,37 €;274
3207;18000;LIMAS PROGLIDER;Maillefer;ENDODONCIA;Limas Proglider 25 mm. Estériles;Envase estéril con 6 uds.;140.37;140,37 €;274
3208;18001;LIMAS PROGLIDER;Maillefer;ENDODONCIA;Limas Proglider 31 mm. Estériles;Envase estéril con 6 uds.;140.37;140,37 €;274
3209;33270;PUNTAS GUTTAPERCHA WAVEONE GOLD CONFORM FIT;Maillefer;ENDODONCIA;Small;Caja 60 uds.;22.78;22,78 €;274
3210;33271;PUNTAS GUTTAPERCHA WAVEONE GOLD CONFORM FIT;Maillefer;ENDODONCIA;Primary;Caja 60 uds.;22.78;22,78 €;274
3211;33272;PUNTAS GUTTAPERCHA WAVEONE GOLD CONFORM FIT;Maillefer;ENDODONCIA;Medium;Caja 60 uds.;22.78;22,78 €;274
3212;33273;PUNTAS GUTTAPERCHA WAVEONE GOLD CONFORM FIT;Maillefer;ENDODONCIA;Large;Caja 60 uds.;22.78;22,78 €;274
3213;33274;PUNTAS GUTTAPERCHA WAVEONE GOLD CONFORM FIT;Maillefer;ENDODONCIA;Surtido;Caja 60 uds.;127.13;127,13 €;274
3214;17928;THERMAFIL PARA WAVEONE;Maillefer;ENDODONCIA;Large;Caja 6 uds. Longitud;45.28;45,28 €;275
3215;17929;THERMAFIL PARA WAVEONE;Maillefer;ENDODONCIA;Medium;Caja 6 uds. Longitud;45.28;45,28 €;275
3216;17930;THERMAFIL PARA WAVEONE;Maillefer;ENDODONCIA;Primary;Caja 6 uds. Longitud;45.28;45,28 €;275
3217;17931;THERMAFIL PARA WAVEONE;Maillefer;ENDODONCIA;Small;Caja 6 uds. Longitud;45.28;45,28 €;275
3218;17932;THERMAFIL PARA WAVEONE;Maillefer;ENDODONCIA;Large;5 Blister de 6 unidades;221.86;221,86 €;275
3219;17933;THERMAFIL PARA WAVEONE;Maillefer;ENDODONCIA;Medium;5 Blister de 6 unidades;221.86;221,86 €;275
3220;17934;THERMAFIL PARA WAVEONE;Maillefer;ENDODONCIA;Primary;5 Blister de 6 unidades;221.86;221,86 €;275
3221;17935;THERMAFIL PARA WAVEONE;Maillefer;ENDODONCIA;Small;5 Blister de 6 unidades;221.86;221,86 €;275
3222;33284;TRUNATOMY;Maillefer;ENDODONCIA;Glider;;112.13;112,13 €;275
3223;33285;TRUNATOMY;Maillefer;ENDODONCIA;Orifice;;112.13;112,13 €;275
3224;33286;TRUNATOMY;Maillefer;ENDODONCIA;Prime 25 mm.;;112.13;112,13 €;275
3225;33287;TRUNATOMY;Maillefer;ENDODONCIA;21 mm.;;56.74;56,74 €;275
3226;33288;TRUNATOMY;Maillefer;ENDODONCIA;21 mm.;;56.74;56,74 €;275
3227;33289;TRUNATOMY;Maillefer;ENDODONCIA;21 mm.;;56.74;56,74 €;275
3228;33295;TRUNATOMY;Maillefer;ENDODONCIA;Glider;;112.13;112,13 €;275
3229;33296;TRUNATOMY;Maillefer;ENDODONCIA;Glider;;112.13;112,13 €;275
3230;33297;TRUNATOMY;Maillefer;ENDODONCIA;Medium;;112.13;112,13 €;275
3231;33298;TRUNATOMY;Maillefer;ENDODONCIA;Medium;Caja 6 uds. Longitud;112.13;112,13 €;275
3232;33299;TRUNATOMY;Maillefer;ENDODONCIA;Medium;Caja 6 uds. Longitud;112.13;112,13 €;275
3233;33300;TRUNATOMY;Maillefer;ENDODONCIA;Prime 21 mm.;;112.13;112,13 €;275
3234;33301;THERMAFIL PARA WAVEONE;Maillefer;ENDODONCIA;Prime 31 mm.;;112.13;112,13 €;275
3235;33302;THERMAFIL PARA WAVEONE;Maillefer;ENDODONCIA;Small 25 mm.;Caja 6 uds. Longitud;112.13;112,13 €;275
3236;33303;THERMAFIL PARA WAVEONE;Maillefer;ENDODONCIA;Small 31 mm.;Caja 6 uds. Longitud;112.13;112,13 €;275
3237;33304;TRUNATOMY;Maillefer;ENDODONCIA;Trunatomy surtido limas 25 mm.;;93.43;93,43 €;275
3238;99428;CALAMUS;;ENDODONCIA;;;124.25;124,25 €;275
3239;99429;CALAMUS;;ENDODONCIA;;;104.07;104,07 €;275
3240;99430;CALAMUS;;ENDODONCIA;;;124.25;124,25 €;275
3241;99431;CALAMUS;;ENDODONCIA;;;112.25;112,25 €;275
3242;99432;CALAMUS;;ENDODONCIA;;;76.75;76,75 €;275
3243;99433;CALAMUS;;ENDODONCIA;;;76.75;76,75 €;275
3244;18151;GUTAPERCHA PROTAPER ULTIMATE CONFORM FIT;Maillefer;ENDODONCIA;F1;Caja 60 uds.;22.08;22,08 €;276
3245;18152;GUTAPERCHA PROTAPER ULTIMATE CONFORM FIT;Maillefer;ENDODONCIA;F2;Caja 60 uds.;22.08;22,08 €;276
3246;18153;GUTAPERCHA PROTAPER ULTIMATE CONFORM FIT;Maillefer;ENDODONCIA;F3;Caja 60 uds.;22.08;22,08 €;276
3247;18154;GUTAPERCHA PROTAPER ULTIMATE CONFORM FIT;Maillefer;ENDODONCIA;FX;Caja 60 uds.;22.08;22,08 €;276
3248;18155;GUTAPERCHA PROTAPER ULTIMATE CONFORM FIT;Maillefer;ENDODONCIA;FXL;Caja 60 uds.;22.08;22,08 €;276
3249;18156;GUTAPERCHA PROTAPER ULTIMATE CONFORM FIT;Maillefer;ENDODONCIA;F1-F2-F3;Caja 60 uds.;22.08;22,08 €;276
3250;33290;PUNTAS GUTTAPERCHA TRUNATOMY CONFORM FIT;Maillefer;ENDODONCIA;Surtido;Caja 60 uds.;22.52;22,52 €;276
3251;33291;PUNTAS GUTTAPERCHA TRUNATOMY CONFORM FIT;Maillefer;ENDODONCIA;Prime;Caja 60 uds.;22.52;22,52 €;276
3252;33293;PUNTAS DE PAPEL TRUNATOMY;Maillefer;ENDODONCIA;Surtido;Caja 180 uds.;33.77;33,77 €;276
3253;33294;PUNTAS DE PAPEL TRUNATOMY;Maillefer;ENDODONCIA;Prime;Caja 180 uds.;33.77;33,77 €;276
3254;99297;PUNTAS START-X ULTRASONIDOS;Maillefer;ENDODONCIA;Kit 5 uds. Puntas start-x satelec;;662.44;662,44 €;276
3255;99373;PUNTAS START-X ULTRASONIDOS;Maillefer;ENDODONCIA;Tip satelec insert 1;;146.12;146,12 €;276
3256;99374;PUNTAS START-X ULTRASONIDOS;Maillefer;ENDODONCIA;Tip satelec insert 2;;146.12;146,12 €;276
3257;99375;PUNTAS START-X ULTRASONIDOS;Maillefer;ENDODONCIA;Tip satelec insert 3;;146.12;146,12 €;276
3258;99376;PUNTAS START-X ULTRASONIDOS;Maillefer;ENDODONCIA;Tip satelec insert 4;;146.12;146,12 €;276
3259;99377;PUNTAS START-X ULTRASONIDOS;Maillefer;ENDODONCIA;Tip satelec insert 5;;146.12;146,12 €;276
3260;99379;PUNTAS START-X ULTRASONIDOS;Maillefer;ENDODONCIA;Kit 5 uds. Puntas Start-X Tip;;662.44;662,44 €;276
3261;99380;PUNTAS START-X ULTRASONIDOS;Maillefer;ENDODONCIA;Tip EMS insert 1;;146.12;146,12 €;276
3262;99381;PUNTAS START-X ULTRASONIDOS;Maillefer;ENDODONCIA;Tip EMS insert 2;;146.12;146,12 €;276
3263;99382;PUNTAS START-X ULTRASONIDOS;Maillefer;ENDODONCIA;Tip EMS insert 3;;146.12;146,12 €;276
3264;99383;PUNTAS START-X ULTRASONIDOS;Maillefer;ENDODONCIA;Tip EMS insert 4;Caja 60 uds.;146.12;146,12 €;276
3265;99384;PUNTAS START-X ULTRASONIDOS;Maillefer;ENDODONCIA;Tip EMS insert 5;Caja 60 uds.;146.12;146,12 €;276
3266;18126;PROTAPER ULTIMATE;Maillefer;ENDODONCIA;SX 19mm;6 uds.;90.76;90,76 €;277
3267;18127;PROTAPER ULTIMATE;Maillefer;ENDODONCIA;Slider 21mm;6 uds.;90.76;90,76 €;277
3268;18128;PROTAPER ULTIMATE;Maillefer;ENDODONCIA;Slider 25mm;6 uds.;90.76;90,76 €;277
3269;18129;PROTAPER ULTIMATE;Maillefer;ENDODONCIA;Slider 31mm;6 uds.;90.76;90,76 €;277
3270;18130;PROTAPER ULTIMATE;Maillefer;ENDODONCIA;Shaper 21mm;6 uds.;90.76;90,76 €;277
3271;18131;PROTAPER ULTIMATE;Maillefer;ENDODONCIA;Shaper 25mm;6 uds.;90.76;90,76 €;277
3272;18132;PROTAPER ULTIMATE;Maillefer;ENDODONCIA;Shaper 31mm;6 uds.;90.76;90,76 €;277
3273;18133;PROTAPER ULTIMATE;Maillefer;ENDODONCIA;F1 21mm;6 uds.;90.76;90,76 €;277
3274;18134;PROTAPER ULTIMATE;Maillefer;ENDODONCIA;F1 25mm;6 uds.;90.76;90,76 €;277
3275;18135;PROTAPER ULTIMATE;Maillefer;ENDODONCIA;F1 31mm;6 uds.;90.76;90,76 €;277
3276;18136;PROTAPER ULTIMATE;Maillefer;ENDODONCIA;F2 21mm;6 uds.;90.76;90,76 €;277
3277;18137;PROTAPER ULTIMATE;Maillefer;ENDODONCIA;F2 25mm;6 uds.;90.76;90,76 €;277
3278;18138;PROTAPER ULTIMATE;Maillefer;ENDODONCIA;F2 31mm;6 uds.;90.76;90,76 €;277
3279;18139;PROTAPER ULTIMATE;Maillefer;ENDODONCIA;F3 21mm;6 uds.;90.76;90,76 €;277
3280;18140;PROTAPER ULTIMATE;Maillefer;ENDODONCIA;F3 25mm;6 uds.;90.76;90,76 €;277
3281;18141;PROTAPER ULTIMATE;Maillefer;ENDODONCIA;F3 31mm;6 uds.;90.76;90,76 €;277
3282;18142;PROTAPER ULTIMATE;Maillefer;ENDODONCIA;FX 21mm;6 uds.;90.76;90,76 €;277
3283;18143;PROTAPER ULTIMATE;Maillefer;ENDODONCIA;FX 25mm;6 uds.;90.76;90,76 €;277
3284;18144;PROTAPER ULTIMATE;Maillefer;ENDODONCIA;FX 31mm;6 uds.;90.76;90,76 €;277
3285;18145;PROTAPER ULTIMATE;Maillefer;ENDODONCIA;FXL 21mm;6 uds.;90.76;90,76 €;277
3286;18146;PROTAPER ULTIMATE;Maillefer;ENDODONCIA;FXL 25mm;6 uds.;90.76;90,76 €;277
3287;18147;PROTAPER ULTIMATE;Maillefer;ENDODONCIA;FXL 31mm;6 uds.;90.76;90,76 €;277
3288;18148;PROTAPER ULTIMATE;Maillefer;ENDODONCIA;Surtido 21mm;5 uds. (1u. de cada:;90.76;90,76 €;277
3289;18149;PROTAPER ULTIMATE;Maillefer;ENDODONCIA;Surtido 25mm;5 uds. (1u. de cada:;90.76;90,76 €;277
3290;18150;PROTAPER ULTIMATE;Maillefer;ENDODONCIA;Surtido 31mm;5 uds. (1u. de cada:;90.76;90,76 €;277
3291;18157;PUNTAS DE PAPEL PROTAPER ULTIMATE CONFORM FIT;Maillefer;ENDODONCIA;F1;Caja 180 uds.;30.28;30,28 €;277
3292;18158;PUNTAS DE PAPEL PROTAPER ULTIMATE CONFORM FIT;Maillefer;ENDODONCIA;F2;Caja 180 uds.;30.28;30,28 €;277
3293;18159;PUNTAS DE PAPEL PROTAPER ULTIMATE CONFORM FIT;Maillefer;ENDODONCIA;F3;Caja 180 uds.;30.28;30,28 €;277
3294;18160;PUNTAS DE PAPEL PROTAPER ULTIMATE CONFORM FIT;Maillefer;ENDODONCIA;FX;Caja 180 uds.;30.28;30,28 €;277
3295;18161;PUNTAS DE PAPEL PROTAPER ULTIMATE CONFORM FIT;Maillefer;ENDODONCIA;FXL;Caja 180 uds.;30.28;30,28 €;277
3296;18162;PUNTAS DE PAPEL PROTAPER ULTIMATE CONFORM FIT;Maillefer;ENDODONCIA;F1-F2-F3;Caja 180 uds.;30.28;30,28 €;277
3297;12583;GUTTAPERCHA;VDW;ENDODONCIA;Guttapercha;una pro-;23.77;23,77 €;280
3298;12584;GUTTAPERCHA;VDW;ENDODONCIA;Guttapercha;una pro-;23.77;23,77 €;280
3299;12585;GUTTAPERCHA;VDW;ENDODONCIA;Guttapercha;una pro-;23.77;23,77 €;280
3300;12586;GUTTAPERCHA;VDW;ENDODONCIA;Guttapercha;una pro-;23.77;23,77 €;280
3301;12587;PUNTAS DE PAPEL RECIPROC;VDW;ENDODONCIA;R25;Conjunto de 144 uds.;202.63;202,63 €;280
3302;12588;PUNTAS DE PAPEL RECIPROC;VDW;ENDODONCIA;R40;Conjunto de 144 uds.;202.63;202,63 €;280
3303;12589;PUNTAS DE PAPEL RECIPROC;VDW;ENDODONCIA;R50;Conjunto de 144 uds.;26.35;26,35 €;280
3304;12590;PUNTAS DE PAPEL RECIPROC;VDW;ENDODONCIA;96 x R25, 24 x R40, 24 x R50;Conjunto de 144 uds.;26.35;26,35 €;280
3305;12607;GUTTAPERCHA RECIPROC;VDW;ENDODONCIA;Guttapercha R25;Longitud de 28 mm.;24.52;24,52 €;280
3306;12608;GUTTAPERCHA RECIPROC;VDW;ENDODONCIA;Guttapercha R40;Longitud de 28 mm.;24.52;24,52 €;280
3307;12609;GUTTAPERCHA RECIPROC;VDW;ENDODONCIA;Guttapercha R50;Longitud de 28 mm.;24.52;24,52 €;280
3308;12610;GUTTAPERCHA RECIPROC;VDW;ENDODONCIA;Guttapercha surtida;Longitud de 28 mm.;24.52;24,52 €;280
3309;75765;GUTTAFUSION;VDW;ENDODONCIA;Pink R25;Conjunto de 144 uds.;44.97;44,97 €;280
3310;75766;GUTTAFUSION;VDW;ENDODONCIA;Pink R50;Conjunto de 144 uds.;44.97;44,97 €;280
3311;75767;GUTTAFUSION;VDW;ENDODONCIA;Pink R40;Conjunto de 144 uds.;24.52;24,52 €;280
3312;75768;GUTTAFUSION;VDW;ENDODONCIA;Pink R50;Conjunto de 144 uds.;24.52;24,52 €;280
3313;75769;GUTTAFUSION;VDW;ENDODONCIA;Blue R25;Conjunto de 144 uds.;24.52;24,52 €;280
3314;75770;GUTTAFUSION;VDW;ENDODONCIA;Blue R40;Conjunto de 144 uds.;43.97;43,97 €;280
3315;75771;GUTTAFUSION;VDW;ENDODONCIA;Blue R50;Conjunto de 144 uds.;43.97;43,97 €;280
3316;75772;GUTTAFUSION;VDW;ENDODONCIA;Blue R25;Conjunto de 144 uds.;198.04;198,04 €;280
3317;12611;PUNTAS DE PAPEL RECIPROC;VDW;ENDODONCIA;R25;Conjunto de 180 uds. compatibles con las limas R50 de la gama reciproc;33.36;33,36 €;281
3318;12612;PUNTAS DE PAPEL RECIPROC;VDW;ENDODONCIA;R40;Conjunto de 180 uds. compatibles con las limas R50 de la gama reciproc;33.36;33,36 €;281
3319;12613;PUNTAS DE PAPEL RECIPROC;VDW;ENDODONCIA;R50;Conjunto de 180 uds. compatibles con las limas R50 de la gama reciproc;33.36;33,36 €;281
3320;12614;PUNTAS DE PAPEL RECIPROC;VDW;ENDODONCIA;Surtida;Conjunto de 180 uds. compatibles con las limas R50 de la gama reciproc;33.36;33,36 €;281
3321;25998;VDW.ROTATE;VDW;ENDODONCIA;21 mm.;3 uds. blue.;39.72;39,72 €;281
3322;25999;VDW.ROTATE;VDW;ENDODONCIA;25 mm.;3 uds. blue.;39.72;39,72 €;281
3323;26008;VDW.ROTATE;VDW;ENDODONCIA;31 mm.;3 uds. blue.;39.72;39,72 €;281
3324;26009;REPOSICIÓN LIMAS VDW.ROTATE 25MM;;ENDODONCIA;15.04;6 uds.;78.97;78,97 €;281
3325;26010;REPOSICIÓN LIMAS VDW.ROTATE 25MM;;ENDODONCIA;25.04;6 uds.;78.97;78,97 €;281
3326;26011;VDW.ROTATE;VDW;ENDODONCIA;30.04;;78.97;78,97 €;281
3327;26012;PUNTAS DE PAPEL RECIPROC;VDW;ENDODONCIA;35.04;;78.97;78,97 €;281
3328;26013;PUNTAS DE PAPEL RECIPROC;VDW;ENDODONCIA;40.04;Conjunto de 180 uds. compatibles con las limas R50 de la gama reciproc;78.97;78,97 €;281
3329;26014;PUNTAS DE PAPEL RECIPROC;VDW;ENDODONCIA;50.04;3 uds. blue.;78.97;78,97 €;281
3330;26015;PUNTAS DE PAPEL RECIPROC;VDW;ENDODONCIA;60.04;3 uds. blue.;78.97;78,97 €;281
3331;26016;PUNTAS DE PAPEL RECIPROC;VDW;ENDODONCIA;20.05;3 uds. blue.;39.72;39,72 €;281
3332;26017;PUNTAS DE PAPEL RECIPROC;VDW;ENDODONCIA;25.06;3 uds. blue.;39.72;39,72 €;281
3333;26018;PUNTAS DE PAPEL RECIPROC;VDW;ENDODONCIA;30.06;3 uds. blue.;39.72;39,72 €;281
3334;26019;GUTTAPERCHA VDW.ROTATE;VDW;ENDODONCIA;25.04;Caja de 60 uds.;23.92;23,92 €;281
3335;26020;GUTTAPERCHA VDW.ROTATE;VDW;ENDODONCIA;30.04;Caja de 60 uds.;23.92;23,92 €;281
3336;26022;GUTTAPERCHA VDW.ROTATE;VDW;ENDODONCIA;35.04;Caja de 60 uds.;23.92;23,92 €;281
3337;26023;GUTTAPERCHA VDW.ROTATE;VDW;ENDODONCIA;25.06;Caja de 60 uds.;23.92;23,92 €;281
3338;26024;GUTTAPERCHA VDW.ROTATE;VDW;ENDODONCIA;Surtido;Caja de 60 uds.;23.92;23,92 €;281
3339;26025;PUNTAS PAPEL VDW.ROTATE;VDW;ENDODONCIA;25.04;Caja de 180 uds.;23.92;23,92 €;281
3340;26026;PUNTAS PAPEL VDW.ROTATE;VDW;ENDODONCIA;30.04;Caja de 180 uds.;23.92;23,92 €;281
3341;26027;PUNTAS PAPEL VDW.ROTATE;VDW;ENDODONCIA;35.04;Caja de 180 uds.;23.92;23,92 €;281
3342;26028;PUNTAS PAPEL VDW.ROTATE;VDW;ENDODONCIA;25.06;Caja de 180 uds.;23.92;23,92 €;281
3343;26029;PUNTAS PAPEL VDW.ROTATE;VDW;ENDODONCIA;Surtido;Caja de 180 uds.;23.92;23,92 €;281
3344;13330;Limas C.A. rotatorias LIMAS MTWO. REPOSICIÓN;VDW;ENDODONCIA;Reposición MTWO surtido 4u. 31mm;blíster 6 uds.;64.43;64,43 €;282
3345;18722;Limas C.A. rotatorias LIMAS MTWO. REPOSICIÓN;VDW;ENDODONCIA;;blíster 6 uds.;104.08;104,08 €;282
3346;74173;Limas C.A. rotatorias LIMAS MTWO. REPOSICIÓN;VDW;ENDODONCIA;Retratamiento nº15/.05 21mm;blíster 6 uds.;96.54;96,54 €;282
3347;74176;Limas C.A. rotatorias LIMAS MTWO. REPOSICIÓN;VDW;ENDODONCIA;Retratamiento surtido nº15/.05 21mm;blíster 6 uds.;96.54;96,54 €;282
3348;78128;MTWO PUNTAS DE PAPEL;VDW;ENDODONCIA;25/06;144 uds.;34.26;34,26 €;283
3349;78129;MTWO PUNTAS DE PAPEL;VDW;ENDODONCIA;30/06;144 uds.;34.26;34,26 €;283
3350;78130;MTWO PUNTAS DE PAPEL;VDW;ENDODONCIA;35/06;144 uds.;34.26;34,26 €;283
3351;78131;MTWO PUNTAS DE PAPEL;VDW;ENDODONCIA;30/06;144 uds.;34.26;34,26 €;283
3352;78132;MTWO PUNTAS DE PAPEL;VDW;ENDODONCIA;35/06;144 uds.;34.26;34,26 €;283
3353;78133;MTWO PUNTAS DE PAPEL;VDW;ENDODONCIA;40/06;144 uds.;34.26;34,26 €;283
3354;99578;GUTTAPERCHA;VDW;ENDODONCIA;25/.06;;31.17;31,17 €;283
3355;99579;GUTTAPERCHA;VDW;ENDODONCIA;30/.06;;31.17;31,17 €;283
3356;99580;GUTTAPERCHA;VDW;ENDODONCIA;35/.06;;31.17;31,17 €;283
3357;99581;GUTTAPERCHA;VDW;ENDODONCIA;40/.06;;31.17;31,17 €;283
3358;19569;LIMAS EXCALIBUR;Zarc4Endo;ENDODONCIA;21 mm;4 unidades (E20-E45);37.2;37,20 €;284
3359;19570;LIMAS EXCALIBUR;Zarc4Endo;ENDODONCIA;25 mm;4 unidades (E20-E45);37.2;37,20 €;284
3360;19571;LIMAS EXCALIBUR;Zarc4Endo;ENDODONCIA;31 mm;4 unidades (E20-E45);37.2;37,20 €;284
3361;19711;LIMAS SLIMSHAPER PRO;Zarc4Endo;ENDODONCIA;21 mm;3 unidades (ZS1, ZS2, ZS3) - - 19525 19526 19527;26.27;26,27 €;284
3362;19712;LIMAS SLIMSHAPER PRO;Zarc4Endo;ENDODONCIA;25 mm;3 unidades (ZS1, ZS2, ZS3) - - 19525 19526 19527;26.27;26,27 €;284
3363;19713;LIMAS SLIMSHAPER PRO;Zarc4Endo;ENDODONCIA;31 mm;3 unidades (ZS1, ZS2, ZS3) - - 19525 19526 19527;26.27;26,27 €;284
3364;59389;GUTTAPERCHA AUTOFIT;Kerr;ENDODONCIA;.04;Caja 50 uds.;66.7;66,70 €;287
3365;96956;LIMAS TF;Kerr;ENDODONCIA;27 mm .06/.08/.010;Pack de;66.7;66,70 €;287
3366;96957;LIMAS TF;Kerr;ENDODONCIA;23 mm .04/.06/.08;Pack de;66.7;66,70 €;287
3367;96986;LIMAS TF;Kerr;ENDODONCIA;27 mm .04/.06/.08;Pack de;66.7;66,70 €;287
3368;98001;GUTTAPERCHA AUTOFIT;Kerr;ENDODONCIA;.06;Caja 50 uds.;35.87;35,87 €;287
3369;98002;GUTTAPERCHA AUTOFIT;Kerr;ENDODONCIA;.08;Caja 50 uds.;35.87;35,87 €;287
3370;98026;LIMAS K3;Kerr;ENDODONCIA;Procedure pack;"6 unidades (nº25/.08 nº25/.06 de 25mm.; nº30/.06 de 25mm.; de 25mm.)";62.62;62,62 €;287
3371;98030;LIMAS TF;Kerr;ENDODONCIA;23 mm;Pack de;62.62;62,62 €;287
3372;98031;LIMAS TF;Kerr;ENDODONCIA;27 mm;Pack de;62.62;62,62 €;287
3373;98032;LIMAS TF;Kerr;ENDODONCIA;23 mm;Pack de;62.62;62,62 €;287
3374;98033;LIMAS TF;Kerr;ENDODONCIA;27 mm;Pack de;62.62;62,62 €;287
3375;98034;LIMAS TF;Kerr;ENDODONCIA;23 mm;Pack de;62.62;62,62 €;287
3376;98035;LIMAS TF;Kerr;ENDODONCIA;27 mm;Pack de;62.62;62,62 €;287
3377;98036;LIMAS TF;Kerr;ENDODONCIA;23 mm;Pack de;62.62;62,62 €;287
3378;98037;LIMAS TF;Kerr;ENDODONCIA;27 mm;Pack de;62.62;62,62 €;287
3379;98038;LIMAS TF;Kerr;ENDODONCIA;23 mm;Pack de;66.7;66,70 €;287
3380;98039;LIMAS TF;Kerr;ENDODONCIA;23 mm 30/.06;Pack de;66.7;66,70 €;287
3381;98040;LIMAS TF;Kerr;ENDODONCIA;27 mm 30/.06;Pack de;66.7;66,70 €;287
3382;98041;GUTTAPERCHA AUTOFIT;Kerr;ENDODONCIA;23 mm 35/.06;;66.7;66,70 €;287
3383;98042;GUTTAPERCHA AUTOFIT;Kerr;ENDODONCIA;27 mm 35/.06;Caja 50 uds.;66.7;66,70 €;287
3384;98043;GUTTAPERCHA AUTOFIT;Kerr;ENDODONCIA;23 mm 40/.04;Caja 50 uds.;66.7;66,70 €;287
3385;98044;GUTTAPERCHA AUTOFIT;Kerr;ENDODONCIA;27 mm 40/.04;Caja 50 uds.;66.7;66,70 €;287
3386;98796;GUTTAPERCHA AUTOFIT;Kerr;ENDODONCIA;.06-.12 surtido;Caja 50 uds.;35.87;35,87 €;287
3387;98797;GUTTAPERCHA AUTOFIT;Kerr;ENDODONCIA;.10;Caja 50 uds.;35.87;35,87 €;287
3388;98798;GUTTAPERCHA AUTOFIT;Kerr;ENDODONCIA;.12-L;Caja 50 uds.;35.87;35,87 €;287
3389;98799;GUTTAPERCHA AUTOFIT;Kerr;ENDODONCIA;.12-S;Caja 50 uds.;35.87;35,87 €;287
3390;87095;PUNTAS PAPEL TF ADAPTIVE;Kerr;ENDODONCIA;Pequeñas SM2 amarillas;Caja de 100 uds. Caja 50 puntas.;15.52;15,52 €;288
3391;87096;PUNTAS PAPEL TF ADAPTIVE;Kerr;ENDODONCIA;Pequeñas SM3 rojas;Caja de 100 uds. Caja 50 puntas.;15.52;15,52 €;288
3392;87097;PUNTAS PAPEL TF ADAPTIVE;Kerr;ENDODONCIA;Grandes ML1 verde;Caja de 100 uds. Caja 50 puntas.;15.52;15,52 €;288
3393;87098;PUNTAS PAPEL TF ADAPTIVE;Kerr;ENDODONCIA;Grandes ML2 amarillas;Caja de 100 uds. Caja 50 puntas.;15.52;15,52 €;288
3394;87099;PUNTAS PAPEL TF ADAPTIVE;Kerr;ENDODONCIA;Grandes ML3 rojas;Caja de 100 uds. Caja 50 puntas.;15.52;15,52 €;288
3395;87103;PUNTAS PAPEL TF ADAPTIVE;Kerr;ENDODONCIA;Surtidas grandes ML1 ML2 ML3;Caja de 100 uds. Caja 50 puntas.;15.52;15,52 €;288
3396;87104;PUNTAS PAPEL TF ADAPTIVE;Kerr;ENDODONCIA;Surtido pequeñas SM2-SM3;Caja de 100 uds. Caja 50 puntas.;15.52;15,52 €;288
3397;96958;GUTTAPERCHA TF;Kerr;ENDODONCIA;25/.06;Pack de 50 uds.;59.53;59,53 €;288
3398;96959;GUTTAPERCHA TF;Kerr;ENDODONCIA;25/.04;Pack de 50 uds.;59.53;59,53 €;288
3399;96987;GUTTAPERCHA TF;Kerr;ENDODONCIA;25/.08;Pack de 50 uds.;26.79;26,79 €;288
3400;96988;GUTTAPERCHA TF;Kerr;ENDODONCIA;25/.10;Pack de 50 uds.;26.79;26,79 €;288
3401;96990;GUTTAPERCHA TF;Kerr;ENDODONCIA;Surtido .04/ .12;Pack de 50 uds.;26.79;26,79 €;288
3402;98005;BUCHANAN HEAT PLUGGERS;Kerr;ENDODONCIA;Fino/Medio 08;1 ud.;122.86;122,86 €;289
3403;98008;BUCHANAN HEAT PLUGGERS;Kerr;ENDODONCIA;Medio 10;1 ud.;122.86;122,86 €;289
3404;98009;BUCHANAN HEAT PLUGGERS;Kerr;ENDODONCIA;Fino 06;1 ud.;122.86;122,86 €;289
3405;98053;BUCHANAN HEAT PLUGGERS;Kerr;ENDODONCIA;Extra fino 04;1 ud.;95.16;95,16 €;289
3406;98082;GUTTAPERCHA;Kerr;ENDODONCIA;23GA;;95.16;95,16 €;289
3407;98083;GUTTAPERCHA;Kerr;ENDODONCIA;25GA;;95.16;95,16 €;289
3408;98084;GUTTAPERCHA;Kerr;ENDODONCIA;23GA;;95.16;95,16 €;289
3409;100415;GUTTAPERCHA TAPER F1-F5;Bestdent;ENDODONCIA;F1;60 unidades;12.18;12,18 €;290
3410;100416;GUTTAPERCHA TAPER F1-F5;Bestdent;ENDODONCIA;F2;60 unidades;12.18;12,18 €;290
3411;100417;GUTTAPERCHA TAPER F1-F5;Bestdent;ENDODONCIA;F3;60 unidades;12.18;12,18 €;290
3412;100418;GUTTAPERCHA TAPER F1-F5;Bestdent;ENDODONCIA;Surtido F1-F2-F3;60 unidades;12.18;12,18 €;290
3413;100419;GUTTAPERCHA TAPER F1-F5;Bestdent;ENDODONCIA;Surtido F4-F5;60 unidades;12.18;12,18 €;290
3414;87920;LIMAS PLURI TAPER;Bestdent;ENDODONCIA;Limas D1 (16 mm.);6 unidades;34.95;34,95 €;290
3415;87921;LIMAS PLURI TAPER;Bestdent;ENDODONCIA;Limas D2 (18 mm.);6 unidades;34.95;34,95 €;290
3416;87922;LIMAS PLURI TAPER;Bestdent;ENDODONCIA;Limas D3 (22 mm.);6 unidades;34.95;34,95 €;290
3417;87923;LIMAS PLURI TAPER;Bestdent;ENDODONCIA;Surtido 6 uds.;6 unidades;34.95;34,95 €;290
3418;100459;LIMAS PLURI TAPER X;Bestdent;ENDODONCIA;;Ref. Ref. Ref. Ref. Ref.;12.65;12,65 €;291
3419;100460;LIMAS PLURI TAPER X;Bestdent;ENDODONCIA;;Ref. Ref. Ref. Ref. Ref.;12.65;12,65 €;291
3420;100461;LIMAS PLURI TAPER X;Bestdent;ENDODONCIA;;Ref. Ref. Ref. Ref. Ref.;12.65;12,65 €;291
3421;100462;LIMAS PLURI TAPER X;Bestdent;ENDODONCIA;;Ref. Ref. Ref. Ref. Ref.;12.65;12,65 €;291
3422;100463;LIMAS PLURI TAPER X;Bestdent;ENDODONCIA;;Ref. Ref. Ref. Ref. Ref.;12.65;12,65 €;291
3423;100464;PUNTAS DE GUTTAPERCHA REC;Bestdent;ENDODONCIA;R25;60 unidades. 88397;16.06;16,06 €;292
3424;100465;PUNTAS DE GUTTAPERCHA REC;Bestdent;ENDODONCIA;;60 unidades. 88397;16.06;16,06 €;292
3425;100466;PUNTAS DE GUTTAPERCHA REC;Bestdent;ENDODONCIA;R50;60 unidades. 88397;59.06;59,06 €;292
3426;100467;PUNTAS DE GUTTAPERCHA REC;Bestdent;ENDODONCIA;Surtido;60 unidades. 88397;16.06;16,06 €;292
3427;100468;PUNTAS DE PAPEL REC;Bestdent;ENDODONCIA;R25;100 unidades.;12.36;12,36 €;293
3428;100469;PUNTAS DE PAPEL REC;Bestdent;ENDODONCIA;R40;100 unidades.;12.36;12,36 €;293
3429;100470;PUNTAS DE PAPEL REC;Bestdent;ENDODONCIA;R50;100 unidades.;12.36;12,36 €;293
3430;100471;PUNTAS DE PAPEL REC;Bestdent;ENDODONCIA;Surtido;100 unidades.;12.36;12,36 €;293
3431;88447;LIMAS BEST GLIDER;Bestdent;ENDODONCIA;25 mm;4 unidaades;55.31;55,31 €;293
3432;88448;LIMAS BEST GLIDER;Bestdent;ENDODONCIA;21 mm;4 unidaades;55.31;55,31 €;293
3433;88450;LIMAS BEST GLIDER;Bestdent;ENDODONCIA;31 mm;4 unidaades;55.31;55,31 €;293
3434;81007;GATES Y PEESO;Bestdent;ENDODONCIA;Gates Nº 1;Caja de 6 uds. 32 mm de largo.;22.48;22,48 €;296
3435;81008;GATES Y PEESO;Bestdent;ENDODONCIA;Gates Nº 2;Caja de 6 uds. 32 mm de largo.;22.48;22,48 €;296
3436;81009;GATES Y PEESO;Bestdent;ENDODONCIA;Gates Nº 3;Caja de 6 uds. 32 mm de largo.;22.48;22,48 €;296
3437;81010;GATES Y PEESO;Bestdent;ENDODONCIA;Gates Nº 4;Caja de 6 uds. 32 mm de largo.;22.48;22,48 €;296
3438;81011;GATES Y PEESO;Bestdent;ENDODONCIA;Gates Nº 5;Caja de 6 uds. 32 mm de largo.;22.48;22,48 €;296
3439;81012;GATES Y PEESO;Bestdent;ENDODONCIA;Gates Nº 6;Caja de 6 uds. 32 mm de largo.;22.48;22,48 €;296
3440;81013;GATES Y PEESO;Bestdent;ENDODONCIA;Peeso Nº 1;Caja de 6 uds. 32 mm de largo.;22.95;22,95 €;296
3441;81014;GATES Y PEESO;Bestdent;ENDODONCIA;Peeso Nº 2;Caja de 6 uds. 32 mm de largo.;22.95;22,95 €;296
3442;81015;GATES Y PEESO;Bestdent;ENDODONCIA;Peeso Nº 3;Caja de 6 uds. 32 mm de largo.;22.95;22,95 €;296
3443;81016;GATES Y PEESO;Bestdent;ENDODONCIA;Peeso Nº 4;Caja de 6 uds. 32 mm de largo.;22.95;22,95 €;296
3444;81017;GATES Y PEESO;Bestdent;ENDODONCIA;Peeso Nº 5;Caja de 6 uds. 32 mm de largo.;22.95;22,95 €;296
3445;81018;GATES Y PEESO;Bestdent;ENDODONCIA;Peeso Nº 6;Caja de 6 uds. 32 mm de largo.;22.95;22,95 €;296
3446;100434;GUTTAPERCHA NO ESTANDARIZADA PIRATA;Bestdent;ENDODONCIA;XF;100 unidades;12.2;12,20 €;297
3447;100435;GUTTAPERCHA NO ESTANDARIZADA PIRATA;Bestdent;ENDODONCIA;F;100 unidades;12.2;12,20 €;297
3448;100436;GUTTAPERCHA NO ESTANDARIZADA PIRATA;Bestdent;ENDODONCIA;M;100 unidades;12.2;12,20 €;297
3449;101470;LIMAS MICROMEGA ONE;Micro-Mega;ENDODONCIA;25 mm N.20;Caja de 5 uds.;66.33;66,33 €;298
3450;101471;LIMAS MICROMEGA ONE;Micro-Mega;ENDODONCIA;25 mm N.25;Caja de 5 uds.;66.33;66,33 €;298
3451;101472;LIMAS MICROMEGA ONE;Micro-Mega;ENDODONCIA;25 mm N.30;Caja de 5 uds.;66.33;66,33 €;298
3452;101473;LIMAS MICROMEGA ONE;Micro-Mega;ENDODONCIA;25 mm N.20;Caja de 5 uds.;66.33;66,33 €;298
3453;101474;LIMAS MICROMEGA ONE;Micro-Mega;ENDODONCIA;25 mm N.25;Caja de 5 uds.;66.33;66,33 €;298
3454;101475;LIMAS MICROMEGA ONE;Micro-Mega;ENDODONCIA;25 mm N.30;Caja de 5 uds.;66.33;66,33 €;298
3455;101476;LIMAS MICROMEGA ONE;Micro-Mega;ENDODONCIA;25 mm N.20;Caja de 5 uds.;66.33;66,33 €;298
3456;101477;LIMAS MICROMEGA ONE;Micro-Mega;ENDODONCIA;25 mm N.25;Caja de 5 uds.;66.33;66,33 €;298
3457;101478;LIMAS MICROMEGA ONE;Micro-Mega;ENDODONCIA;25 mm N.30;Caja de 5 uds.;66.33;66,33 €;298
3458;101479;LIMAS MICROMEGA ONE;Micro-Mega;ENDODONCIA;25 mm N.20;Caja de 5 uds.;66.33;66,33 €;298
3459;101480;LIMAS MICROMEGA ONE;Micro-Mega;ENDODONCIA;25 mm N.25;Caja de 5 uds.;66.33;66,33 €;298
3460;101481;LIMAS MICROMEGA ONE;Micro-Mega;ENDODONCIA;25 mm N.30;Caja de 5 uds.;66.33;66,33 €;298
3461;101482;LIMAS MICROMEGA ONE;Micro-Mega;ENDODONCIA;25 mm N.25;Caja de 5 uds.;66.33;66,33 €;298
3462;101483;LIMAS MICROMEGA ONE;Micro-Mega;ENDODONCIA;25 mm N.30;Caja de 5 uds.;66.33;66,33 €;298
3463;101484;LIMAS MICROMEGA ONE;Micro-Mega;ENDODONCIA;25 mm N.20;Caja de 5 uds.;66.33;66,33 €;298
3464;101485;LIMAS MICROMEGA ONE;Micro-Mega;ENDODONCIA;25 mm N.25;Caja de 5 uds.;66.33;66,33 €;298
3465;101486;LIMAS MICROMEGA ONE;Micro-Mega;ENDODONCIA;25 mm N.30;Caja de 5 uds.;66.33;66,33 €;298
3466;101487;LIMAS MICROMEGA ONE;Micro-Mega;ENDODONCIA;25 mm N.20;Caja de 5 uds.;66.33;66,33 €;298
3467;19080;LIMAS B5 ONE;Micro-Mega;ENDODONCIA;;;16.48;16,48 €;298
3468;19081;LIMAS B5 ONE;Micro-Mega;ENDODONCIA;;;16.48;16,48 €;298
3469;19082;LIMAS MICROMEGA ONE;Micro-Mega;ENDODONCIA;;;16.48;16,48 €;298
3470;19083;LIMAS MICROMEGA ONE;Micro-Mega;ENDODONCIA;;Caja de 5 uds.;16.48;16,48 €;298
3471;19084;LIMAS MICROMEGA ONE;Micro-Mega;ENDODONCIA;;Caja de 5 uds.;16.48;16,48 €;298
3472;19085;LIMAS MICROMEGA ONE;Micro-Mega;ENDODONCIA;;Caja de 5 uds.;66.33;66,33 €;298
3473;19086;LIMAS MICROMEGA ONE;Micro-Mega;ENDODONCIA;;Caja de 5 uds.;66.33;66,33 €;298
3474;19087;LIMAS MICROMEGA ONE;Micro-Mega;ENDODONCIA;;Caja de 5 uds.;66.33;66,33 €;298
3475;19088;LIMAS MICROMEGA ONE;Micro-Mega;ENDODONCIA;;Caja de 5 uds.;66.33;66,33 €;298
3476;196541;LIMAS B5 ONE;Micro-Mega;ENDODONCIA;N.25 6%;;66.11;66,11 €;298
3477;196551;LIMAS B5 ONE;Micro-Mega;ENDODONCIA;N.25 6%;;66.11;66,11 €;298
3478;196561;LIMAS B5 ONE;Micro-Mega;ENDODONCIA;N.25 6%;;66.11;66,11 €;298
3479;19089;LÉNTULO SENSIPAST 25MM;F.K.G.;ENDODONCIA;N.25;4 uds.;18.86;18,86 €;299
3480;19090;LÉNTULO SENSIPAST 25MM;F.K.G.;ENDODONCIA;N.30;4 uds.;18.86;18,86 €;299
3481;19091;LÉNTULO SENSIPAST 25MM;F.K.G.;ENDODONCIA;N.25-40;4 uds.;18.86;18,86 €;299
3482;19101;PUNTAS DE GUTTAPERCHA;F.K.G;ENDODONCIA;N.15;120 uds. Conicidad;11.11;11,11 €;299
3483;19102;PUNTAS DE GUTTAPERCHA;F.K.G;ENDODONCIA;N.20;120 uds. Conicidad;11.11;11,11 €;299
3484;19103;PUNTAS DE GUTTAPERCHA;F.K.G;ENDODONCIA;N.25;120 uds. Conicidad;11.11;11,11 €;299
3485;19104;PUNTAS DE GUTTAPERCHA;F.K.G;ENDODONCIA;N.30;120 uds. Conicidad;11.11;11,11 €;299
3486;19105;PUNTAS DE GUTTAPERCHA;F.K.G;ENDODONCIA;N.35;120 uds. Conicidad;11.11;11,11 €;299
3487;19106;PUNTAS DE GUTTAPERCHA;F.K.G;ENDODONCIA;N.40;120 uds. Conicidad;11.11;11,11 €;299
3488;19107;PUNTAS DE GUTTAPERCHA;F.K.G;ENDODONCIA;N.15-40;120 uds. Conicidad;11.11;11,11 €;299
3489;19108;PUNTAS DE GUTTAPERCHA;F.K.G;ENDODONCIA;N.45-80;120 uds. Conicidad;11.11;11,11 €;299
3490;19109;PUNTAS DE GUTTAPERCHA;F.K.G;ENDODONCIA;N.15;60 uds. Conicidad;17.49;17,49 €;299
3491;19110;PUNTAS DE GUTTAPERCHA;F.K.G;ENDODONCIA;N.20;60 uds. Conicidad;17.49;17,49 €;299
3492;19111;PUNTAS DE GUTTAPERCHA;F.K.G;ENDODONCIA;N.25;60 uds. Conicidad;17.49;17,49 €;299
3493;19112;PUNTAS DE GUTTAPERCHA;F.K.G;ENDODONCIA;N.30;60 uds. Conicidad;61.22;61,22 €;299
3494;19113;PUNTAS DE GUTTAPERCHA;F.K.G;ENDODONCIA;N.35;60 uds. Conicidad;17.49;17,49 €;299
3495;19114;PUNTAS DE GUTTAPERCHA;F.K.G;ENDODONCIA;N.40;60 uds. Conicidad;17.49;17,49 €;299
3496;19115;PUNTAS DE GUTTAPERCHA;F.K.G;ENDODONCIA;N.15-40;60 uds. Conicidad;17.49;17,49 €;299
3497;19116;PUNTAS DE PAPEL;F.K.G;ENDODONCIA;2% N.15;200 uds.;38.99;38,99 €;299
3498;19117;PUNTAS DE PAPEL;F.K.G;ENDODONCIA;2% N.20;200 uds.;38.99;38,99 €;299
3499;19118;PUNTAS DE PAPEL;F.K.G;ENDODONCIA;2% N.25;200 uds.;38.99;38,99 €;299
3500;19119;PUNTAS DE PAPEL;F.K.G;ENDODONCIA;2% N.30;200 uds.;38.99;38,99 €;299
3501;19120;PUNTAS DE PAPEL;F.K.G;ENDODONCIA;2% N.35;200 uds.;38.99;38,99 €;299
3502;19121;PUNTAS DE PAPEL;F.K.G;ENDODONCIA;2% N.40;200 uds.;38.99;38,99 €;299
3503;19122;PUNTAS DE PAPEL;F.K.G;ENDODONCIA;2% N.15-40;200 uds.;18.86;18,86 €;299
3504;19123;PUNTAS DE PAPEL;F.K.G;ENDODONCIA;2% N.45-80;200 uds.;18.86;18,86 €;299
3505;19124;PUNTAS DE PAPEL;F.K.G;ENDODONCIA;4% N.15;200 uds.;18.86;18,86 €;299
3506;19125;PUNTAS DE PAPEL;F.K.G;ENDODONCIA;4% N.20;200 uds.;18.86;18,86 €;299
3507;19126;PUNTAS DE PAPEL;F.K.G;ENDODONCIA;4% N.25;200 uds.;39.39;39,39 €;299
3508;19127;PUNTAS DE PAPEL;F.K.G;ENDODONCIA;4% N.30;200 uds.;39.39;39,39 €;299
3509;19128;PUNTAS DE PAPEL;F.K.G;ENDODONCIA;4% N.35;200 uds.;39.39;39,39 €;299
3510;19129;PUNTAS DE PAPEL;F.K.G;ENDODONCIA;4% N.40;200 uds.;39.39;39,39 €;299
3511;19130;PUNTAS DE PAPEL;F.K.G;ENDODONCIA;4% N.15-40;200 uds.;39.39;39,39 €;299
3512;19134;TOTALFILL BC PUNTAS DE GUTTAPERCHA;F.K.G;ENDODONCIA;Pellets guttapercha 100 uds.;100 uds.;99.91;99,91 €;299
3513;19139;TOTALFILL BC PUNTAS DE GUTTAPERCHA;F.K.G;ENDODONCIA;N.25;120 uds. Conicidad .02;39.33;39,33 €;299
3514;19140;TOTALFILL BC PUNTAS DE GUTTAPERCHA;F.K.G;ENDODONCIA;;120 uds. Conicidad .02;39.33;39,33 €;299
3515;19141;TOTALFILL BC PUNTAS DE GUTTAPERCHA;F.K.G;ENDODONCIA;N.35;120 uds. Conicidad .02;39.33;39,33 €;299
3516;19142;TOTALFILL BC PUNTAS DE GUTTAPERCHA;F.K.G;ENDODONCIA;N.40;60 uds. Conicidad .04;11.11;11,11 €;299
3517;19143;TOTALFILL BC PUNTAS DE GUTTAPERCHA;F.K.G;ENDODONCIA;N.15;60 uds. Conicidad .04;11.11;11,11 €;299
3518;19144;TOTALFILL BC PUNTAS DE GUTTAPERCHA;F.K.G;ENDODONCIA;N.20;60 uds. Conicidad .04;11.11;11,11 €;299
3519;19145;TOTALFILL BC PUNTAS DE GUTTAPERCHA;F.K.G;ENDODONCIA;N.25;60 uds. Conicidad .04;39.33;39,33 €;299
3520;19146;TOTALFILL BC PUNTAS DE GUTTAPERCHA;F.K.G;ENDODONCIA;N.30;100 uds.;39.33;39,33 €;299
3521;19147;TOTALFILL BC PUNTAS DE GUTTAPERCHA;F.K.G;ENDODONCIA;HiFlow N.15;60 uds. Conicidad .04;39.33;39,33 €;299
3522;19148;TOTALFILL BC PUNTAS DE GUTTAPERCHA;F.K.G;ENDODONCIA;HiFlow N.20;60 uds. Conicidad .04;39.33;39,33 €;299
3523;19149;TOTALFILL BC PUNTAS DE GUTTAPERCHA;F.K.G;ENDODONCIA;HiFlow N.25;60 uds. Conicidad .04;17.49;17,49 €;299
3524;19150;TOTALFILL BC PUNTAS DE GUTTAPERCHA;F.K.G;ENDODONCIA;HiFlow N.30;60 uds. Conicidad .04;17.49;17,49 €;299
3525;19151;TOTALFILL BC PUNTAS DE GUTTAPERCHA;F.K.G;ENDODONCIA;HiFlow N.35;60 uds. Conicidad .04;17.49;17,49 €;299
3526;19152;TOTALFILL BC PUNTAS DE GUTTAPERCHA;F.K.G;ENDODONCIA;HiFlow N.40;60 uds. Conicidad .04;39.33;39,33 €;299
3527;19213;IRACE;F.K.G.;ENDODONCIA;Secuencia iRace 25 MM.;Estériles;49.52;49,52 €;299
3528;19214;IRACE;F.K.G.;ENDODONCIA;Secuencia iRace Plus 25 MM.;Estériles;17.49;17,49 €;299
3529;19235;LÉNTULO SENSIPAST 25MM;F.K.G.;ENDODONCIA;N.35;4 uds.;18.86;18,86 €;299
3530;19236;LÉNTULO SENSIPAST 25MM;F.K.G.;ENDODONCIA;N.40;4 uds.;18.86;18,86 €;299
3531;19092;GATES 140 19 MM;F.K.G;ENDODONCIA;N.1;6 uds.;38.41;38,41 €;300
3532;19093;GATES 140 19 MM;F.K.G;ENDODONCIA;N.2;6 uds.;38.41;38,41 €;300
3533;19094;GATES 140 19 MM;F.K.G;ENDODONCIA;N.3;6 uds.;38.41;38,41 €;300
3534;19095;GATES 140 19 MM;F.K.G;ENDODONCIA;N.4;6 uds.;38.41;38,41 €;300
3535;19096;GATES 140 19 MM;F.K.G;ENDODONCIA;N.5;6 uds.;38.41;38,41 €;300
3536;19097;GATES 140 19 MM;F.K.G;ENDODONCIA;N.6;6 uds.;38.41;38,41 €;300
3537;19098;GATES 140 19 MM;F.K.G;ENDODONCIA;N.1-6 Surtido;6 uds.;38.41;38,41 €;300
3538;19153;RACE;F.K.G;ENDODONCIA;21 mm N.6;6 uds. Blíster estéril;17.38;17,38 €;300
3539;19154;RACE;F.K.G;ENDODONCIA;21 mm N.8;6 uds. Blíster estéril;17.38;17,38 €;300
3540;19155;RACE;F.K.G;ENDODONCIA;21 mm N.10;6 uds. Blíster estéril;17.38;17,38 €;300
3541;19156;RACE;F.K.G;ENDODONCIA;21 mm N.15;6 uds. Blíster estéril;17.38;17,38 €;300
3542;19157;RACE;F.K.G;ENDODONCIA;21 mm N.20;6 uds. Blíster estéril;17.38;17,38 €;300
3543;19158;RACE;F.K.G;ENDODONCIA;21 mm N.25;6 uds. Blíster estéril;17.38;17,38 €;300
3544;19159;RACE;F.K.G;ENDODONCIA;21 mm N.30;6 uds. Blíster estéril;17.38;17,38 €;300
3545;19160;RACE;F.K.G;ENDODONCIA;25 mm N.6;6 uds. Blíster estéril;38.41;38,41 €;300
3546;19161;RACE;F.K.G;ENDODONCIA;25 mm N.8;6 uds. Blíster estéril;38.41;38,41 €;300
3547;19162;RACE;F.K.G;ENDODONCIA;25 mm N.10;6 uds. Blíster estéril;38.41;38,41 €;300
3548;19163;RACE;F.K.G;ENDODONCIA;25 mm N.15;6 uds. Blíster estéril;38.41;38,41 €;300
3549;19164;RACE;F.K.G;ENDODONCIA;25 mm N.20;6 uds. Blíster estéril;38.41;38,41 €;300
3550;19165;RACE;F.K.G;ENDODONCIA;25 mm N.25;6 uds. Blíster estéril;38.41;38,41 €;300
3551;19166;RACE;F.K.G;ENDODONCIA;25 mm N.30;6 uds. Blíster estéril;38.41;38,41 €;300
3552;19167;SCOUT RACE;F.K.G;ENDODONCIA;31 MM N.6;6 uds. Blíster estéril;17.38;17,38 €;300
3553;19168;SCOUT RACE;F.K.G;ENDODONCIA;31 mm N.8;6 uds. Blíster estéril;17.38;17,38 €;300
3554;19169;SCOUT RACE;F.K.G;ENDODONCIA;31 mm N.10;6 uds. Blíster estéril;17.38;17,38 €;300
3555;19170;SCOUT RACE;F.K.G;ENDODONCIA;31 mm N.15;6 uds. Blíster estéril;17.38;17,38 €;300
3556;19171;SCOUT RACE;F.K.G;ENDODONCIA;31 mm N.20;6 uds. Blíster estéril;17.38;17,38 €;300
3557;19172;SCOUT RACE;F.K.G;ENDODONCIA;31 mm N.25;6 uds. Blíster estéril;17.38;17,38 €;300
3558;19173;SCOUT RACE;F.K.G;ENDODONCIA;31 mm N.30;6 uds. Blíster estéril;17.38;17,38 €;300
3559;19174;SCOUT RACE;F.K.G;ENDODONCIA;21 mm N.15-40;6 uds. Blíster estéril;17.38;17,38 €;300
3560;19175;SCOUT RACE;F.K.G;ENDODONCIA;25 mm N.15-40;6 uds. Blíster estéril;17.38;17,38 €;300
3561;19176;SCOUT RACE;F.K.G;ENDODONCIA;31 mm N.15-40;6 uds. Blíster estéril;17.38;17,38 €;300
3562;19177;RACE;F.K.G;ENDODONCIA;21 mm N.20;6 uds. Blíster estéril.;84.15;84,15 €;300
3563;19178;RACE;F.K.G;ENDODONCIA;21 mm N.25;6 uds. Blíster estéril.;91.89;91,89 €;300
3564;19179;RACE;F.K.G;ENDODONCIA;25 mm N.10;6 uds. Blíster estéril.;82.62;82,62 €;300
3565;19180;RACE;F.K.G;ENDODONCIA;25 mm N.15;6 uds. Blíster estéril.;84.15;84,15 €;300
3566;19181;RACE;F.K.G;ENDODONCIA;25 mm N.20;6 uds. Blíster estéril.;84.15;84,15 €;300
3567;19182;RACE;F.K.G;ENDODONCIA;25 mm N.25;6 uds. Blíster estéril.;91.89;91,89 €;300
3568;19183;RACE;F.K.G;ENDODONCIA;25 mm N.30;6 uds. Blíster estéril.;91.89;91,89 €;300
3569;19184;RACE;F.K.G;ENDODONCIA;25 mm N.35;6 uds. Blíster estéril.;91.89;91,89 €;300
3570;19185;RACE;F.K.G;ENDODONCIA;25 mm N.40;6 uds. Blíster estéril.;91.89;91,89 €;300
3571;19186;RACE;F.K.G;ENDODONCIA;25 mm N.45;6 uds. Blíster estéril.;91.89;91,89 €;300
3572;19187;RACE;F.K.G;ENDODONCIA;25 mm N.50;6 uds. Blíster estéril.;91.89;91,89 €;300
3573;19188;RACE;F.K.G;ENDODONCIA;25 mm N.55;6 uds. Blíster estéril.;91.89;91,89 €;300
3574;19189;RACE;F.K.G;ENDODONCIA;25 mm N.60;6 uds. Blíster estéril.;91.89;91,89 €;300
3575;19190;RACE;F.K.G;ENDODONCIA;31 mm N.20;6 uds. Blíster estéril.;84.15;84,15 €;300
3576;19191;RACE;F.K.G;ENDODONCIA;31 mm N.25;6 uds. Blíster estéril.;91.89;91,89 €;300
3577;19192;Race 704 4%;;ENDODONCIA;21 mm N.25;;93.51;93,51 €;300
3578;19193;Race 704 4%;;ENDODONCIA;21 mm N.30;;93.51;93,51 €;300
3579;19194;RACE;F.K.G;ENDODONCIA;25 mm N.10;;85.63;85,63 €;300
3580;19195;RACE;F.K.G;ENDODONCIA;25 mm N.15;;93.51;93,51 €;300
3581;19196;RACE;F.K.G;ENDODONCIA;25 mm N.20;6 uds. Blíster estéril.;93.51;93,51 €;300
3582;19197;RACE;F.K.G;ENDODONCIA;25 mm N.25;6 uds. Blíster estéril.;93.51;93,51 €;300
3583;19198;RACE;F.K.G;ENDODONCIA;25 mm N.30;6 uds. Blíster estéril.;93.51;93,51 €;300
3584;19199;RACE;F.K.G;ENDODONCIA;25 mm N.35;6 uds. Blíster estéril.;93.51;93,51 €;300
3585;19200;RACE;F.K.G;ENDODONCIA;25 mm N.40;6 uds. Blíster estéril.;93.51;93,51 €;300
3586;19201;RACE;F.K.G;ENDODONCIA;25 mm N.50;6 uds. Blíster estéril.;93.51;93,51 €;300
3587;19202;RACE;F.K.G;ENDODONCIA;31 mm N.25;6 uds. Blíster estéril.;93.51;93,51 €;300
3588;19203;RACE;F.K.G;ENDODONCIA;31 mm N.30;6 uds. Blíster estéril.;93.51;93,51 €;300
3589;19204;RACE;F.K.G;ENDODONCIA;21 mm N.15;6 uds. Blíster estéril.;91.89;91,89 €;300
3590;19205;RACE;F.K.G;ENDODONCIA;25 mm N.10;6 uds. Blíster estéril.;91.89;91,89 €;300
3591;19206;RACE;F.K.G;ENDODONCIA;25 mm N.15;6 uds. Blíster estéril.;91.89;91,89 €;300
3592;19207;SCOUT RACE;F.K.G;ENDODONCIA;25 mm N.20;;91.89;91,89 €;300
3593;19208;SCOUT RACE;F.K.G;ENDODONCIA;25 mm N.25;6 uds. Blíster estéril;91.89;91,89 €;300
3594;19209;SCOUT RACE;F.K.G;ENDODONCIA;25 mm N.30;6 uds. Blíster estéril;91.89;91,89 €;300
3595;19210;SCOUT RACE;F.K.G;ENDODONCIA;25 mm N.40;6 uds. Blíster estéril;91.89;91,89 €;300
3596;19211;SCOUT RACE;F.K.G;ENDODONCIA;31 mm N.15;6 uds. Blíster estéril;84.15;84,15 €;300
3597;19212;SCOUT RACE;F.K.G;ENDODONCIA;25 mm N.35;6 uds. Blíster estéril;91.89;91,89 €;300
3598;19216;SCOUT RACE;F.K.G;ENDODONCIA;2 unidades x N.10;6 uds. Blíster estéril;99.27;99,27 €;300
3599;12380;RACE EVO;F.K.G.;ENDODONCIA;21 mm.;Secuencia 3 limas (15/.04;40.12;40,12 €;301
3600;12381;RACE EVO;F.K.G.;ENDODONCIA;25 mm.;Secuencia 3 limas (15/.04;40.12;40,12 €;301
3601;12382;RACE EVO;F.K.G.;ENDODONCIA;31 mm.;Secuencia 3 limas (15/.04;40.12;40,12 €;301
3602;12383;RACE EVO;F.K.G.;ENDODONCIA;21 mm.;Secuencia 3 limas (15/.04;58.97;58,97 €;301
3603;12384;RACE EVO;F.K.G.;ENDODONCIA;25 mm.;Secuencia 3 limas (15/.04;40.12;40,12 €;301
3604;12385;RACE EVO;F.K.G.;ENDODONCIA;31 mm.;Secuencia 3 limas (15/.04;40.12;40,12 €;301
3605;12386;RACE EVO;F.K.G.;ENDODONCIA;nº15;6 unidades. Conicidad;58.97;58,97 €;301
3606;12387;RACE EVO;F.K.G.;ENDODONCIA;nº25;6 unidades. Conicidad;58.97;58,97 €;301
3607;12388;RACE EVO;F.K.G.;ENDODONCIA;nº30;6 unidades. Conicidad;80.24;80,24 €;301
3608;12389;RACE EVO;F.K.G.;ENDODONCIA;nº40;6 unidades. Conicidad;80.24;80,24 €;301
3609;12390;R-MOTION GLIDER;F.K.G.;ENDODONCIA;N.15/.03 – 25 mm.;3 unidades.;58.97;58,97 €;301
3610;12391;R-MOTION;F.K.G.;ENDODONCIA;N.25/.06 – 25 mm.;3 unidades.;58.97;58,97 €;301
3611;12392;R-MOTION;F.K.G.;ENDODONCIA;N.30/.04 – 25 mm.;3 unidades.;58.97;58,97 €;301
3612;12393;R-MOTION;F.K.G.;ENDODONCIA;N.40/.04 – 25 mm.;3 unidades.;58.97;58,97 €;301
3613;19215;D-RACE NI-TI RETRATAMIENTO;F.K.G;ENDODONCIA;;2 uds. x DR1 + 2 uds. x DR2. Estériles;55.52;55,52 €;301
3614;19217;XP-ENDO;F.K.G.;ENDODONCIA;Finisher N.25 25 mm;3 uds. Blíster estéril;88.58;88,58 €;301
3615;19218;XP-ENDO;F.K.G.;ENDODONCIA;Finisher N.25 21 mm;3 uds. Blíster estéril;88.58;88,58 €;301
3616;19219;XP-ENDO;F.K.G.;ENDODONCIA;Finisher N.25 31 mm;3 uds. Blíster estéril;88.58;88,58 €;301
3617;19220;XP-ENDO;F.K.G.;ENDODONCIA;Finisher R N.30 25 mm;3 uds. Blíster estéril;89.76;89,76 €;301
3618;19221;XP-ENDO;F.K.G.;ENDODONCIA;Finisher R N.30 21 mm;3 uds. Blíster estéril;89.76;89,76 €;301
3619;19222;XP-ENDO;F.K.G.;ENDODONCIA;Finisher R N.30 31 mm;3 uds. Blíster estéril;89.76;89,76 €;301
3620;19223;XP-ENDO;F.K.G.;ENDODONCIA;;Blíster estéril;236.07;236,07 €;301
3621;19224;D-RACE NI-TI RETRATAMIENTO;F.K.G;ENDODONCIA;;;236.07;236,07 €;301
3622;19226;D-RACE NI-TI RETRATAMIENTO;F.K.G;ENDODONCIA;;;123.34;123,34 €;301
3623;19227;D-RACE NI-TI RETRATAMIENTO;F.K.G;ENDODONCIA;Shaper N.30 25 mm 3 uds.;2 uds. x DR1 + 2 uds. x DR2. Estériles;77.54;77,54 €;301
3624;19228;D-RACE NI-TI RETRATAMIENTO;F.K.G;ENDODONCIA;Shaper N.30 31 mm 3 uds.;2 uds. x DR1 + 2 uds. x DR2. Estériles;77.54;77,54 €;301
3625;19229;XP-ENDO;F.K.G.;ENDODONCIA;Shaper secuencia 21 mm. 6 uds.;Blíster estéril;84.14;84,14 €;301
3626;19230;XP-ENDO;F.K.G.;ENDODONCIA;Shaper secuencia 25 mm. 6 uds.;Blíster estéril;88.58;88,58 €;301
3627;19231;XP-ENDO;F.K.G.;ENDODONCIA;;Blíster estéril;69.44;69,44 €;301
3628;19232;XP-ENDO;F.K.G.;ENDODONCIA;;Blíster estéril;69.44;69,44 €;301
3629;19233;XP-ENDO;F.K.G.;ENDODONCIA;Secuencia retratamiento 21 mm;3 uds. Blíster estéril;77.54;77,54 €;301
3630;19234;XP-ENDO;F.K.G.;ENDODONCIA;Secuencia retratamiento 25 mm;3 uds. Blíster estéril;77.54;77,54 €;301
3631;38506;HYFLEX EDM;Coltene;ENDODONCIA;;3 unidades (EDM Glidepath 10/.05, 25mm 4%. 25 mm. + EDM OneFile 25/.0~, 25mm + EDM Orifice Opener25/.12,;80.24;80,24 €;301
3632;18115;LIMAS ROTATORIAS DT PEDIÁTRICAS;NIC;ENDODONCIA;DT-Gold .04 surtido;4 unidades;45.93;45,93 €;303
3633;18116;LIMAS ROTATORIAS DT PEDIÁTRICAS;NIC;ENDODONCIA;DT-Gold .06 surtido;4 unidades;45.93;45,93 €;303
3634;18117;LIMAS ROTATORIAS DT PEDIÁTRICAS;NIC;ENDODONCIA;DT-Blue .04 surtido;4 unidades;45.93;45,93 €;303
3635;18118;LIMAS ROTATORIAS DT PEDIÁTRICAS;NIC;ENDODONCIA;DT-Blue .06 surtido;4 unidades;45.93;45,93 €;303
3636;56969;HORNO SOFT CORE;CMS Dental;ENDODONCIA;Horno Soft Core Negro Kit : 1 Horno Soft Core;6 verificadores. Nº Ref. 20 5686V 25 5687V Soft-Core tiene su vástago más fino (30% más que Thermafil), consiguiendo una 30 5688V mayor flexibilidad para introducirse por canales curvados. 35 5689V;273.0;273,00 €;303
3637;2163;PUNTAS GUTTAPERCHA TOP;Roeko;ENDODONCIA;;;54.52;54,52 €;304
3638;25728;PUNTAS DE GUTTAPERCHA;P.D.;ENDODONCIA;N.50;;12.81;12,81 €;304
3639;25729;PUNTAS DE GUTTAPERCHA;P.D.;ENDODONCIA;N.60;;12.81;12,81 €;304
3640;25730;PUNTAS DE GUTTAPERCHA;P.D.;ENDODONCIA;N.80;;12.81;12,81 €;304
3641;25757;PUNTAS DE GUTTAPERCHA;P.D.;ENDODONCIA;N.45;;12.81;12,81 €;304
3642;25758;PUNTAS DE GUTTAPERCHA;P.D.;ENDODONCIA;N.55;;12.81;12,81 €;304
3643;27986;PUNTAS DE GUTTAPERCHA;P.D.;ENDODONCIA;surtido nª15-40 – 120 uds.;Longitud 29 mm.;21.33;21,33 €;304
3644;28001;PUNTAS DE GUTTAPERCHA;P.D.;ENDODONCIA;N.15;;21.33;21,33 €;304
3645;28002;PUNTAS DE GUTTAPERCHA;P.D.;ENDODONCIA;N.20;;21.33;21,33 €;304
3646;28003;PUNTAS DE GUTTAPERCHA;P.D.;ENDODONCIA;N.25;;21.33;21,33 €;304
3647;28004;PUNTAS DE GUTTAPERCHA;P.D.;ENDODONCIA;N.30;;21.33;21,33 €;304
3648;28006;PUNTAS DE GUTTAPERCHA;P.D.;ENDODONCIA;N.40;;21.33;21,33 €;304
3649;28007;PUNTAS DE GUTTAPERCHA;P.D.;ENDODONCIA;Surtido 45-80;;12.81;12,81 €;304
3650;28008;PUNTAS DE GUTTAPERCHA;P.D.;ENDODONCIA;N.35;;21.33;21,33 €;304
3651;28009;PUNTAS DE GUTTAPERCHA;P.D.;ENDODONCIA;Surtido 15-40;;12.81;12,81 €;304
3652;12690;CAJA MINI BOX 2100 PERFORADA;VDW;ENDODONCIA;;1 unidad. Para 24 instrumentos. En plástico esterilizable perforada la base para esterilizac ión efectiva en autoclave. azul.;83.87;83,87 €;305
3653;14970;CAJA SPLIT-KIT;Maillefer;ENDODONCIA;;Con recipiente Con pilas.;64.0;64,00 €;305
3654;2178;CAJA SPLIT-KIT;Maillefer;ENDODONCIA;;Caja para 48 Instrumentos. Aluminio, de color;68.89;68,89 €;305
3655;6354;CAJA MINI ENDO NICHROMINOX;Nichrominox;ENDODONCIA;;Para 60 instrumentos, con 4 recipientes para guttapercha organizadora para instrumentos de y papel. En aluminio. 140 instrumentos distribuidos en los recipiente para pellets y para las puntas;63.5;63,50 €;305
3656;6360;CAJA ENDO MICRO PLUS;Nichrominox;ENDODONCIA;;Para 24 instrumentos, con 2 recipientes y un mini c lean;57.33;57,33 €;305
3657;87400;CAUTERIO HTC;HTC;ENDODONCIA;;Calentamiento instantáneo para cortar simple puntas de guttapercha.;64.0;64,00 €;305
3658;6363;CAJA ENDO TOP PLUS;Nichrominox;ENDODONCIA;;De acero inoxidable Para 32 instrumentos. Para poner en ultrasonidos. Con indicador de;73.58;73,58 €;306
3659;6364;ENDO PRO STERIMETER “8”;Nichrominox;ENDODONCIA;;P ara 8 instrumentos. Para poner en ultrasonidos. Con indicador de silicona de número de esterilizaciones realizadas.;57.42;57,42 €;306
3660;6365;ENDO PRO STERIMETER “12”;Nichrominox;ENDODONCIA;;Para 12 instrumentos. Para poner en Con indicador de esterilizaciones;63.5;63,50 €;306
3661;70006;ENDODONTIC CAJAS CON;Nichrominox;ENDODONCIA;Caja de 16 compartimentos;;64.75;64,75 €;306
3662;70110;ENDODONTIC CAJAS CON;Nichrominox;ENDODONCIA;Caja de 12 compartimentos;;64.75;64,75 €;306
3663;1419;CLEAN-STAND;Maillefer;ENDODONCIA;Redondo.;;15.63;15,63 €;307
3664;31575;CLEAN-STAND GRANDE;Maillefer;ENDODONCIA;Clean-stand grande.;;32.91;32,91 €;307
3665;31580;CLEAN-STAND GRANDE;Maillefer;ENDODONCIA;Esponjas blancas.;;19.75;19,75 €;307
3666;31600;CLEAN-STAND;Maillefer;ENDODONCIA;Esponjas blancas;;29.18;29,18 €;307
3667;41991;ESPONJERO GRANDE;Proclinic;ENDODONCIA;Esponjero endodoncia grande;;29.18;29,18 €;307
3668;49952;ESPONJEROS;Proclinic;ENDODONCIA;Esponjero endodoncia. Verde.;;12.57;12,57 €;307
3669;49953;ESPONJEROS;Proclinic;ENDODONCIA;Esponjero endodoncia. Azul.;;12.57;12,57 €;307
3670;49954;ESPONJAS;Proclinic;ENDODONCIA;Grosor 1 cm. (25 uds.);;19.75;19,75 €;307
3671;49955;ESPONJAS;Proclinic;ENDODONCIA;Grosor 0.5 cm. (50 uds.);;13.06;13,06 €;307
3672;69637;CLEAN-STAND;Maillefer;ENDODONCIA;;;13.06;13,06 €;307
3673;1015;INTERIM-STAND;VDW;ENDODONCIA;;Esterilizable hasta 250;23.33;23,33 €;308
3674;1016;ESPONJAS PARA INTERIM-STAND;VDW;ENDODONCIA;;55 uds . Grosor:;15.1;15,10 €;308
3675;43630;ESPONJAS ENDODONCIA;Bestdent;ENDODONCIA;Esponjas endodoncia blancas.;Grosor de 8 mm.;23.33;23,33 €;308
3676;43631;ESPONJAS ENDODONCIA;Bestdent;ENDODONCIA;Esponjas endodoncia azules.;Grosor de 8 mm.;14.69;14,69 €;308
3677;49956;SET ENDO PARA ENDODONCIA;Proclinic;ENDODONCIA;Set Endo para 16 instrumentos;;58.52;58,52 €;308
3678;49957;SET ENDO PARA ENDODONCIA;Proclinic;ENDODONCIA;Esponjas 4,5 x 4,5 cm . (25 uds.);;22.29;22,29 €;308
3679;69640;ESPONJAS;Larident;ENDODONCIA;;Caja de 25 uds. Grosor: 1 cm. Alta densidad. Ø 5 cm. Blancas.;19.14;19,14 €;308
3680;98494;ESPONJAS OVALES;Larident;ENDODONCIA;;1 x 6,5 cm. (25 uds.);15.1;15,10 €;308
3681;1394;REGLA CALIBRADOR;Dentsply Maillefer;ENDODONCIA;;Regla calibradora de puntas de gutapercha para la calibración de puntas de gutapercha.;56.74;56,74 €;309
3682;1405;MINI ENDO-M-BLOCK;Maillefer;ENDODONCIA;;En plástico autoclavable.;220.59;220,59 €;309
3683;1417;ENDO-M-BLOCK;Maillefer;ENDODONCIA;;De metal.;220.59;220,59 €;309
3684;1418;TOPES CON DISPENSADOR;Maillefer;ENDODONCIA;;200 uds . En caja distribuidora.;75.9;75,90 €;309
3685;7934;REGLA ENDO Q;Dental Market;ENDODONCIA;;C olor aluminio. condiciones.;75.9;75,90 €;309
3686;1017;TOPES CON DISPENSADOR;VDW;ENDODONCIA;;200 uds. En caja;35.6;35,60 €;310
3687;4993;PREPARADOR DE CANALES;Bestdent;ENDODONCIA;Preparador de canales (EDTA);2 jeringas x 3 ml.;17.95;17,95 €;310
3688;49933;PREPARADORA CANALES;Proclinic;ENDODONCIA;;4 x 1,5 gr. + Tips;35.6;35,60 €;310
3689;5533;Q-CREMA (EDTA);Dentaflux;ENDODONCIA;;2 Jeringas de 3 ml. 4 x 1,5 gr. Quelante con peróxido de carbamida.;25.71;25,71 €;310
3690;5536;Q-SOLUCIÓN (EDTA);Dentaflux;ENDODONCIA;;Q uelante 20 ml.;17.95;17,95 €;310
3691;9618;EDTA PLUS;Laboratorios Clarben;ENDODONCIA;;2 jeringas x 3 ml. + 6 puntas;51.3;51,30 €;310
3692;1498;GLYDE FILE PREP;Maillefer;ENDODONCIA;Caja de 2 jeringas x 3 ml.+ 25 puntas.;Gel de EDTA y;77.14;77,14 €;311
3693;1499;GLYDE FILE PREP;Maillefer;ENDODONCIA;Monodosis: 35 uds.;Gel de EDTA y;80.58;80,58 €;311
3694;35511;GLYDE FILE PREP;Maillefer;ENDODONCIA;3 jeringas x 3 ml.;Gel de EDTA y;70.23;70,23 €;311
3695;36987;EDTA ULTRADENT;Ultradent;ENDODONCIA;Amarillas 21 mm. (20 uds.);Lubricante: Reduce las fracturas de limas. Elimina el barrillo dentinario: Mejor adhesión de materiales de obturación. Soluble en agua: Se enjuaga fácilmente del sistema del canal.Cuello de botella con inserto:;44.1;44,10 €;311
3696;5458;MD CLEANSER;Meta Dental;ENDODONCIA;;1 bote x 100 ml.;20.47;20,47 €;311
3697;6391;EDTA ULTRADENT;Ultradent;ENDODONCIA;Jeringa. 30 ml.;;23.3;23,30 €;311
3698;75421;EDTA ULTRADENT;Ultradent;ENDODONCIA;Blanco 17 mm. (20 uds.);Lubricante: Reduce las fracturas de limas. Elimina el barrillo dentinario: Mejor adhesión de materiales de obturación. Soluble en agua: Se enjuaga fácilmente del sistema del canal.Cuello de botella con inserto:;44.1;44,10 €;311
3699;95141;CALASEPT EDTA;Directa;ENDODONCIA;Solución 17%. 100 ml;Lubricante: Reduce las fracturas de limas. Elimina el barrillo dentinario: Mejor adhesión de materiales de obturación. Soluble en agua: Se enjuaga fácilmente del sistema del canal.Cuello de botella con inserto:;85.45;85,45 €;311
3700;98630;EDTA ULTRADENT;Ultradent;ENDODONCIA;Azules 25 mm. (20 uds.);Lubricante: Reduce las fracturas de limas. Elimina el barrillo dentinario: Mejor adhesión de materiales de obturación. Soluble en agua: Se enjuaga fácilmente del sistema del canal.Cuello de botella con inserto:;44.1;44,10 €;311
3701;99961;EDTA ULTRADENT;Ultradent;ENDODONCIA;Verdes 27 mm. (20 uds.);Lubricante: Reduce las fracturas de limas. Elimina el barrillo dentinario: Mejor adhesión de materiales de obturación. Soluble en agua: Se enjuaga fácilmente del sistema del canal.Cuello de botella con inserto:;44.1;44,10 €;311
3702;0937;GUTASOL;Dentaflux;ENDODONCIA;;20 ml.;14.33;14,33 €;312
3703;49788;DESOCCLUSOL ORANGE;Acteon;ENDODONCIA;14 ml.;;41.2;41,20 €;312
3704;5463;EUCALIPTOL;Dentaflux;ENDODONCIA;;20 ml.;14.33;14,33 €;312
3705;63913;SOLUCIÓN ÁCIDO CÍTRICO;Ultradent;ENDODONCIA;Boquillas capilares seca conductos;;17.6;17,60 €;312
3706;98415;SOLUCIÓN ÁCIDO CÍTRICO;Ultradent;ENDODONCIA;Envase 30 ml.;;41.4;41,40 €;312
3707;98958;SOLUCIÓN ÁCIDO CÍTRICO;Ultradent;ENDODONCIA;Endo-Eze boquillas (20 uds.);;15.3;15,30 €;312
3708;38502;CANAL PRO;Coltene;ENDODONCIA;Hipoclorito al 3%. 500 ml;Líquido de irrigación, hipoclorito para la eliminación de;44.11;44,11 €;313
3709;38503;CANAL PRO;Coltene;ENDODONCIA;Hipoclorito al 6%. 500 ml.;Líquido de irrigación, hipoclorito para la eliminación de;44.11;44,11 €;313
3710;38504;CANAL PRO;Coltene;ENDODONCIA;EDTA 17%. 500 ml;Líquido de irrigación EDTA;91.91;91,91 €;313
3711;38526;CLORHEXIDINA 2% CANALPRO;Coltene;ENDODONCIA;500 ml.;250 ml.;70.76;70,76 €;313
3712;5464;HIPOCLORITO SÓDICO 5,25%;Dentaflux;ENDODONCIA;;250 ml.;9.34;9,34 €;313
3713;97290;R4 ULTRA;Septodont;ENDODONCIA;;250 ml.;94.8;94,80 €;313
3714;1910;HYDROL;Septodont;ENDODONCIA;;45 ml.;34.0;34,00 €;314
3715;82010;JERINGAS IRRIGACIÓN CON AGUJA;Dentaflux;ENDODONCIA;27G - 0,4x32mm;100 jeringas de 3 ml + aguja;51.39;51,39 €;314
3716;82011;JERINGAS IRRIGACIÓN CON AGUJA;Dentaflux;ENDODONCIA;30G - 0,3x25mm;100 jeringas de 3 ml + aguja;51.39;51,39 €;314
3717;87831;AGUJAS DE IRRIGACIÓN;Bestdent;ENDODONCIA;27G;100 agujas;60.47;60,47 €;314
3718;87832;AGUJAS DE IRRIGACIÓN;Bestdent;ENDODONCIA;27G;100 agujas + 100 jeringas de 3 ml;40.21;40,21 €;314
3719;87833;AGUJAS DE IRRIGACIÓN;Bestdent;ENDODONCIA;30G;100 agujas + 100 jeringas de 3 ml;40.21;40,21 €;314
3720;0825;MIRAJECT ENDO LUER;Hager & Werken;ENDODONCIA;0,5 mm x 40 mm.;100 uds.;17.24;17,24 €;315
3721;0864;MIRAJECT ENDOTEC;Hager & Werken;ENDODONCIA;0,3 x 25 mm. Amarillas;Agujas de irrigación Caja 25 uds. estériles.;49.4;49,40 €;315
3722;0865;MIRAJECT ENDOTEC;Hager & Werken;ENDODONCIA;0,5 x 25 mm. Naranjas;Agujas de irrigación Caja 25 uds. estériles.;49.4;49,40 €;315
3723;0868;MIRAJECT ENDOTEC;Hager & Werken;ENDODONCIA;0,8 x 25 mm. Verdes;Agujas de irrigación Caja 25 uds. estériles.;49.4;49,40 €;315
3724;0869;MIRAJECT ENDOTEC;Hager & Werken;ENDODONCIA;0,6 x 25 mm. Azules;Agujas de irrigación Caja 25 uds. estériles.;49.4;49,40 €;315
3725;0870;MIRAJECT ENDO LUER;Hager & Werken;ENDODONCIA;0,3 mm x 40 mm.;100 uds.;17.24;17,24 €;315
3726;0872;MIRAJECT ENDOTEC DUO;Hager & Werken;ENDODONCIA;0,6 mm. x 25 mm.;25 uds. estériles.;49.4;49,40 €;315
3727;0873;MIRAJECT ENDOTEC DUO;Hager & Werken;ENDODONCIA;0,5 mm. x 25 mm.;25 uds. estériles.;49.4;49,40 €;315
3728;0874;MIRAJECT ENDOTEC DUO;Hager & Werken;ENDODONCIA;0,4 mm. x 25 mm.;25 uds. estériles.;49.4;49,40 €;315
3729;0875;MIRAJECT ENDOTEC DUO;Hager & Werken;ENDODONCIA;0,3 mm. x 25 mm.;25 uds. estériles.;49.4;49,40 €;315
3730;0923;ENDONEEDLE AGUJAS IRRIGACIÓN;Elsodent;ENDODONCIA;G30 (30 uds.);Para jeringas Luer Lock.;43.33;43,33 €;315
3731;28561;MIRAJECT ENDOTEC;Hager & Werken;ENDODONCIA;0,4 x 25 mm. Grises;Agujas de irrigación Caja 25 uds. estériles.;49.4;49,40 €;315
3732;56034;ENDONEEDLE AGUJAS IRRIGACIÓN;Elsodent;ENDODONCIA;G30 (100 uds.);Para jeringas Luer Lock.;86.28;86,28 €;315
3733;56035;ENDONEEDLE AGUJAS IRRIGACIÓN;Elsodent;ENDODONCIA;G27 (100 uds.);Para jeringas Luer Lock.;72.21;72,21 €;315
3734;56036;ENDONEEDLE AGUJAS IRRIGACIÓN;Elsodent;ENDODONCIA;G23 (100 uds.);Para jeringas Luer Lock.;72.21;72,21 €;315
3735;85261;JERINGA DE IRRIGACIÓN MONOJECT 27G;Kendall;ENDODONCIA;;100 jeringas de 3;52.03;52,03 €;315
3736;98496;JERINGA IRRIGACIÓN CON;Larident;ENDODONCIA;25Ga;100 jeringas de 2,5;29.95;29,95 €;315
3737;17950;PRO·RINSE AGUJAS IRRIGACIÓN;Maillefer;ENDODONCIA;23GA.;Caja 40 uds. Para;65.39;65,39 €;316
3738;17951;PRO·RINSE AGUJAS IRRIGACIÓN;Maillefer;ENDODONCIA;24GA.;Caja 40 uds. Para;65.39;65,39 €;316
3739;17952;PRO·RINSE AGUJAS IRRIGACIÓN;Maillefer;ENDODONCIA;25GA.;Caja 40 uds. Para;65.39;65,39 €;316
3740;17953;PRO·RINSE AGUJAS IRRIGACIÓN;Maillefer;ENDODONCIA;28GA.;Caja 40 uds. Para;65.39;65,39 €;316
3741;17954;PRO·RINSE AGUJAS IRRIGACIÓN;Maillefer;ENDODONCIA;30GA.;Caja 40 uds. Para;65.39;65,39 €;316
3742;17955;PRO·RINSE AGUJAS IRRIGACIÓN;Maillefer;ENDODONCIA;23GA.;Caja 100 uds. Para;129.97;129,97 €;316
3743;17956;PRO·RINSE AGUJAS IRRIGACIÓN;Maillefer;ENDODONCIA;24GA.;Caja 100 uds. Para;129.97;129,97 €;316
3744;17957;PRO·RINSE AGUJAS IRRIGACIÓN;Maillefer;ENDODONCIA;25GA.;Caja 100 uds. Para;129.97;129,97 €;316
3745;17958;PRO·RINSE AGUJAS IRRIGACIÓN;Maillefer;ENDODONCIA;28GA.;Caja 100 uds. Para;129.97;129,97 €;316
3746;17959;PRO·RINSE AGUJAS IRRIGACIÓN;Maillefer;ENDODONCIA;30GA.;Caja 100 uds. Para;22.53;22,53 €;316
3747;17960;ENDONEEDLE - AGUJAS IRRIGACIÓN;VMK;ENDODONCIA;23GA.;100 agujas + 100 jeringas 3cc. Luer Lock;129.97;129,97 €;316
3748;17962;ENDONEEDLE - AGUJAS IRRIGACIÓN;VMK;ENDODONCIA;25GA.;100 agujas + 100 jeringas 3cc. Luer Lock;129.97;129,97 €;316
3749;17963;ENDONEEDLE - AGUJAS IRRIGACIÓN;VMK;ENDODONCIA;28GA.;100 agujas + 100 jeringas 3cc. Luer Lock;129.97;129,97 €;316
3750;17964;ENDONEEDLE - AGUJAS IRRIGACIÓN;VMK;ENDODONCIA;30GA.;100 agujas + 100 jeringas 3cc. Luer Lock;129.97;129,97 €;316
3751;27985;IRRIFLEX;P.D.;ENDODONCIA;20 unidades;;47.76;47,76 €;316
3752;28012;IRRIFLEX;P.D.;ENDODONCIA;40 unidades;;79.56;79,56 €;316
3753;38507;JERINGA CANAL PRO;Coltene;ENDODONCIA;Jeringa fill cap (1 ud.);;12.6;12,60 €;316
3754;38508;JERINGA CANAL PRO;Coltene;ENDODONCIA;Jeringa 5 ml. roja (50 uds.);;16.2;16,20 €;316
3755;38509;JERINGA CANAL PRO;Coltene;ENDODONCIA;Jeringa 5 ml. azul (50 uds.);;16.2;16,20 €;316
3756;38510;JERINGA CANAL PRO;Coltene;ENDODONCIA;Jeringa 5 ml. amarilla (50 uds.);;16.2;16,20 €;316
3757;38511;JERINGA CANAL PRO;Coltene;ENDODONCIA;Jeringa 5 ml. blanca (50 uds.);;16.2;16,20 €;316
3758;56872;96581 JERINGAS DESECHABLES;Becton Dickinson;ENDODONCIA;Jeringa Luer 20 ml . 80 uds.;;15.49;15,49 €;316
3759;6389;ENDONEEDLE - AGUJAS IRRIGACIÓN;VMK;ENDODONCIA;;Perfecto equilibrio longitud : 0,35 mm jeringa standard Luer más fina actualmente Adaptable a todas Permite una irrigación justo hasta el ápice. envasadas en cajas;22.53;22,53 €;316
3760;6876;96581 JERINGAS DESECHABLES;Becton Dickinson;ENDODONCIA;Jeringa Luer 10 ml. 100 uds.;250 uds.;13.71;13,71 €;316
3761;6877;96581 JERINGAS DESECHABLES;Becton Dickinson;ENDODONCIA;Jeringa Luer 5 ml. 100 uds.;250 uds.;10.16;10,16 €;316
3762;68780;96581 JERINGAS DESECHABLES;Becton Dickinson;ENDODONCIA;Jeringa Luer Lock 5 ml. 125 uds.;250 uds.;37.66;37,66 €;316
3763;68781;96581 JERINGAS DESECHABLES;Becton Dickinson;ENDODONCIA;Jeringa Luer Lock 3 ml. 200 uds.;250 uds.;42.64;42,64 €;316
3764;96581;96581 JERINGAS DESECHABLES;Becton Dickinson;ENDODONCIA;Jeringa Luer Lock 10 ml. 100 uds.;250 uds.;41.15;41,15 €;316
3765;10004;PIPETAS;Hager;ENDODONCIA;;;69.99;69,99 €;317
3766;5259;PIPETAS;Hager;ENDODONCIA;;;11.44;11,44 €;317
3767;5284;FRESA DIAMENDO;Maillefer;ENDODONCIA;;;11.44;11,44 €;317
3768;52840;FRESA DIAMENDO;Maillefer;ENDODONCIA;;;65.84;65,84 €;317
3769;5298;FRESA DIAMENDO;Maillefer;ENDODONCIA;Nº;;10.35;10,35 €;317
3770;5299;FRESA DIAMENDO;Maillefer;ENDODONCIA;Nº;;10.35;10,35 €;317
3771;78841;FRESAS;Proclinic;ENDODONCIA;;;31.54;31,54 €;317
3772;0125;DIQUES DE GOMA;Proclinic;ENDODONCIA;Diques medios verdes;Caja de 36 uds. 152 x 152 mm.;17.45;17,45 €;318
3773;01250;DIQUES SIN LÁTEX;Proclinic;ENDODONCIA;;Ref. 152 mm. Sin aroma ni sabor. Ref.;13.05;13,05 €;318
3774;01251;DIQUES SIN LÁTEX;Proclinic;ENDODONCIA;;Ref. 152 mm. Sin aroma ni sabor. Ref.;13.05;13,05 €;318
3775;12500;DIQUES DE GOMA;Proclinic;ENDODONCIA;Diques medios azules;Caja de 36 uds. 152 x 152 mm.;17.45;17,45 €;318
3776;12501;DIQUES DE GOMA;Proclinic;ENDODONCIA;Diques finos verdes;Caja de 36 uds. 152 x 152 mm.;17.45;17,45 €;318
3777;12502;DIQUES DE GOMA;Proclinic;ENDODONCIA;Diques gruesos verdes;Caja de 36 uds. 152 x 152 mm.;17.45;17,45 €;318
3778;12503;DIQUES DE GOMA;Proclinic;ENDODONCIA;Diques medios verdes;Caja de 52 uds. 127 x 127 mm.;18.95;18,95 €;318
3779;12504;DIQUES SIN LÁTEX;Proclinic;ENDODONCIA;;;22.5;22,50 €;318
3780;17241;DIQUES FIESTA LÁTEX SURTIDO;Hysolate;ENDODONCIA;;36 uds. 15,2 x 15,2;29.72;29,72 €;319
3781;17242;DIQUES DE GOMA;Hysolate;ENDODONCIA;Fino verde;36 uds. 15,2 x 15,2;25.76;25,76 €;319
3782;17243;DIQUES DE GOMA;Hysolate;ENDODONCIA;Medio verde;36 uds. 15,2 x 15,2;28.61;28,61 €;319
3783;17244;DIQUES DE GOMA;Hysolate;ENDODONCIA;Grueso verde;36 uds. 15,2 x 15,2;32.83;32,83 €;319
3784;17245;DIQUES DE GOMA;Hysolate;ENDODONCIA;X-Grueso verde;36 uds. 15,2 x 15,2;33.83;33,83 €;319
3785;17246;DIQUES DE GOMA;Hysolate;ENDODONCIA;Medio azul;36 uds. 15,2 x 15,2;28.61;28,61 €;319
3786;59511;DIQUES DE GOMA;Dentaflux;ENDODONCIA;Medios verdes;Caja de 36 uds. 15,2 x 15,2 cm. Mentolados.;22.01;22,01 €;319
3787;96431;DIQUES MEDIOS SIN LÁTEX;Coltene;ENDODONCIA;Tamaño: 6 x 6 cm.;Caja de 15 uds.;49.56;49,56 €;319
3788;1677;OPTIDAM DIQUE DE GOMA TRIDIMENSIONAL;Kerr;ENDODONCIA;OptiDam kit intro posterior. 10 diques posteriores + arco;25 medios + 25;31.08;31,08 €;320
3789;1678;OPTIDAM DIQUE DE GOMA TRIDIMENSIONAL;Kerr;ENDODONCIA;OptiDam kit intro anterior. 10 diques anteriores + arco;25 medios + 25;31.08;31,08 €;320
3790;1680;OPTIDAM DIQUE DE GOMA TRIDIMENSIONAL;Kerr;ENDODONCIA;OptiDam posterior. Reposición de 30 uds.;25 medios + 25;114.0;114,00 €;320
3791;1681;OPTIDAM DIQUE DE GOMA TRIDIMENSIONAL;Kerr;ENDODONCIA;OptiDam anterior. Reposición de 30 uds.;25 medios + 25;114.0;114,00 €;320
3792;6577;OPTRADAM;Ivoclar Vivadent;ENDODONCIA;Optadram surtido;25 medios + 25;114.0;114,00 €;320
3793;6965;DIQUES MEDIOS;Nic Tone;ENDODONCIA;Azules;Caja de 36 uds. 15;20.75;20,75 €;320
3794;69651;DIQUES MEDIOS;Nic Tone;ENDODONCIA;Verdes;Caja de 36 uds. 15;20.75;20,75 €;320
3795;69656;DIQUES NEGROS;Nic Tone;ENDODONCIA;Diques;36;20.75;20,75 €;320
3796;69657;DIQUES NEGROS;Nic Tone;ENDODONCIA;Diques;36;20.75;20,75 €;320
3797;7388;OPTRADAM;Ivoclar Vivadent;ENDODONCIA;Pequeño. 50 uds.;25 medios + 25;114.0;114,00 €;320
3798;96492;OPTRADAM;Ivoclar Vivadent;ENDODONCIA;Regular. 50 uds.;25 medios + 25;114.0;114,00 €;320
3799;0706;PERFORADOR DE DIQUES;Proclinic;ENDODONCIA;;;147.47;147,47 €;321
3800;4802;PERFORADOR IVORY;Kulzer;ENDODONCIA;;;305.0;305,00 €;321
3801;59927;PERFORADOR DE DIQUES;Proclinic;ENDODONCIA;;;122.69;122,69 €;321
3802;80214;PERFORADOR DIQUES;Bestdent;ENDODONCIA;;;118.65;118,65 €;321
3803;1728;ARCO DE YOUNG EN PLÁSTICO;Hygenic;ENDODONCIA;;Radiotransparente.;24.67;24,67 €;322
3804;4225;ARCO DE YOUNG EN PLÁSTICO;Mestra;ENDODONCIA;;Radiotransparente.;24.67;24,67 €;322
3805;4801;IVORY;Kulzer;ENDODONCIA;;;158.9;158,90 €;322
3806;69080;ARCO DE YOUNG EN PLÁSTICO;Larident;ENDODONCIA;;Radiotransparente. Ganchos más finos.;12.01;12,01 €;322
3807;17011;KIT DENTAL DAM HYGENIC;Hygenic;ENDODONCIA;;Perforador + portaclamps + 36 diques medios verdes + estuche de 9 clamps + 2 wedjets + plantillas;640.42;640,42 €;323
3808;38890;CLAMPS BESTDENT;Bestdent;ENDODONCIA;N.212;1 unidad;13.8;13,80 €;323
3809;38891;CLAMPS BESTDENT;Bestdent;ENDODONCIA;26N;1 unidad;13.8;13,80 €;323
3810;38892;CLAMPS BESTDENT;Bestdent;ENDODONCIA;27N;1 unidad;13.8;13,80 €;323
3811;38893;CLAMPS BESTDENT;Bestdent;ENDODONCIA;N.W14;1 unidad;13.8;13,80 €;323
3812;38894;CLAMPS BESTDENT;Bestdent;ENDODONCIA;N.W2;1 unidad;13.8;13,80 €;323
3813;38895;CLAMPS BESTDENT;Bestdent;ENDODONCIA;N.W7;1 unidad;13.8;13,80 €;323
3814;38896;CLAMPS BESTDENT;Bestdent;ENDODONCIA;N.W8;1 unidad;13.8;13,80 €;323
3815;38897;CLAMPS BESTDENT;Bestdent;ENDODONCIA;N.W8A;1 unidad;13.8;13,80 €;323
3816;38898;CLAMPS BESTDENT;Bestdent;ENDODONCIA;N.00;1 unidad;13.8;13,80 €;323
3817;38899;CLAMPS BESTDENT;Bestdent;ENDODONCIA;N.1;1 unidad;13.8;13,80 €;323
3818;38900;CLAMPS BESTDENT;Bestdent;ENDODONCIA;N.12A;1 unidad;13.8;13,80 €;323
3819;38901;CLAMPS BESTDENT;Bestdent;ENDODONCIA;N.13A;1 unidad;13.8;13,80 €;323
3820;38902;CLAMPS BESTDENT;Bestdent;ENDODONCIA;N.14;1 unidad;13.8;13,80 €;323
3821;38903;CLAMPS BESTDENT;Bestdent;ENDODONCIA;N.14A;1 unidad;13.8;13,80 €;323
3822;38904;CLAMPS BESTDENT;Bestdent;ENDODONCIA;N.2;1 unidad;13.8;13,80 €;323
3823;38905;KIT DENTAL DAM HYGENIC;Hygenic;ENDODONCIA;N.2A;;13.8;13,80 €;323
3824;38906;KIT DENTAL DAM HYGENIC;Hygenic;ENDODONCIA;N.4;Perforador + portaclamps + 36 diques medios verdes + estuche de 9 clamps + 2 wedjets + plantillas;13.8;13,80 €;323
3825;38907;KIT DENTAL DAM HYGENIC;Hygenic;ENDODONCIA;N.7;Perforador + portaclamps + 36 diques medios verdes + estuche de 9 clamps + 2 wedjets + plantillas;13.8;13,80 €;323
3826;38908;KIT DENTAL DAM HYGENIC;Hygenic;ENDODONCIA;N.8;Perforador + portaclamps + 36 diques medios verdes + estuche de 9 clamps + 2 wedjets + plantillas;13.8;13,80 €;323
3827;38909;KIT DENTAL DAM HYGENIC;Hygenic;ENDODONCIA;N.8A;Perforador + portaclamps + 36 diques medios verdes + estuche de 9 clamps + 2 wedjets + plantillas;13.8;13,80 €;323
3828;38910;KIT DENTAL DAM HYGENIC;Hygenic;ENDODONCIA;N.9;Perforador + portaclamps + 36 diques medios verdes + estuche de 9 clamps + 2 wedjets + plantillas;13.8;13,80 €;323
3829;38920;CLAMPS;Proclinic;ENDODONCIA;B4 (Universal);1 ud.;17.95;17,95 €;323
3830;4996;CLAMPS;Proclinic;ENDODONCIA;26N (Universal);1 ud.;17.95;17,95 €;323
3831;59962;Clamps sin ala;;ENDODONCIA;212;;17.95;17,95 €;323
3832;59963;Clamps con ala;;ENDODONCIA;00;;17.95;17,95 €;323
3833;59964;Clamps con ala;;ENDODONCIA;1 (Uso general);;17.95;17,95 €;323
3834;59965;Clamps con ala;;ENDODONCIA;12A;;17.95;17,95 €;323
3835;59966;Clamps con ala;;ENDODONCIA;13A;;17.95;17,95 €;323
3836;59967;Clamps con ala;;ENDODONCIA;14 *1;;17.95;17,95 €;323
3837;59968;Clamps con ala;;ENDODONCIA;14A *2;;17.95;17,95 €;323
3838;59969;Clamps con ala;;ENDODONCIA;2;;17.95;17,95 €;323
3839;59970;Clamps con ala;;ENDODONCIA;2A;;17.95;17,95 €;323
3840;59971;CLAMPS;Proclinic;ENDODONCIA;4 *3;;17.95;17,95 €;323
3841;59972;CLAMPS;Proclinic;ENDODONCIA;7;;17.95;17,95 €;323
3842;59973;CLAMPS;Proclinic;ENDODONCIA;8;;17.95;17,95 €;323
3843;59974;CLAMPS;Proclinic;ENDODONCIA;8A *4;;17.95;17,95 €;323
3844;59975;CLAMPS;Proclinic;ENDODONCIA;9;;17.95;17,95 €;323
3845;59976;CLAMPS;Proclinic;ENDODONCIA;W14 *1;;17.95;17,95 €;323
3846;59977;CLAMPS;Proclinic;ENDODONCIA;W2;;17.95;17,95 €;323
3847;59978;CLAMPS;Proclinic;ENDODONCIA;W7;1 ud.;17.95;17,95 €;323
3848;59979;CLAMPS;Proclinic;ENDODONCIA;W8;1 ud.;17.95;17,95 €;323
3849;59980;CLAMPS;Proclinic;ENDODONCIA;W8A *4;1 ud.;17.95;17,95 €;323
3850;59981;CLAMPS;Proclinic;ENDODONCIA;27N (Universal);1 ud.;17.95;17,95 €;323
3851;1729;ESTUCHE CLAMPS FIESTA CON ALA;Hygenic;ENDODONCIA;;9 clamps;29.92;29,92 €;324
3852;1739;WEDJETS;Hygenic;ENDODONCIA;Fino verde. Sin látex.;Cordón sustituto;35.15;35,15 €;324
3853;1740;WEDJETS;Hygenic;ENDODONCIA;Grueso azul. Sin látex.;Cordón sustituto;35.15;35,15 €;324
3854;25741;CLAMPS IVORY;Kulzer;ENDODONCIA;0;1 ud. 2A, 7, 8A, 14, 14A y 9. Nº ivory con;25.65;25,65 €;324
3855;4803;CLAMPS IVORY;Kulzer;ENDODONCIA;00;1 ud. 2A, 7, 8A, 14, 14A y 9. Nº ivory con;25.65;25,65 €;324
3856;4804;CLAMPS IVORY;Kulzer;ENDODONCIA;2;1 ud. 2A, 7, 8A, 14, 14A y 9. Nº ivory con;25.65;25,65 €;324
3857;4805;CLAMPS IVORY;Kulzer;ENDODONCIA;5;1 ud. 2A, 7, 8A, 14, 14A y 9. Nº ivory con;29.92;29,92 €;324
3858;4806;CLAMPS IVORY;Kulzer;ENDODONCIA;7;1 ud. 2A, 7, 8A, 14, 14A y 9. Nº ivory con;25.65;25,65 €;324
3859;4807;CLAMPS IVORY;Kulzer;ENDODONCIA;8;1 ud. 2A, 7, 8A, 14, 14A y 9. Nº ivory con;25.65;25,65 €;324
3860;4808;CLAMPS IVORY;Kulzer;ENDODONCIA;9;1 ud. 2A, 7, 8A, 14, 14A y 9. Nº ivory con;29.92;29,92 €;324
3861;4810;CLAMPS IVORY;Kulzer;ENDODONCIA;8A;1 ud. 2A, 7, 8A, 14, 14A y 9. Nº ivory con;25.65;25,65 €;324
3862;4811;ESTUCHE CLAMPS FIESTA CON ALA;Hygenic;ENDODONCIA;14A;;25.65;25,65 €;324
3863;4812;CLAMPS IVORY;Kulzer;ENDODONCIA;1;1 ud. 2A, 7, 8A, 14, 14A y 9. Nº ivory con;25.65;25,65 €;324
3864;4822;ESTUCHE CLAMPS FIESTA CON ALA;Hygenic;ENDODONCIA;W8;9 clamps;29.92;29,92 €;324
3865;4823;ESTUCHE CLAMPS FIESTA CON ALA;Hygenic;ENDODONCIA;W2A;9 clamps;32.64;32,64 €;324
3866;4824;ESTUCHE CLAMPS FIESTA CON ALA;Hygenic;ENDODONCIA;W8A;9 clamps;32.64;32,64 €;324
3867;4825;CLAMPS IVORY;Kulzer;ENDODONCIA;Estuche;Estuche con 8 Clamps. Nº ivory: 0, 2,;167.24;167,24 €;324
3868;4826;CLAMPS IVORY;Kulzer;ENDODONCIA;2A;1 ud. 2A, 7, 8A, 14, 14A y 9. Nº ivory con;25.65;25,65 €;324
3869;4828;CLAMPS IVORY;Kulzer;ENDODONCIA;14;1 ud. 2A, 7, 8A, 14, 14A y 9. Nº ivory con;25.65;25,65 €;324
3870;4829;ESTUCHE CLAMPS FIESTA CON ALA;Hygenic;ENDODONCIA;26N;9 clamps;29.92;29,92 €;324
3871;4830;ESTUCHE CLAMPS FIESTA CON ALA;Hygenic;ENDODONCIA;27;9 clamps;29.92;29,92 €;324
3872;4831;CLAMPS IVORY;Kulzer;ENDODONCIA;12A;1 ud. 2A, 7, 8A, 14, 14A y 9. Nº ivory con;25.65;25,65 €;324
3873;4832;CLAMPS IVORY;Kulzer;ENDODONCIA;13A;1 ud. 2A, 7, 8A, 14, 14A y 9. Nº ivory con;25.65;25,65 €;324
3874;49012;CLAMPS IVORY;Kulzer;ENDODONCIA;4;1 ud. 2A, 7, 8A, 14, 14A y 9. Nº ivory con;25.65;25,65 €;324
3875;49013;ESTUCHE CLAMPS FIESTA CON ALA;Hygenic;ENDODONCIA;27N;9 clamps;29.92;29,92 €;324
3876;49507;ESTUCHE CLAMPS FIESTA CON ALA;Hygenic;ENDODONCIA;W1;9 clamps;29.92;29,92 €;324
3877;49516;WEDJETS;Hygenic;ENDODONCIA;Fino amarillo.;Cordón sustituto;35.15;35,15 €;324
3878;78775;CLAMPS IVORY;Kulzer;ENDODONCIA;6;1 ud. 2A, 7, 8A, 14, 14A y 9. Nº ivory con;29.92;29,92 €;324
3879;96020;WEDJETS;Hygenic;ENDODONCIA;Grueso naranja.;Cordón sustituto;35.15;35,15 €;324
3880;99085;CLAMPS ASA;Asa Dental;ENDODONCIA;Nº0;Con ala.;19.75;19,75 €;324
3881;99086;CLAMPS ASA;Asa Dental;ENDODONCIA;NºW8A;Con ala.;19.75;19,75 €;324
3882;99087;CLAMPS ASA;Asa Dental;ENDODONCIA;Nº212;Con ala.;19.75;19,75 €;324
3883;99601;CLAMPS ASA;Asa Dental;ENDODONCIA;Nº2;Con ala.;19.75;19,75 €;324
3884;99602;CLAMPS ASA;Asa Dental;ENDODONCIA;Nº7;Con ala.;19.75;19,75 €;324
3885;99603;CLAMPS ASA;Asa Dental;ENDODONCIA;Nº1;Con ala.;19.75;19,75 €;324
3886;0550;SOPORTE PARA 8 CLAMPS;Hu-Friedy;ENDODONCIA;00;1 unidad. Nº satin steel;21.4;21,40 €;325
3887;0551;SOPORTE PARA 8 CLAMPS;Hu-Friedy;ENDODONCIA;212;1 unidad. Nº satin steel;21.4;21,40 €;325
3888;0552;SOPORTE PARA 8 CLAMPS;Hu-Friedy;ENDODONCIA;SOPORTE;1 unidad. Nº satin steel;87.3;87,30 €;325
3889;0553;SOPORTE PARA 8 CLAMPS;Hu-Friedy;ENDODONCIA;2;1 unidad. Nº satin steel;21.4;21,40 €;325
3890;0554;SOPORTE PARA 8 CLAMPS;Hu-Friedy;ENDODONCIA;8A;1 unidad. Nº satin steel;21.4;21,40 €;325
3891;0555;SOPORTE PARA 8 CLAMPS;Hu-Friedy;ENDODONCIA;CLAMP;1 unidad. Nº satin steel;21.4;21,40 €;325
3892;0556;SOPORTE PARA 8 CLAMPS;Hu-Friedy;ENDODONCIA;14A;1 unidad. Nº satin steel;21.4;21,40 €;325
3893;0557;SOPORTE PARA 8 CLAMPS;Hu-Friedy;ENDODONCIA;26N;1 unidad. Nº satin steel;21.4;21,40 €;325
3894;0558;SOPORTE PARA 8 CLAMPS;Hu-Friedy;ENDODONCIA;8;1 unidad. Nº satin steel;21.4;21,40 €;325
3895;0559;SOPORTE PARA 8 CLAMPS;Hu-Friedy;ENDODONCIA;7;1 unidad. Nº satin steel;21.4;21,40 €;325
3896;0560;SOPORTE PARA 8 CLAMPS;Hu-Friedy;ENDODONCIA;;Los Clamps “Satin la luz en vez de reflejarla, reduciendo Su cuidadoso diseño y fabricación les;87.3;87,30 €;325
3897;1704;CLAMPS;;ENDODONCIA;;;142.23;142,23 €;325
3898;1705;Nº Hygenic con;;ENDODONCIA;00;1 ud. Nº Hygenic con;142.23;142,23 €;325
3899;1706;Nº Hygenic con;;ENDODONCIA;2;1 ud. Nº Hygenic con;20.09;20,09 €;325
3900;1707;Nº Hygenic con;;ENDODONCIA;7;1 ud. Nº Hygenic con;20.09;20,09 €;325
3901;1708;Nº Hygenic con;;ENDODONCIA;8;1 ud. Nº Hygenic con;20.09;20,09 €;325
3902;1709;Nº Hygenic con;;ENDODONCIA;8A;1 ud. Nº Hygenic con;20.09;20,09 €;325
3903;1710;Nº Hygenic con;;ENDODONCIA;9;1 ud. Nº Hygenic con;20.09;20,09 €;325
3904;1711;Nº Hygenic con;;ENDODONCIA;14A;1 ud. Nº Hygenic con;20.09;20,09 €;325
3905;1714;Nº Hygenic con;;ENDODONCIA;13A;1 ud. Nº Hygenic con;20.09;20,09 €;325
3906;1716;Produto Dentário;;ENDODONCIA;W8A;1 ud. Nº Hygenic con;20.09;20,09 €;325
3907;1718;Produto Dentário;;ENDODONCIA;W14;1 ud. Nº Hygenic con;20.09;20,09 €;325
3908;1724;Produto Dentário;;ENDODONCIA;12A;1 ud. Nº Hygenic con;20.09;20,09 €;325
3909;18753;Produto Dentário;;ENDODONCIA;4;1 ud. Nº Hygenic con;23.82;23,82 €;325
3910;59410;SOPORTE PARA 8 CLAMPS;Hu-Friedy;ENDODONCIA;29;1 unidad. Nº satin steel;21.4;21,40 €;325
3911;59411;SOPORTE PARA 8 CLAMPS;Hu-Friedy;ENDODONCIA;W7;1 ud. Nº Hygenic con;20.09;20,09 €;325
3912;59412;SOPORTE PARA 8 CLAMPS;Hu-Friedy;ENDODONCIA;W8;1 ud. Nº Hygenic con;20.09;20,09 €;325
3913;59413;SOPORTE PARA 8 CLAMPS;Hu-Friedy;ENDODONCIA;2A;1 ud. Nº Hygenic con;20.09;20,09 €;325
3914;61616;Produto Dentário;;ENDODONCIA;W56-LT púrpura;1 ud. Nº Hygenic con;23.82;23,82 €;325
3915;61617;Produto Dentário;;ENDODONCIA;W2A verde;1 ud. Nº Hygenic con;164.18;164,18 €;325
3916;69530;Produto Dentário;;ENDODONCIA;B4;1 ud. Nº Hygenic con;20.09;20,09 €;325
3917;9219;SOPORTE PARA 8 CLAMPS;Hu-Friedy;ENDODONCIA;27N;1 unidad. Nº satin steel;21.4;21,40 €;325
3918;9220;SOPORTE PARA 8 CLAMPS;Hu-Friedy;ENDODONCIA;2A;1 unidad. Nº satin steel;21.4;21,40 €;325
3919;93306;SOPORTE PARA 8 CLAMPS;Hu-Friedy;ENDODONCIA;201;1 unidad. Nº satin steel;21.4;21,40 €;325
3920;93307;SOPORTE PARA 8 CLAMPS;Hu-Friedy;ENDODONCIA;5;1 unidad. Nº satin steel;21.4;21,40 €;325
3921;93308;SOPORTE PARA 8 CLAMPS;Hu-Friedy;ENDODONCIA;W8A;1 unidad. Nº satin steel;21.4;21,40 €;325
3922;93380;SOPORTE PARA 8 CLAMPS;Hu-Friedy;ENDODONCIA;18;1 unidad. Nº satin steel;21.4;21,40 €;325
3923;93390;SOPORTE PARA 8 CLAMPS;Hu-Friedy;ENDODONCIA;W2A;1 unidad. Nº satin steel;21.4;21,40 €;325
3924;93391;SOPORTE PARA 8 CLAMPS;Hu-Friedy;ENDODONCIA;9;1 unidad. Nº satin steel;21.4;21,40 €;325
3925;93396;SOPORTE PARA 8 CLAMPS;Hu-Friedy;ENDODONCIA;0;1 unidad. Nº satin steel;21.4;21,40 €;325
3926;96961;Produto Dentário;;ENDODONCIA;;;164.18;164,18 €;325
3927;99490;Produto Dentário;;ENDODONCIA;W2A marrón;1 ud. Nº Hygenic con;23.82;23,82 €;325
3928;99491;Produto Dentário;;ENDODONCIA;W3 orange;1 ud. Nº Hygenic con;23.82;23,82 €;325
3929;99740;SOPORTE PARA 8 CLAMPS;Hu-Friedy;ENDODONCIA;13A;1 unidad. Nº satin steel;21.4;21,40 €;325
3930;99741;SOPORTE PARA 8 CLAMPS;Hu-Friedy;ENDODONCIA;12A;1 unidad. Nº satin steel;21.4;21,40 €;325
3931;99772;SOPORTE PARA 8 CLAMPS;Hu-Friedy;ENDODONCIA;24;1 unidad. Nº satin steel;21.4;21,40 €;325
3932;99773;SOPORTE PARA 8 CLAMPS;Hu-Friedy;ENDODONCIA;25;1 unidad. Nº satin steel;21.4;21,40 €;325
3933;99875;SOPORTE PARA 8 CLAMPS;Hu-Friedy;ENDODONCIA;8AD;1 unidad. Nº satin steel;21.4;21,40 €;325
3934;99876;SOPORTE PARA 8 CLAMPS;Hu-Friedy;ENDODONCIA;28;1 unidad. Nº satin steel;21.4;21,40 €;325
3935;0101;ALGODÓN PROCLINIC;Proclinic;DESECHABLES;Rollos Nº 1. Bolsa 825 uds. aproximadamente Bolsa;Mezcla de algodón y celulosa de alta calidad. No estériles. Bolsa 300 gr.;16.29;16,29 €;328
3936;0102;ALGODÓN PROCLINIC;Proclinic;DESECHABLES;Rollos Nº 2. Bolsa 675 uds. aproximadamente;Mezcla de algodón y celulosa de alta calidad. No estériles. Bolsa 300 gr.;16.29;16,29 €;328
3937;0103;ALGODÓN PROCLINIC;Proclinic;DESECHABLES;Rollos Nº 3. Bolsa 450 uds. aproximadamente;Mezcla de algodón y celulosa de alta calidad. No estériles. Bolsa 300 gr.;16.29;16,29 €;328
3938;59948;PINZA MERIAM;Proclinic;DESECHABLES;;;16.29;16,29 €;328
3939;78311;ALGODÓN PROCLINIC;Proclinic;DESECHABLES;Rollos Nº 1. Bolsa 750 uds. aproximadamente Bolsa;Bolsa de 300 gr. 100% Algodón. Bolsa con autocierre para mejor conservación. Blanqueado sin cloro.;14.69;14,69 €;328
3940;78312;ALGODÓN PROCLINIC;Proclinic;DESECHABLES;Rollos Nº 2. Bolsa 600 uds. aproximadamente;Bolsa de 300 gr. 100% Algodón. Bolsa con autocierre para mejor conservación. Blanqueado sin cloro.;14.69;14,69 €;328
3941;78313;ALGODÓN PROCLINIC;Proclinic;DESECHABLES;Rollos Nº 3. Bolsa 456 uds. aproximadamente;Bolsa de 300 gr. 100% Algodón. Bolsa con autocierre para mejor conservación. Blanqueado sin cloro.;14.69;14,69 €;328
3942;0106;ALGODÓN ROEKO;Roeko;DESECHABLES;Rollos Nº 1;Realizado con mezcla de algodón y celulosa. Bolsa de 300 gr. 300 gr.;17.81;17,81 €;329
3943;0107;ALGODÓN ROEKO;Roeko;DESECHABLES;Rollos Nº 2;Realizado con mezcla de algodón y celulosa. Bolsa de 300 gr. 300 gr.;17.81;17,81 €;329
3944;0108;ALGODÓN ROEKO;Roeko;DESECHABLES;Rollos Nº 3;Realizado con mezcla de algodón y celulosa. Bolsa de 300 gr. 300 gr.;7.56;7,56 €;329
3945;01084;ALGODÓN ROEKO;Roeko;DESECHABLES;Rollos Nº 4;Realizado con mezcla de algodón y celulosa. Bolsa de 300 gr. 300 gr.;7.56;7,56 €;329
3946;2194;PAROTIS;Roeko;DESECHABLES;Nº 2. Long. 10 x 80 mm.;100 uds. Rollos gracias a su alma metálica. Ayudan a;34.01;34,01 €;329
3947;2195;PAROTIS;Roeko;DESECHABLES;Nº 3. Long. 10 x 100 mm.;100 uds. Rollos gracias a su alma metálica. Ayudan a;34.01;34,01 €;329
3948;68584;CLIPS PORTARROLLOS;Larident;DESECHABLES;Clips portarrollos de algodón.;100 uds.;33.48;33,48 €;329
3949;69081;ALGODÓN PURE PLANET;Akzenta;DESECHABLES;N.3 (825u.);336 g;16.77;16,77 €;329
3950;69082;ALGODÓN PURE PLANET;Akzenta;DESECHABLES;N.2 (600u.);336 g;16.77;16,77 €;329
3951;69083;ALGODÓN PURE PLANET;Akzenta;DESECHABLES;N.1 (450u.);336 g;16.77;16,77 €;329
3952;78330;ALGODÓN BESTDENT;Bestdent;DESECHABLES;Nº 1;Algodón 100%. Bolsa;7.56;7,56 €;329
3953;78331;ALGODÓN BESTDENT;Bestdent;DESECHABLES;Nº 2;Algodón 100%. Bolsa;7.56;7,56 €;329
3954;78332;ALGODÓN BESTDENT;Bestdent;DESECHABLES;Nº 3;Algodón 100%. Bolsa;7.56;7,56 €;329
3955;97202;PAROTIS;Roeko;DESECHABLES;Nº 5. Long. 8 x 100 mm.;100 uds. Rollos gracias a su alma metálica. Ayudan a;34.01;34,01 €;329
3956;0104;PELLETS ROEKO;Roeko;DESECHABLES;N° 0 Ø 4,8 mm.;Bote dispensador;23.78;23,78 €;330
3957;01085;PELLETS ROEKO;Roeko;DESECHABLES;N° 00 Ø 4 mm;Bote dispensador;31.14;31,14 €;330
3958;0945;NEODRYS;Microcopy;DESECHABLES;Pequeño-amarillo.;50 uds.;16.71;16,71 €;330
3959;0946;NEODRYS;Microcopy;DESECHABLES;Grande-azul.;50 uds.;16.71;16,71 €;330
3960;100094;DRYDENT;Directa;DESECHABLES;Sublingual pequeño;50 uds.;33.03;33,03 €;330
3961;100095;DRYDENT;Directa;DESECHABLES;Sublingual grande;50 uds.;33.03;33,03 €;330
3962;100096;DRYDENT;Directa;DESECHABLES;Parótida pequeño;50 uds.;18.14;18,14 €;330
3963;100097;DRYDENT;Directa;DESECHABLES;Parótida grande;50 uds.;18.14;18,14 €;330
3964;1806;PELLETS ALGODÓN;P.D.;DESECHABLES;N° 4. Ø 3,6 mm. (~4050;6 cajas x 3 gr.;31.14;31,14 €;330
3965;1807;PELLETS ALGODÓN;P.D.;DESECHABLES;N° 3. Ø 4,3 mm. (~2220;6 cajas x 3 gr.;23.78;23,78 €;330
3966;1808;PELLETS ALGODÓN;P.D.;DESECHABLES;N° 2. Ø 6 mm. (~1470 ud.);6 cajas x 3 gr.;17.85;17,85 €;330
3967;6429;PELLETS ROEKO;Roeko;DESECHABLES;N° 1 Ø 6,3mm;Bote dispensador;17.85;17,85 €;330
3968;75422;DRY TIPS BLANCOS;MICROBRUSH;DESECHABLES;Dry tips blancos grandes;50 unidades;17.02;17,02 €;330
3969;75423;DRY TIPS BLANCOS;MICROBRUSH;DESECHABLES;Dry tips blancos pequeños;50 unidades;17.02;17,02 €;330
3970;22711;BASTONCILLOS DE ALGODÓN;Dochem;DESECHABLES;Madera 100 uds.;;3.08;3,08 €;331
3971;4210;ALGODONERA DE LIMPIO;Mestra;DESECHABLES;;Acero inoxidable.;63.36;63,36 €;331
3972;4856;PELE TIM;Voco;DESECHABLES;Nº 0. Ø 3 mm.;3.000 uds.;40.8;40,80 €;331
3973;4877;PELE TIM;Voco;DESECHABLES;Nº 1. Ø 4 mm.;3.000 uds.;38.4;38,40 €;331
3974;59868;ALGODONERAS;Proclinic;DESECHABLES;Algodonera de limpio;Acero inoxidable.;39.78;39,78 €;331
3975;59869;ALGODONERAS;Proclinic;DESECHABLES;Algodonera para desechos;Acero inoxidable.;39.78;39,78 €;331
3976;61701;PELE TIM;Voco;DESECHABLES;Nº 2. Ø 5 mm.;3.000 uds.;33.0;33,00 €;331
3977;99672;PELE TIM;Voco;DESECHABLES;Nº 3. Ø 8 mm.;3.000 uds.;33.0;33,00 €;331
3978;0115;DISPENSADOR DE ROLLOS;Proclinic;DESECHABLES;;Plástico autoclavable. de;31.52;31,52 €;332
3979;0148;DISPENSADOR DE ROLLOS;Proclinic;DESECHABLES;Blanco;Para todos los tamaños Plástico resistente.;63.36;63,36 €;332
3980;01489;DISPENSADOR DE ROLLOS;Proclinic;DESECHABLES;Azul;Para todos los tamaños Plástico resistente.;63.36;63,36 €;332
3981;1810;DISPENSADOR DE PELLETS;P.D.;DESECHABLES;;Metálico. Para todos los pellets P.D.;230.12;230,12 €;332
3982;25655;CON DISPENSADOR DE ROLLOS;Bestdent;DESECHABLES;Dispensador azul de rollos;Acero inoxidable.;10.65;10,65 €;332
3983;4211;ALGODONERA DE DESECHOS;Mestra;DESECHABLES;;Acero inoxidable.;63.36;63,36 €;332
3984;98493;DISPENSADOR DE ROLLOS;Larident;DESECHABLES;Dispensador de rollos de;Plástico autoclavable. de;31.52;31,52 €;332
3985;16267;GASAS “TEJIDO NO TEJIDO”;Hartmann;DESECHABLES;10 x 10 cm. 100 unidades;100 unidades;4.08;4,08 €;333
3986;4441;GASAS “TEJIDO NO TEJIDO”;Hartmann;DESECHABLES;5 x 5 cm. 100 unidades;100 unidades;2.75;2,75 €;333
3987;44419;"GASAS ESTÉRILES ""TEJIDO NO TEJIDO""";Hartmann;DESECHABLES;10 x 10 cm.;Paquete de 200 uds. (40 sobres x 5 uds.);3.56;3,56 €;333
3988;44435;"GASAS ESTÉRILES ""TEJIDO NO TEJIDO""";Hartmann;DESECHABLES;5 x 5 cm.;Paquete de 200 uds. (40 sobres x 5 uds.);8.9;8,90 €;333
3989;6883;GASAS ESTÉRILES “1250” MALLA;Alle-Euronda;DESECHABLES;;4 pliegues. 1250 uds. 15 hilos (250 sobres x 5 unidades).;60.25;60,25 €;333
3990;78515;DISPENSADOR GASAS DOBLE;Larident;DESECHABLES;;Plástico, color blanco condiciones.;16.22;16,22 €;333
3991;82023;GASAS TNT NO ESTÉRILES;HARTMANN;DESECHABLES;7,5 x 7,5 cm. 4 pliegues.;100 unidades;4.08;4,08 €;333
3992;2261;GASAS “TEJIDO NO TEJIDO”;Dochem;DESECHABLES;;200 uds . 5 x 5 70% Rayón, 30%;5.25;5,25 €;334
3993;2300;GASAS ESTÉRILES;Hartmann;DESECHABLES;;;4.8;4,80 €;334
3994;55276;GASAS ESTÉRILES;Hartmann;DESECHABLES;7,5 x 7,5 (1000 x 5 uds.);200 uds . 5 x 5 70% Rayón, 30%;137.67;137,67 €;334
3995;55277;GASAS ESTÉRILES;Hartmann;DESECHABLES;10 x10 (1000 x 5 uds.);200 uds . 5 x 5 70% Rayón, 30%;5.25;5,25 €;334
3996;93581;GASAS STERILUX 17 HILOS;Hartmann;DESECHABLES;;17 hilos. 5 x 5;2.27;2,27 €;334
3997;0122;ASPIRADORES;Proclinic;DESECHABLES;Transparentes;15 cm. Bolsa de 100 uds. Punta extraíble.;5.95;5,95 €;335
3998;0123;ASPIRADORES;Proclinic;DESECHABLES;Blancos opacos;15 cm. Bolsa de 100 uds. Punta extraíble.;5.95;5,95 €;335
3999;20163;ASPIRADORES EURONDA CON PUNTA EXTRAÍBLE;Euronda Monoart;DESECHABLES;Azul laguna;15 cm. Bolsa de 100 uds. Punta extraíble.;8.26;8,26 €;335
4000;20165;ASPIRADORES EURONDA CON PUNTA EXTRAÍBLE;Euronda Monoart;DESECHABLES;Rosas;15 cm. Bolsa de 100 uds. Punta extraíble.;8.26;8,26 €;335
4001;20166;ASPIRADORES EURONDA CON PUNTA EXTRAÍBLE;Euronda Monoart;DESECHABLES;Amarillos;15 cm. Bolsa de 100 uds. Punta extraíble.;8.26;8,26 €;335
4002;20167;ASPIRADORES EURONDA CON PUNTA EXTRAÍBLE;Euronda Monoart;DESECHABLES;Lima;15 cm. Bolsa de 100 uds. Punta extraíble.;8.26;8,26 €;335
4003;20168;ASPIRADORES EURONDA CON PUNTA EXTRAÍBLE;Euronda Monoart;DESECHABLES;Blancos opacos;15 cm. Bolsa de 100 uds. Punta extraíble.;8.26;8,26 €;335
4004;20169;ASPIRADORES EURONDA CON PUNTA EXTRAÍBLE;Euronda Monoart;DESECHABLES;Naranjas;15 cm. Bolsa de 100 uds. Punta extraíble.;8.26;8,26 €;335
4005;20170;ASPIRADORES EURONDA CON PUNTA EXTRAÍBLE;Euronda Monoart;DESECHABLES;Verdes;15 cm. Bolsa de 100 uds. Punta extraíble.;8.26;8,26 €;335
4006;20171;ASPIRADORES EURONDA CON PUNTA EXTRAÍBLE;Euronda Monoart;DESECHABLES;Transparentes;15 cm. Bolsa de 100 uds. Punta extraíble.;8.26;8,26 €;335
4007;20172;ASPIRADORES EURONDA CON PUNTA EXTRAÍBLE;Euronda Monoart;DESECHABLES;Azules;15 cm. Bolsa de 100 uds. Punta extraíble.;8.26;8,26 €;335
4008;20173;ASPIRADORES EURONDA CON PUNTA EXTRAÍBLE;Euronda Monoart;DESECHABLES;Lilas;15 cm. Bolsa de 100 uds. Punta extraíble.;8.26;8,26 €;335
4009;20174;ASPIRADORES SIN PUNTA;Euronda Monoart;DESECHABLES;Transparentes;15 cm. Bolsa de de la cola en el proceso Punta NO extraíble.;3.95;3,95 €;335
4010;20175;ASPIRADORES SIN PUNTA;Euronda Monoart;DESECHABLES;Azul;15 cm. Bolsa de de la cola en el proceso Punta NO extraíble.;3.95;3,95 €;335
4011;20176;ASPIRADORES SIN PUNTA;Euronda Monoart;DESECHABLES;Verde;15 cm. Bolsa de de la cola en el proceso Punta NO extraíble.;3.95;3,95 €;335
4012;20177;ASPIRADORES SIN PUNTA;Euronda Monoart;DESECHABLES;Amarillo;15 cm. Bolsa de de la cola en el proceso Punta NO extraíble.;3.95;3,95 €;335
4013;20178;ASPIRADORES SIN PUNTA;Euronda Monoart;DESECHABLES;Naranja;15 cm. Bolsa de de la cola en el proceso Punta NO extraíble.;3.95;3,95 €;335
4014;20179;ASPIRADORES SIN PUNTA;Euronda Monoart;DESECHABLES;Lila;15 cm. Bolsa de de la cola en el proceso Punta NO extraíble.;3.95;3,95 €;335
4015;20180;ASPIRADORES SIN PUNTA;Euronda Monoart;DESECHABLES;Rojo;15 cm. Bolsa de de la cola en el proceso Punta NO extraíble.;3.95;3,95 €;335
4016;20181;ASPIRADORES SIN PUNTA;Euronda Monoart;DESECHABLES;Blanco;15 cm. Bolsa de de la cola en el proceso Punta NO extraíble.;3.95;3,95 €;335
4017;35399;ASPIRADORES;Bestdent;DESECHABLES;Lila;Punta extraíble. sello de seguridad recoge cada bolsa Eyector no tóxico debido a la eliminación de producción.;3.95;3,95 €;335
4018;35400;ASPIRADORES;Bestdent;DESECHABLES;Amarillo;Punta extraíble. sello de seguridad recoge cada bolsa Eyector no tóxico debido a la eliminación de producción.;3.95;3,95 €;335
4019;35401;ASPIRADORES;Bestdent;DESECHABLES;Azul;Punta extraíble. sello de seguridad recoge cada bolsa Eyector no tóxico debido a la eliminación de producción.;3.95;3,95 €;335
4020;35402;ASPIRADORES;Bestdent;DESECHABLES;Naranja;Punta extraíble. sello de seguridad recoge cada bolsa Eyector no tóxico debido a la eliminación de producción.;3.95;3,95 €;335
4021;35403;ASPIRADORES;Bestdent;DESECHABLES;Opacos;Punta extraíble. sello de seguridad recoge cada bolsa Eyector no tóxico debido a la eliminación de producción.;3.95;3,95 €;335
4022;35404;ASPIRADORES;Bestdent;DESECHABLES;Rojo;Punta extraíble. sello de seguridad recoge cada bolsa Eyector no tóxico debido a la eliminación de producción.;3.95;3,95 €;335
4023;35405;ASPIRADORES;Bestdent;DESECHABLES;Transparentes;Punta extraíble. sello de seguridad recoge cada bolsa Eyector no tóxico debido a la eliminación de producción.;3.95;3,95 €;335
4024;35406;ASPIRADORES;Bestdent;DESECHABLES;Verde;Punta extraíble. sello de seguridad recoge cada bolsa Eyector no tóxico debido a la eliminación de producción.;3.95;3,95 €;335
4025;70111;GASAS ESTÉRILES;Omnia;DESECHABLES;25 x 16 cm.;20 paquetes estériles 8 capas.;15.4;15,40 €;335
4026;18922;CÁNULA DE ASPIRACIÓN QUIRÚRGICA CON ADAPTADOR DE PVC;Alle-Euronda;DESECHABLES;;20 unidades.;32.28;32,28 €;336
4027;23658;ASPIRADORES TOTAL COMFORT;Asa Dental;DESECHABLES;;100 uds.;7.09;7,09 €;336
4028;4185;SURGITIP;Roeko;DESECHABLES;20 cánulas + 1 adaptador;Cánula de Ø 4,9 mm extraíble con adaptador;55.02;55,02 €;336
4029;41850;SURGITIP;Roeko;DESECHABLES;100 cánulas + 1 adaptador;Cánula de Ø 4,9 mm extraíble con adaptador;244.96;244,96 €;336
4030;41851;SURGITIP;Roeko;DESECHABLES;100 cánulas + 1 adaptador;Cánula de Ø 4,9 mm extraíble con adaptador;222.62;222,62 €;336
4031;43633;ASPIRADORES TOTAL COMFORT;Asa Dental;DESECHABLES;;20 uds. estériles, Ø 48 mm. Con de 2,5 mm. y adaptador a 11 y 16 mm.;33.95;33,95 €;336
4032;46213;ASPIRADOR QUIRURGICO;Alle-Euronda;DESECHABLES;;20 unidades;33.95;33,95 €;336
4033;100114;HYGOFORMIC BIO;Orsing;DESECHABLES;100 unidades;;13.81;13,81 €;337
4034;100115;HYGOFORMIC BIO;Orsing;DESECHABLES;Adaptador;;11.84;11,84 €;337
4035;100120;HYGOFORMIC BIO;Orsing;DESECHABLES;1.000 unidades;;163.89;163,89 €;337
4036;10195;HYGOTIP XL BIO;Orsing;DESECHABLES;;10 unidades.;14.05;14,05 €;337
4037;2182;Cánula para colocar el Hygosurge, Hygotip o para uso independiente.;Orsing;DESECHABLES;;Bolsa de 100 uds. Ø 11 mm. Sin efecto ventosa al estar perforada. Cánula para colocar el Hygosurge, Hygotip o para uso independiente.;7.98;7,98 €;337
4038;2183;HYGOVAC CLÁSICA;Orsing;DESECHABLES;;Bolsa de 100 uds. Ø 11 mm. Sin efecto ventosa al estar perforada. Cánula para colocar el Hygosurge, Hygotip o para uso independiente.;11.84;11,84 €;337
4039;45620;ASPIRADORES SCANTUBE;Orsing;DESECHABLES;Azul.;13,5 cm. 1.000;42.84;42,84 €;337
4040;47853;EECCOO;Orsing;DESECHABLES;- 47854;Bolsa de 100 uds. Ø 11 mm. Sin efecto ventosa al estar perforada. Cánula para colocar el Hygosurge, Hygotip o para uso independiente.;8.67;8,67 €;337
4041;47854;HYGOVAC BIO;Orsing;DESECHABLES;Blanco corto 9,5 cm;100 uds.;7.6;7,60 €;337
4042;47855;HYGOFORMIC BIO;Orsing;DESECHABLES;- 47859;13,5 cm. 1.000;42.84;42,84 €;337
4043;47859;HYGOVAC BIO;Orsing;DESECHABLES;Verde lima corto 9,5 cm;100 uds.;10.11;10,11 €;337
4044;47860;HYGOVAC VENT BIO;Orsing;DESECHABLES;;100 uds.;10.11;10,11 €;337
4045;0229;CÁNULAS UNIVERSAL III;Dürr;DESECHABLES;Caja de 20 uds.;Para embudo de;24.09;24,09 €;338
4046;02302;CÁNULAS PROFILAXIS GRIS;Dürr;DESECHABLES;Cánulas de profilaxis gris (4 uds.);;24.0;24,00 €;338
4047;20994;CÁNULAS EURONDA EM19;Euronda Monoart;DESECHABLES;Gris;10 uds.;24.09;24,09 €;338
4048;20995;CÁNULAS EURONDA EM19;Euronda Monoart;DESECHABLES;Azul;10 uds.;24.09;24,09 €;338
4049;20996;CÁNULAS EURONDA EM19;Euronda Monoart;DESECHABLES;Verde;10 uds.;24.09;24,09 €;338
4050;20997;CÁNULAS EURONDA EM19;Euronda Monoart;DESECHABLES;Amarillo;10 uds.;24.09;24,09 €;338
4051;20998;CÁNULAS EURONDA EM19;Euronda Monoart;DESECHABLES;Naranja;10 uds.;24.09;24,09 €;338
4052;20999;CÁNULAS EURONDA EM19;Euronda Monoart;DESECHABLES;Lila;10 uds.;24.09;24,09 €;338
4053;21000;CÁNULAS EURONDA EM19;Euronda Monoart;DESECHABLES;Rosa;10 uds.;24.09;24,09 €;338
4054;21001;CÁNULAS EM21 EVO NIÑOS;Euronda Monoart;DESECHABLES;Gris;Para embudo de;24.09;24,09 €;338
4055;21002;CÁNULAS EM21 EVO NIÑOS;Euronda Monoart;DESECHABLES;Azul;Para embudo de;24.09;24,09 €;338
4056;21003;CÁNULAS EM21 EVO NIÑOS;Euronda Monoart;DESECHABLES;Verde;Para embudo de;24.09;24,09 €;338
4057;21004;CÁNULAS EM21 EVO NIÑOS;Euronda Monoart;DESECHABLES;Rosa;Para embudo de;24.09;24,09 €;338
4058;21005;CÁNULAS EM21 EVO NIÑOS;Euronda Monoart;DESECHABLES;Lila;Para embudo de;24.09;24,09 €;338
4059;21007;CÁNULAS EURONDA EM19;Euronda Monoart;DESECHABLES;Burgundy;10 uds.;65.23;65,23 €;338
4060;21008;CÁNULAS EM21 EVO NIÑOS;Euronda Monoart;DESECHABLES;Burgundy;Para embudo de;24.09;24,09 €;338
4061;2187;HYGOSURGE - PARA HYGOVAC;Orsing;DESECHABLES;Hygosurge;Boquilla fina. Bolsa Esterilizables.;31.2;31,20 €;338
4062;2189;HYGOSURGE - PARA HYGOVAC;Orsing;DESECHABLES;Hygotip;Boquilla ancha. Esterilizables.;16.08;16,08 €;338
4063;4108;CÁNULAS QUIRÚRGICAS;Cattani;DESECHABLES;Nº 9. Ø 4 mm.;15 uds.;65.23;65,23 €;338
4064;4109;CÁNULAS QUIRÚRGICAS;Cattani;DESECHABLES;Nº 10. Ø 6 mm.;15 uds.;65.23;65,23 €;338
4065;43427;ASPIRADORES GBT FLOWCONTROL;EMS;DESECHABLES;4 aspiradores;;58.75;58,75 €;339
4066;43428;ASPIRADORES GBT FLOWCONTROL;EMS;DESECHABLES;Reposición 4 boquillas rosas;;25.0;25,00 €;339
4067;6476;KIT ASPIRADOR RECUPERADOR DE HUESO;Omnia;DESECHABLES;;5 uds. con cánula + filtro de hueso + tubo de PVC medico de 2 mm. + adaptador de 6 a 12 mm.;58.63;58,63 €;339
4068;64872;ASPIRADOR QUIRÚRGICO;Omnia;DESECHABLES;;10 uds.;58.63;58,63 €;339
4069;6493;ASPIRADOR QUIRÚRGICO;Omnia;DESECHABLES;2,20 m.;10 unidades.;2.2;2,20 €;339
4070;69130;CÁNULAS “NIEBLA” SOGEVA;Sogeva;DESECHABLES;Para embudo de 16 mm.;Caja de 10 uds. Con protege lenguas.;16.33;16,33 €;339
4071;69140;CÁNULAS “NIEBLA” SOGEVA;Sogeva;DESECHABLES;Para embudo de 11 mm.;Caja de 10 uds. Con protege lenguas.;16.33;16,33 €;339
4072;70085;ASPIRADOR ESPEJO PUREVAC;Dentsply;DESECHABLES;Rodio;6 unidades.;93.26;93,26 €;339
4073;0219;FILTROS PARA SOPORTES;Dürr;DESECHABLES;;Caja de 12 unidades.;37.3;37,30 €;340
4074;70503;ACCESORIO MANGUERA TERMINAL MANUAL B;Cattani;DESECHABLES;Ø11;1 unidad;36.95;36,95 €;340
4075;70504;ACCESORIO MANGUERA TERMINAL MANUAL B;Cattani;DESECHABLES;Ø16;1 unidad;50.07;50,07 €;340
4076;70509;FILTRO ASPIRACIÓN CATTANI PARA SOPORTE DE CÁNULAS;CATTANI;DESECHABLES;;1 unidad;28.11;28,11 €;340
4077;73072;EMBUDO ASPIRACIÓN AUTOCLAVABLE;Cattani;DESECHABLES;;1 unidad;9.44;9,44 €;340
4078;82219;ADAPTADOR ASPIRASALIVA;Bestdent;DESECHABLES;;5 unidades;32.25;32,25 €;340
4079;82220;ADAPTADOR ASPIRASALIVA;Bestdent;DESECHABLES;;10 unidades;32.25;32,25 €;340
4080;0822;MIRASUC;Hager & Werken;DESECHABLES;;6 uds. Para las Diámetro de 1,7;12.33;12,33 €;341
4081;0823;CHIRU-CLEANER;Hager & Werken;DESECHABLES;23 cm. 12 uds.;Cepillos para la limpieza;26.65;26,65 €;341
4082;0871;CHIRU-CLEANER;Hager & Werken;DESECHABLES;16 cm. 6 uds.;Cepillos para la limpieza;13.36;13,36 €;341
4083;1980;Produto Dentário;Acteon;DESECHABLES;Blanco. 96 uds. Estériles;;49.44;49,44 €;341
4084;1981;Produto Dentário;Acteon;DESECHABLES;Blanco. 250 uds.;;74.76;74,76 €;341
4085;1987;Produto Dentário;Acteon;DESECHABLES;Azul. 250 uds.;;74.76;74,76 €;341
4086;43480;CHIRU-CLEANER;Hager & Werken;DESECHABLES;Long: 76 mm.;Cepillos para la limpieza;132.94;132,94 €;341
4087;43880;CHIRU-CLEANER;Hager & Werken;DESECHABLES;para Siemens;Cepillos para la limpieza;67.97;67,97 €;341
4088;43929;CHIRU-CLEANER;Hager & Werken;DESECHABLES;para Luzzani;Cepillos para la limpieza;102.81;102,81 €;341
4089;43930;CHIRU-CLEANER;Hager & Werken;DESECHABLES;para ADEC;Cepillos para la limpieza;65.38;65,38 €;341
4090;43940;CHIRU-CLEANER;Hager & Werken;DESECHABLES;Long: 57 mm.;Cepillos para la limpieza;132.94;132,94 €;341
4091;70298;Produto Dentário;Acteon;DESECHABLES;Rosa. 250 uds.;Cepillos para la limpieza;74.76;74,76 €;341
4092;70362;Produto Dentário;Acteon;DESECHABLES;Verde. 250 uds.;;74.76;74,76 €;341
4093;0138;GUANTES DE;Proclinic;DESECHABLES;Talla grande;Caja de 100 unidades;14.65;14,65 €;342
4094;0139;GUANTES DE;Proclinic;DESECHABLES;Talla mediana;Caja de 100 unidades;14.65;14,65 €;342
4095;0140;GUANTES DE;Proclinic;DESECHABLES;Talla pequeña;Caja de 100 unidades;14.65;14,65 €;342
4096;0170;GUANTES DE;Proclinic;DESECHABLES;Talla extra pequeña;Caja de 100 unidades;14.65;14,65 €;342
4097;46000;RISKONTROL ART;Acteon;DESECHABLES;Color: blanco / Aroma: menta;250 uds.;79.8;79,80 €;342
4098;46003;RISKONTROL ART;Acteon;DESECHABLES;Color: verde / Aroma: anís;250 uds.;79.8;79,80 €;342
4099;46004;RISKONTROL ART;Acteon;DESECHABLES;negra;250 uds.;79.8;79,80 €;342
4100;46005;RISKONTROL ART;Acteon;DESECHABLES;Color: naranja / Aroma: mandarina;250 uds.;79.8;79,80 €;342
4101;46006;RISKONTROL ART;Acteon;DESECHABLES;Color: gris / Aroma: regaliz;250 uds.;79.8;79,80 €;342
4102;56695;SEAL TIGHT TIPS;Kerr;DESECHABLES;Blancos;200 unidades. aire-agua. Las nuevas boquillas Riskontrol;51.11;51,11 €;342
4103;82576;SEAL TIGHT TIPS;Kerr;DESECHABLES;Surtido de colores;200 unidades. aire-agua. Las nuevas boquillas Riskontrol;51.11;51,11 €;342
4104;23654;GUANTES SIN POLVO BESTDENT;Bestdent;DESECHABLES;Talla grande;Caja de 100 unidades;9.4;9,40 €;344
4105;23655;GUANTES SIN POLVO BESTDENT;Bestdent;DESECHABLES;Talla mediana;Caja de 100 unidades;9.4;9,40 €;344
4106;23656;GUANTES SIN POLVO BESTDENT;Bestdent;DESECHABLES;Talla pequeña;Caja de 100 unidades;9.4;9,40 €;344
4107;23657;GUANTES SIN POLVO BESTDENT;Bestdent;DESECHABLES;Talla extra pequeña;Caja de 100 unidades;9.95;9,95 €;344
4108;23659;GUANTES SIN POLVO BESTDENT;Bestdent;DESECHABLES;Talla extra grande;Caja de 100 unidades;9.4;9,40 €;344
4109;24684;GUANTES CON POLVO BESTDENT;Bestdent;DESECHABLES;Talla extra grande;Caja de 100 unidades;9.4;9,40 €;344
4110;24685;GUANTES CON POLVO BESTDENT;Bestdent;DESECHABLES;Talla grande;Caja de 100 unidades;9.4;9,40 €;344
4111;24686;GUANTES CON POLVO BESTDENT;Bestdent;DESECHABLES;Talla mediana;Caja de 100 unidades;9.4;9,40 €;344
4112;24687;GUANTES CON POLVO BESTDENT;Bestdent;DESECHABLES;Talla pequeña;Caja de 100 unidades;9.4;9,40 €;344
4113;24688;GUANTES CON POLVO BESTDENT;Bestdent;DESECHABLES;Talla extra pequeña;Caja de 100 unidades;9.4;9,40 €;344
4114;55010;GUANTES DE LÁTEX;Proclinic;DESECHABLES;Talla grande;Caja de 100 unidades;15.65;15,65 €;344
4115;55020;GUANTES DE LÁTEX;Proclinic;DESECHABLES;Talla mediana;Caja de 100 unidades;15.65;15,65 €;344
4116;55030;GUANTES DE LÁTEX;Proclinic;DESECHABLES;Talla pequeña;Caja de 100 unidades;15.65;15,65 €;344
4117;55040;GUANTES DE LÁTEX;Proclinic;DESECHABLES;Talla extra pequeña;Caja de 100 unidades;15.65;15,65 €;344
4118;44250;GUANTES DE;Bestdent;DESECHABLES;Talla grande;;12.95;12,95 €;345
4119;44251;GUANTES DE;Bestdent;DESECHABLES;Talla mediana;;12.95;12,95 €;345
4120;44252;GUANTES DE;Bestdent;DESECHABLES;Talla pequeña;;12.95;12,95 €;345
4121;44253;GUANTES DE;Bestdent;DESECHABLES;Talla extra;;12.95;12,95 €;345
4122;57960;GUANTES DE LÁTEX SIN POLVO PANEL;Bestdent;DESECHABLES;Talla grande;100 unidades. Color blanco.;12.95;12,95 €;345
4123;57961;GUANTES DE LÁTEX SIN POLVO PANEL;Bestdent;DESECHABLES;Talla mediana;100 unidades. Color blanco.;12.95;12,95 €;345
4124;57962;GUANTES DE LÁTEX SIN POLVO PANEL;Bestdent;DESECHABLES;Talla pequeña;100 unidades. Color blanco.;12.95;12,95 €;345
4125;57963;GUANTES DE LÁTEX SIN POLVO PANEL;Bestdent;DESECHABLES;Talla extra pequeña;100 unidades. Color blanco.;12.95;12,95 €;345
4126;83042;GUANTES DE LÁTEX SIN POLVO;Euronda Monoart;DESECHABLES;Talla extra pequeña;100 unidades;19.95;19,95 €;345
4127;83043;GUANTES DE LÁTEX SIN POLVO;Euronda Monoart;DESECHABLES;Talla pequeña;100 unidades;19.95;19,95 €;345
4128;83044;GUANTES DE LÁTEX SIN POLVO;Euronda Monoart;DESECHABLES;Talla mediana;100 unidades;19.95;19,95 €;345
4129;83045;GUANTES DE LÁTEX SIN POLVO;Euronda Monoart;DESECHABLES;Talla grande;100 unidades;19.95;19,95 €;345
4130;19780;GUANTES DE LÁTEX SIN POLVO LANO-E GEL;Unigloves;DESECHABLES;;100 unidades.;5.05;5,05 €;346
4131;79650;GUANTES DE LÁTEX SIN POLVO LANO-E GEL;Unigloves;DESECHABLES;Talla mediana;Caja de 100 uds.;20.29;20,29 €;346
4132;79651;GUANTES DE LÁTEX SIN POLVO LANO-E GEL;Unigloves;DESECHABLES;Talla grande;Caja de 100 uds.;12.95;12,95 €;346
4133;79652;GUANTES DE LÁTEX SIN POLVO LANO-E GEL;Unigloves;DESECHABLES;Talla pequeña;Caja de 100 uds.;12.95;12,95 €;346
4134;79653;GUANTES DE LÁTEX SIN POLVO LANO-E GEL;Unigloves;DESECHABLES;Talla extra pequeña;Caja de 100 uds.;12.95;12,95 €;346
4135;93743;GUANTES DE LÁTEX SIN POLVO LANO-E GEL;Unigloves;DESECHABLES;Talla extra pequeña;100 unidades;20.29;20,29 €;346
4136;93744;GUANTES DE LÁTEX SIN POLVO LANO-E GEL;Unigloves;DESECHABLES;Talla pequeña;100 unidades;20.29;20,29 €;346
4137;93745;GUANTES DE LÁTEX SIN POLVO LANO-E GEL;Unigloves;DESECHABLES;Talla mediana;100 unidades;20.29;20,29 €;346
4138;93746;GUANTES DE LÁTEX SIN POLVO LANO-E GEL;Unigloves;DESECHABLES;Talla grande;100 unidades;20.29;20,29 €;346
4139;85433;GUANTES DE NITRILO SIN POLVO AZULES;Proclinic;DESECHABLES;Talla extra pequeña;Caja de 100 unidades;16.75;16,75 €;348
4140;85434;GUANTES DE NITRILO SIN POLVO AZULES;Proclinic;DESECHABLES;Talla pequeña;Caja de 100 unidades;16.75;16,75 €;348
4141;85435;GUANTES DE NITRILO SIN POLVO AZULES;Proclinic;DESECHABLES;Talla mediana;Caja de 100 unidades;16.75;16,75 €;348
4142;85436;GUANTES DE NITRILO SIN POLVO AZULES;Proclinic;DESECHABLES;Talla grande;Caja de 100 unidades;16.75;16,75 €;348
4143;37009;GUANTES DE NITRILO SIN POLVO PEHA SOFT;HARTMANN;DESECHABLES;;25 x 14 x 9,5 cm;39.55;39,55 €;349
4144;69084;GUANTES DE NITRILO SIN PLANET BIODEGRADABLES;Akzenta;DESECHABLES;Talla grande;100 unidades;17.46;17,46 €;349
4145;69085;GUANTES DE NITRILO SIN PLANET BIODEGRADABLES;Akzenta;DESECHABLES;Talla mediana;100 unidades;14.95;14,95 €;349
4146;69086;GUANTES DE NITRILO SIN PLANET BIODEGRADABLES;Akzenta;DESECHABLES;Talla pequeña;100 unidades;14.95;14,95 €;349
4147;69087;GUANTES DE NITRILO SIN PLANET BIODEGRADABLES;Akzenta;DESECHABLES;Talla extra pequeña;100 unidades;14.95;14,95 €;349
4148;69101;GUANTES DE NITRILO NEGROS;Akzenta;DESECHABLES;Talla grande;100 unidades;14.95;14,95 €;349
4149;69102;GUANTES DE NITRILO NEGROS;Akzenta;DESECHABLES;Talla pequeña;100 unidades;14.95;14,95 €;349
4150;69103;GUANTES DE NITRILO NEGROS;Akzenta;DESECHABLES;Talla extra pequeña;100 unidades;14.95;14,95 €;349
4151;69104;GUANTES DE NITRILO NEGROS;Akzenta;DESECHABLES;Talla mediana;100 unidades;14.95;14,95 €;349
4152;69105;GUANTES DE NITRILO NEGROS;Akzenta;DESECHABLES;Talla extra grande;100 unidades;14.95;14,95 €;349
4153;98616;GUANTES DE NITRILO SIN POLVO PEHA SOFT;HARTMANN;DESECHABLES;Talla XS;150 unidades;19.95;19,95 €;349
4154;98617;GUANTES DE NITRILO SIN POLVO PEHA SOFT;HARTMANN;DESECHABLES;Talla S;150 unidades;19.95;19,95 €;349
4155;98618;GUANTES DE NITRILO SIN POLVO PEHA SOFT;HARTMANN;DESECHABLES;Talla M;150 unidades;17.46;17,46 €;349
4156;98619;GUANTES DE NITRILO SIN POLVO PEHA SOFT;HARTMANN;DESECHABLES;Talla L;150 unidades;17.46;17,46 €;349
4157;55256;GUANTES PEHA UNDER ESTÉRILES SIN POLVO;Hartmann;DESECHABLES;N. 6;50 pares.;169.38;169,38 €;350
4158;55257;GUANTES PEHA UNDER ESTÉRILES SIN POLVO;Hartmann;DESECHABLES;N. 6.5;50 pares.;169.38;169,38 €;350
4159;55258;GUANTES PEHA UNDER ESTÉRILES SIN POLVO;Hartmann;DESECHABLES;N. 7.5;50 pares.;94.3;94,30 €;350
4160;55260;GUANTES PEHA UNDER ESTÉRILES SIN POLVO;Hartmann;DESECHABLES;N. 8.5;50 pares.;169.38;169,38 €;350
4161;55265;GUANTE PEHA-MICRON LÁTEX SIN POLVO;Hartmann;DESECHABLES;N. 8;50 pares.;47.67;47,67 €;350
4162;55266;GUANTE PEHA-MICRON LÁTEX SIN POLVO;Hartmann;DESECHABLES;N. 8.5;50 pares.;47.67;47,67 €;350
4163;55268;GUANTE PEHA-BASIC LÁTEX;Hartmann;DESECHABLES;N. 6.5;50 pares.;47.67;47,67 €;350
4164;55269;GUANTE PEHA-BASIC LÁTEX;Hartmann;DESECHABLES;N. 7;50 pares.;47.67;47,67 €;350
4165;55270;GUANTE PEHA-BASIC LÁTEX;Hartmann;DESECHABLES;N. 7.5;50 pares.;47.67;47,67 €;350
4166;55271;GUANTE PEHA-BASIC LÁTEX;Hartmann;DESECHABLES;N. 8;50 pares.;47.67;47,67 €;350
4167;55272;GUANTE PEHA-BASIC LÁTEX;Hartmann;DESECHABLES;N. 8.5;50 pares.;47.67;47,67 €;350
4168;55278;GUANTES PEHA UNDER ESTÉRILES SIN POLVO;Hartmann;DESECHABLES;N. 7;50 pares.;94.3;94,30 €;350
4169;74506;GUANTES DE LÁTEX ESTÉRILES SIN POLVO;Bestdent;DESECHABLES;N. 6;50 pares;32.31;32,31 €;350
4170;74507;GUANTES DE LÁTEX ESTÉRILES SIN POLVO;Bestdent;DESECHABLES;N. 6.5;50 pares;32.31;32,31 €;350
4171;74508;GUANTES DE LÁTEX ESTÉRILES SIN POLVO;Bestdent;DESECHABLES;N. 7;50 pares;32.31;32,31 €;350
4172;74509;GUANTES DE LÁTEX ESTÉRILES SIN POLVO;Bestdent;DESECHABLES;N. 7.5;50 pares;32.31;32,31 €;350
4173;74510;GUANTES DE LÁTEX ESTÉRILES SIN POLVO;Bestdent;DESECHABLES;N. 8;50 pares;32.31;32,31 €;350
4174;74511;GUANTES DE LÁTEX ESTÉRILES SIN POLVO;Bestdent;DESECHABLES;N. 8.5;50 pares;32.31;32,31 €;350
4175;96500;GUANTES DE LÁTEX PEHA-TAFT CLASSIC ESTÉRIL SIN POLVO;Hartmann;DESECHABLES;N. 8,5;50 Pares.;50.8;50,80 €;350
4176;96501;GUANTES DE LÁTEX PEHA-TAFT CLASSIC ESTÉRIL SIN POLVO;Hartmann;DESECHABLES;N. 6;50 Pares.;50.8;50,80 €;350
4177;96502;GUANTES DE LÁTEX PEHA-TAFT CLASSIC ESTÉRIL SIN POLVO;Hartmann;DESECHABLES;N. 6.5;50 Pares.;50.8;50,80 €;350
4178;96503;GUANTES DE LÁTEX PEHA-TAFT CLASSIC ESTÉRIL SIN POLVO;Hartmann;DESECHABLES;N. 7;50 Pares.;50.8;50,80 €;350
4179;96504;GUANTES DE LÁTEX PEHA-TAFT CLASSIC ESTÉRIL SIN POLVO;Hartmann;DESECHABLES;N. 7.5;50 Pares.;50.8;50,80 €;350
4180;96505;GUANTES DE LÁTEX PEHA-TAFT CLASSIC ESTÉRIL SIN POLVO;Hartmann;DESECHABLES;N. 8;50 Pares.;50.8;50,80 €;350
4181;4292;DEDALES O FUNDAS DE LÁTEX PROTECCIÓN RVG;Medistock;DESECHABLES;X-Grande;100 Uds. Dedales o fundas de látex para la protección de los captadores de Radivisiografía.;3.99;3,99 €;351
4182;55245;DEDALES O FUNDAS DE LÁTEX PROTECCIÓN RVG;Medistock;DESECHABLES;N. 6.5;50 pares.;223.15;223,15 €;351
4183;55246;DEDALES O FUNDAS DE LÁTEX PROTECCIÓN RVG;Medistock;DESECHABLES;N. 7;50 pares.;223.15;223,15 €;351
4184;55247;DEDALES O FUNDAS DE LÁTEX PROTECCIÓN RVG;Medistock;DESECHABLES;N. 7.5;50 pares.;223.15;223,15 €;351
4185;6454;DEDALES O FUNDAS DE LÁTEX PROTECCIÓN RVG;Medistock;DESECHABLES;N. 6.5;50 pares.;223.15;223,15 €;351
4186;64630;DEDALES O FUNDAS DE LÁTEX PROTECCIÓN RVG;Medistock;DESECHABLES;N. 8.5;50 pares.;223.15;223,15 €;351
4187;64720;DEDALES O FUNDAS DE LÁTEX PROTECCIÓN RVG;Medistock;DESECHABLES;N. 8;50 pares.;223.15;223,15 €;351
4188;65755;DEDALES O FUNDAS DE LÁTEX PROTECCIÓN RVG;Medistock;DESECHABLES;N. 6;50 pares.;223.15;223,15 €;351
4189;70003;DEDALES O FUNDAS DE LÁTEX PROTECCIÓN RVG;Medistock;DESECHABLES;Pequeñas;100 Uds. Dedales o fundas de látex para la protección de los captadores de Radivisiografía.;37.47;37,47 €;351
4190;70004;DEDALES O FUNDAS DE LÁTEX PROTECCIÓN RVG;Medistock;DESECHABLES;Medianas;100 Uds. Dedales o fundas de látex para la protección de los captadores de Radivisiografía.;37.47;37,47 €;351
4191;70005;DEDALES O FUNDAS DE LÁTEX PROTECCIÓN RVG;Medistock;DESECHABLES;Grande;100 Uds. Dedales o fundas de látex para la protección de los captadores de Radivisiografía.;37.47;37,47 €;351
4192;75626;DEDALES O FUNDAS DE LÁTEX PROTECCIÓN RVG;Medistock;DESECHABLES;N. 8;50 pares.;223.15;223,15 €;351
4193;2083;ROLLO BABEROS PLÁSTICO + PAPEL MONOART;Euronda Monoart;DESECHABLES;Azul;Rollo 80 uds.;27.39;27,39 €;352
4194;21662;ROLLO BABEROS PLÁSTICO;Sogeva;DESECHABLES;Azul;Rollo 80 uds.;21.45;21,45 €;352
4195;21663;ROLLO BABEROS PLÁSTICO;Sogeva;DESECHABLES;Verde;Rollo 80 uds.;21.45;21,45 €;352
4196;21756;BABEROS NATURA;Euronda Monoart;DESECHABLES;;Rollo 80 uds. + PAPEL;29.0;29,00 €;352
4197;21764;ROLLO BABEROS PLÁSTICO + PAPEL MONOART;Euronda Monoart;DESECHABLES;Azul laguna;Rollo 80 uds.;27.39;27,39 €;352
4198;21765;ROLLO BABEROS PLÁSTICO + PAPEL MONOART;Euronda Monoart;DESECHABLES;Burdeos;Rollo 80 uds.;27.39;27,39 €;352
4199;21766;ROLLO BABEROS PLÁSTICO + PAPEL MONOART;Euronda Monoart;DESECHABLES;Blanco;Rollo 80 uds.;27.39;27,39 €;352
4200;21767;ROLLO BABEROS PLÁSTICO + PAPEL MONOART;Euronda Monoart;DESECHABLES;Lima;Rollo 80 uds.;27.39;27,39 €;352
4201;21768;ROLLO BABEROS PLÁSTICO + PAPEL MONOART;Euronda Monoart;DESECHABLES;Verde;Rollo 80 uds.;27.39;27,39 €;352
4202;21770;ROLLO BABEROS PLÁSTICO + PAPEL MONOART;Euronda Monoart;DESECHABLES;Gris;Rollo 80 uds.;27.39;27,39 €;352
4203;21773;ROLLO BABEROS PLÁSTICO + PAPEL MONOART;Euronda Monoart;DESECHABLES;Azul capri;Rollo 80 uds.;27.39;27,39 €;352
4204;21774;ROLLO BABEROS PLÁSTICO + PAPEL MONOART;Euronda Monoart;DESECHABLES;Lila;Rollo 80 uds.;27.39;27,39 €;352
4205;59244;ROLLO BABEROS PLÁSTICO + PAPEL MONOART;Euronda Monoart;DESECHABLES;Naranja;Rollo 80 uds.;27.39;27,39 €;352
4206;76900;ROLLOS BABEROS PLÁSTICO-PAPEL;Bestdent;DESECHABLES;Azules.;Ancho: 55 cm. Largo: Incorporan un lado dos lazos para poder con comodidad.;21.5;21,50 €;352
4207;76901;ROLLOS BABEROS PLÁSTICO-PAPEL;Bestdent;DESECHABLES;Verdes.;Ancho: 55 cm. Largo: Incorporan un lado dos lazos para poder con comodidad.;21.5;21,50 €;352
4208;76910;ROLLOS BABEROS PLÁSTICO-PAPEL;Bestdent;DESECHABLES;Naranjas.;Ancho: 55 cm. Largo: Incorporan un lado dos lazos para poder con comodidad.;21.5;21,50 €;352
4209;76911;ROLLOS BABEROS PLÁSTICO-PAPEL;Bestdent;DESECHABLES;Azul capri.;Ancho: 55 cm. Largo: Incorporan un lado dos lazos para poder con comodidad.;21.5;21,50 €;352
4210;85602;ROLLO BABEROS PLÁSTICO + PAPEL MONOART;Euronda Monoart;DESECHABLES;Amarillo;Rollo 80 uds.;27.39;27,39 €;352
4211;85612;ROLLO BABEROS PLÁSTICO + PAPEL MONOART;Euronda Monoart;DESECHABLES;Rosa;Rollo 80 uds.;27.39;27,39 €;352
4212;20200;BABEROS BIBUP;Euronda Monoart;DESECHABLES;Blanco;150 uds.;33.0;33,00 €;353
4213;20201;BABEROS BIBUP;Euronda Monoart;DESECHABLES;Celeste;150 uds.;33.0;33,00 €;353
4214;20202;BABEROS BIBUP;Euronda Monoart;DESECHABLES;Verde;150 uds.;33.0;33,00 €;353
4215;20203;BABEROS BIBUP;Euronda Monoart;DESECHABLES;Amarillo;150 uds.;33.0;33,00 €;353
4216;20204;BABEROS BIBUP;Euronda Monoart;DESECHABLES;Lila;150 uds.;33.0;33,00 €;353
4217;20205;BABEROS BIBUP;Euronda Monoart;DESECHABLES;Rosa;150 uds.;33.0;33,00 €;353
4218;20206;BABEROS BIBUP;Euronda Monoart;DESECHABLES;Lima;150 uds.;33.0;33,00 €;353
4219;20207;BABEROS BIBUP;Euronda Monoart;DESECHABLES;Gris;150 uds.;33.0;33,00 €;353
4220;2076;DISPENSADOR PARA BABEROS;Larident;DESECHABLES;;Blanco;28.61;28,61 €;353
4221;21661;DISPENSADOR PARA ROLLOS BABERO;Euronda Monoart;DESECHABLES;;Blanco.;28.61;28,61 €;353
4222;2167;ROLLO BABERO PG20;Euronda Monoart;DESECHABLES;;Rollo 80 uds.;24.86;24,86 €;353
4223;21775;ROLLO BABERO PG20;Euronda Monoart;DESECHABLES;Azul;Rollo con 200 uds.;29.59;29,59 €;353
4224;20192;SERVILLETAS-BABERO PLÁSTICO;Euronda Monoart;DESECHABLES;Fucsia;Caja 500 uds. 2 capas;40.58;40,58 €;354
4225;2171;SERVILLETAS-BABERO PLÁSTICO;Euronda Monoart;DESECHABLES;Verde;Caja 500 uds. 2 capas;40.58;40,58 €;354
4226;21759;SERVILLETA- BABERO NATURA;Euronda Monoart;DESECHABLES;;;35.75;35,75 €;354
4227;21776;SERVILLETAS-BABERO PLÁSTICO;Euronda Monoart;DESECHABLES;Azul claro;Caja 500 uds. 2 capas;40.58;40,58 €;354
4228;21777;SERVILLETAS-BABERO PLÁSTICO;Euronda Monoart;DESECHABLES;Lila;Caja 500 uds. 2 capas;40.58;40,58 €;354
4229;21778;SERVILLETA- BABERO NATURA;Euronda Monoart;DESECHABLES;Rosa;;40.58;40,58 €;354
4230;21779;SERVILLETA- BABERO NATURA;Euronda Monoart;DESECHABLES;Blanca;;40.58;40,58 €;354
4231;21780;SERVILLETA- BABERO NATURA;Euronda Monoart;DESECHABLES;Negra;;40.58;40,58 €;354
4232;21781;SERVILLETA- BABERO NATURA;Euronda Monoart;DESECHABLES;Burdeos;;40.58;40,58 €;354
4233;21783;SERVILLETA- BABERO NATURA;Euronda Monoart;DESECHABLES;Gris;;40.58;40,58 €;354
4234;21784;SERVILLETA- BABERO NATURA;Euronda Monoart;DESECHABLES;Lima;;40.58;40,58 €;354
4235;21785;SERVILLETA- BABERO NATURA;Euronda Monoart;DESECHABLES;Azul Laguna;;40.58;40,58 €;354
4236;54831;SERVILLETAS BABERO PLÁSTICO;Dispotech;DESECHABLES;;45 x 31,5 cm. Caja de 500 uds.;46.38;46,38 €;354
4237;54832;SERVILLETAS BABERO PLÁSTICO;Dispotech;DESECHABLES;Verde. 2 capas papel + 1 de plástico;45 x 31,5 cm. Caja de 500 uds.;46.38;46,38 €;354
4238;54833;SERVILLETAS BABERO PLÁSTICO;Dispotech;DESECHABLES;Azul capri. 1 capa papel + 1 de plástico;45 x 31,5 cm. Caja de 500 uds.;28.8;28,80 €;354
4239;54834;SERVILLETAS BABERO PLÁSTICO;Dispotech;DESECHABLES;Naranja. 1 capa papel + 1 de plástico;45 x 31,5 cm. Caja de 500 uds.;28.8;28,80 €;354
4240;69000;SERVILLETAS-BABERO PLÁSTICO;Euronda Monoart;DESECHABLES;Azul capri;Caja 500 uds. 2 capas;40.58;40,58 €;354
4241;76093;SERVILLETAS BABERO PLÁSTICO;Dispotech;DESECHABLES;;45 x 31,5 cm. Caja de 500 uds.;28.8;28,80 €;354
4242;76903;SERVILLETAS BABERO;Bestdent;DESECHABLES;;Caja 500 uds. Ancho: 45 cm. Largo: 33 cm. 2 capas;28.8;28,80 €;354
4243;76904;SERVILLETAS BABERO;Bestdent;DESECHABLES;;Caja 500 uds. Ancho: 45 cm. Largo: 33 cm. 2 capas;28.8;28,80 €;354
4244;76914;SERVILLETAS BABERO;Bestdent;DESECHABLES;;Caja 500 uds. Ancho: 45 cm. Largo: 33 cm. 2 capas;28.8;28,80 €;354
4245;88207;SERVILLETAS-BABERO PLÁSTICO;Euronda Monoart;DESECHABLES;Naranja;Caja 500 uds. 2 capas;40.58;40,58 €;354
4246;99873;SERVILLETAS-BABERO PLÁSTICO;Euronda Monoart;DESECHABLES;Amarilla;Caja 500 uds. 2 capas;40.58;40,58 €;354
4247;55600;¡TU CONJUNTO AZUL COMPLETO!;Bestdent;DESECHABLES;Cofia bouffant clip (100 uds.);Rollo;12.29;12,29 €;355
4248;76902;¡TU CONJUNTO AZUL COMPLETO!;Bestdent;DESECHABLES;Servilleta-babero (500 uds.);Rollo;28.8;28,80 €;355
4249;76945;KIT MONOART 5 PRODUCTOS;Euronda Monoart;DESECHABLES;Naranja;100 Monoart EM15 + 100 Monoart Vasos de Monoart Babero PG30.;69.9;69,90 €;355
4250;76946;KIT MONOART 5 PRODUCTOS;Euronda Monoart;DESECHABLES;Azul claro;100 Monoart EM15 + 100 Monoart Vasos de Monoart Babero PG30.;69.9;69,90 €;355
4251;76947;KIT MONOART 5 PRODUCTOS;Euronda Monoart;DESECHABLES;Azul laguna;100 Monoart EM15 + 100 Monoart Vasos de Monoart Babero PG30.;69.9;69,90 €;355
4252;76948;KIT MONOART 5 PRODUCTOS;Euronda Monoart;DESECHABLES;Azul;100 Monoart EM15 + 100 Monoart Vasos de Monoart Babero PG30.;69.9;69,90 €;355
4253;76949;KIT MONOART 5 PRODUCTOS;Euronda Monoart;DESECHABLES;Lila;100 Monoart EM15 + 100 Monoart Vasos de Monoart Babero PG30.;69.9;69,90 €;355
4254;76950;KIT MONOART 5 PRODUCTOS;Euronda Monoart;DESECHABLES;Lima;100 Monoart EM15 + 100 Monoart Vasos de Monoart Babero PG30.;69.9;69,90 €;355
4255;76951;KIT MONOART 5 PRODUCTOS;Euronda Monoart;DESECHABLES;Verde;100 Monoart EM15 + 100 Monoart Vasos de Monoart Babero PG30.;69.9;69,90 €;355
4256;22691;KIT MONOART GRAFFITI;Euronda Monoart;DESECHABLES;10L – 200 bolsas;1 rollo;22.58;22,58 €;356
4257;22693;KIT MONOART GRAFFITI;Euronda Monoart;DESECHABLES;50L – 10 bolsas;1 rollo;5.14;5,14 €;356
4258;22694;KIT MONOART GRAFFITI;Euronda Monoart;DESECHABLES;75L – 10 bolsas;1 rollo;5.58;5,58 €;356
4259;22695;KIT MONOART GRAFFITI;Euronda Monoart;DESECHABLES;;1 unidad;2.83;2,83 €;356
4260;22696;KIT MONOART GRAFFITI;Euronda Monoart;DESECHABLES;Azules;5 unidades;2.83;2,83 €;356
4261;22697;KIT MONOART GRAFFITI;Euronda Monoart;DESECHABLES;Verdes;5 unidades;9.17;9,17 €;356
4262;22698;KIT MONOART GRAFFITI;Euronda Monoart;DESECHABLES;30L – 25 bolsas;1 rollo;3.32;3,32 €;356
4263;64547;KIT MONOART GRAFFITI;Euronda Monoart;DESECHABLES;Verde lima;100 Monoart Monoart Eyectores de saliva EM15 100 Monoart Mascarillas PTC3 +;79.5;79,50 €;356
4264;64548;KIT MONOART GRAFFITI;Euronda Monoart;DESECHABLES;Verde;100 Monoart Monoart Eyectores de saliva EM15 100 Monoart Mascarillas PTC3 +;79.5;79,50 €;356
4265;64549;KIT MONOART GRAFFITI;Euronda Monoart;DESECHABLES;Azul celeste;100 Monoart Monoart Eyectores de saliva EM15 100 Monoart Mascarillas PTC3 +;79.5;79,50 €;356
4266;64550;KIT MONOART GRAFFITI;Euronda Monoart;DESECHABLES;Azul;100 Monoart Monoart Eyectores de saliva EM15 100 Monoart Mascarillas PTC3 +;79.5;79,50 €;356
4267;64551;KIT MONOART GRAFFITI;Euronda Monoart;DESECHABLES;Rosa;100 Monoart Monoart Eyectores de saliva EM15 100 Monoart Mascarillas PTC3 +;79.5;79,50 €;356
4268;64552;KIT MONOART GRAFFITI;Euronda Monoart;DESECHABLES;Lila;100 Monoart Monoart Eyectores de saliva EM15 100 Monoart Mascarillas PTC3 +;79.5;79,50 €;356
4269;54600;SERVILLETAS;Qualque;DESECHABLES;30 x 30 cm. 48 x 100 uds.;Pasta reciclada. Blancas. Envase económico.;109.24;109,24 €;357
4270;54610;SERVILLETAS;Qualque;DESECHABLES;40 x 40 cm. 24 x 100 uds.;Pasta reciclada. Blancas. Envase económico.;116.05;116,05 €;357
4271;54613;SERVILLETAS;Qualque;DESECHABLES;40 x 40 cm. 24 x 75 uds.;3 capas.;125.34;125,34 €;357
4272;54614;SERVILLETAS AZULES BESTDENT;Bestdent;DESECHABLES;3 capas. 40 x 40 cm. 1.500;;82.82;82,82 €;357
4273;54615;SERVILLETAS AZULES BESTDENT;Bestdent;DESECHABLES;2 capas. 30 x 30 cm. 2.400;;62.75;62,75 €;357
4274;74520;DISPENSADOR DE SERVILLETAS;Bestdent;DESECHABLES;;Tamaño: 17 x 17 x 14 cm.;125.34;125,34 €;357
4275;99558;SERVILLETAS TORK;Tork;DESECHABLES;40 x 40 cm.;1.200 uds. 3 capas.;103.32;103,32 €;357
4276;07011;PORTA SERVILLETAS CADENA;Carl Martin;DESECHABLES;;Long: 35 c m.;18.95;18,95 €;358
4277;4209;PORTA SERVILLETAS CADENA;Mestra;DESECHABLES;;Long: 50 cm. Con regulación de longitud.;18.95;18,95 €;358
4278;59816;PORTA SERVILLETAS CADENA;Proclinic;DESECHABLES;;;27.93;27,93 €;358
4279;74521;DISPENSADOR DE SERVILLETAS;Bestdent;DESECHABLES;Transparente;Tamaño: 18 x 13 x 17;27.93;27,93 €;358
4280;74522;DISPENSADOR DE SERVILLETAS;Bestdent;DESECHABLES;Blanco;Tamaño: 18 x 13 x 17;27.93;27,93 €;358
4281;80215;PORTA SERVILLETAS CADENA 40 CM;Bestdent;DESECHABLES;;;6.47;6,47 €;358
4282;01599;PORTA SERVILLETAS DESECHABLE;Hager & Werken;DESECHABLES;Rosa;200 uds.;16.25;16,25 €;359
4283;68580;BIB CLIP;Larident;DESECHABLES;;10 unidades;35.64;35,64 €;359
4284;68589;BIB CLIP AUTOCLAVABLE;Larident;DESECHABLES;;Surtido colores;18.68;18,68 €;359
4285;78508;PAPEL SECAMANOS EN BOBINA MINI;Bestdent;DESECHABLES;9 u. x 50 m. 200 hojas de 25 cm.;2 capas de celulosa.;38.59;38,59 €;359
4286;78517;PAPEL SECAMANOS EN BOBINA;Bestdent;DESECHABLES;6 uds. x 135m. 450 hojas de;2 capas de celulosa.;44.45;44,45 €;359
4287;78518;PAPEL SECAMANOS EN BOBINA;Bestdent;DESECHABLES;6 uds. x 104 m. 450 hojas de;2 capas de celulosa.;44.45;44,45 €;359
4288;2269;DISPENSADOR PARA BOBINA CHEMINE;Kimberly-Clark;DESECHABLES;Blanco.;Para colocación en la pared. Plástico ABS de alto impacto. Con dispensación controlada. BOBINAS Alto 40 cm . Ø 26 cm.;85.65;85,65 €;360
4289;2277;PAPEL SECAMANOS EN BOBINA AZUL;Qualque;DESECHABLES;;2 capas de celulosa. 514 servicios. 180 m. Cada servicio de 35 en gofrado, más suave de secado . Tecnologia 19 g./cm2. 100% pasta;82.07;82,07 €;360
4290;22771;PAPEL SECAMANOS EN BOBINA AZUL;Qualque;DESECHABLES;;2 capas de celulosa. Envase de 6 rollos de 150 m. Gofrado, suave y resistente. 450 servicios cada uno. 21,5 cm x 35cm de ancho. Compatible con todos los dispensadores de Mecha;52.42;52,42 €;360
4291;22775;BOBINA SECAMANOS 2 CAPAS LAMINADA 135M;Qualque;DESECHABLES;;Bobinas blancas con 2 capas de celulosa. Envase de 6 rollos de 135 m. Papel gofrado, suave y resistente. 355 servicios cada uno. Compatible con todos los dispensadores;71.95;71,95 €;360
4292;22776;BOBINAS SECAMANOS ECONATURAL;Lucart;DESECHABLES;;6 rollos de 130 m (520 hojas de 18,7 cm x 25 cm);46.49;46,49 €;360
4293;4312;PAPEL SECAMANOS EN BOBINA;Qualque;DESECHABLES;;2 capas de celulosa. Envase de 6 rollos de resistente. Diámetro;68.42;68,42 €;360
4294;64514;PAPEL SECAMANOS EN BOBINA;Tork;DESECHABLES;11 bobinas Mini x 75 m.;;95.84;95,84 €;360
4295;64515;PAPEL SECAMANOS EN BOBINA;Tork;DESECHABLES;x 165;;77.61;77,61 €;360
4296;93505;PAPEL SECAMANOS EN BOBINA;Tork;DESECHABLES;6 bobinas. Blancas x 150;;71.95;71,95 €;360
4297;93506;DISPENSADOR TORK PARA ELEVATION M2;Tork;DESECHABLES;;;101.85;101,85 €;360
4298;22773;TOALLAS W TISSUE AZUL PAPEL RECICLADO;Qualque;DESECHABLES;;15 x 100 uds. (1500;39.37;39,37 €;361
4299;22774;TOALLA W TISSU BLANCA;Qualque;DESECHABLES;;Toalla ¨W ¨Tissu blanca 15 paquetes de 100;44.14;44,14 €;361
4300;76632;DISPENSADOR SLIMROLL;Kimberly-Clark;DESECHABLES;Dispensador Slimroll;;169.0;169,00 €;361
4301;76633;DISPENSADOR NO-TOUCH;Kimberly-Clark;DESECHABLES;Dispensador NO-TOUCH;;212.85;212,85 €;361
4302;78507;TOALLAS SECAMANOS;Bestdent;DESECHABLES;Toallas plegadas en Z 21,6 x;;169.0;169,00 €;361
4303;78514;TOALLAS SECAMANOS;Bestdent;DESECHABLES;Toallas plegadas en W 21,6 x;;169.0;169,00 €;361
4304;96868;DISPENSADOR NO-TOUCH;Kimberly-Clark;DESECHABLES;Toalla Secamanos Scott.;;193.1;193,10 €;361
4305;96869;TOALLAS V TISSUE;Bulkysoft;DESECHABLES;Doble capa 19 x 22 cm.;Toallas Plegadas en V. 20 x 200 uds. 4000 uds.;47.55;47,55 €;361
4306;22777;TOALLAS SECAMANOS ECONATURAL V2;Lucart;DESECHABLES;;3.800 unidades(20 paquetes de 190 unidades);68.67;68,67 €;362
4307;22943;DISPENSADOR “AQUARIUS”;Kimberly-Clark;DESECHABLES;Dispensador de toallitas plegadas;Entredobladas. Blancas de forma individual, proporcionado asi;76.1;76,10 €;362
4308;28741;TOALLAS TORK PREMIUM;Tork;DESECHABLES;Advanced Plegadas V (3750 uds.);Entredobladas. Blancas de forma individual, proporcionado asi;100.41;100,41 €;362
4309;57051;TOALLAS SCOTTFOLD BLANCAS;Kimberly-Clark;DESECHABLES;;3.360 uds.;151.22;151,22 €;362
4310;68574;SERVILLETAS EN C DE PAPEL;Larident;DESECHABLES;;3000 uds.;41.75;41,75 €;362
4311;76004;DISPENSADOR PAPEL HIGIÉNICO AQUARIUS;Kimberly-Clark;DESECHABLES;Papel higiénico interplegado;;91.52;91,52 €;362
4312;76631;DISPENSADOR PAPEL HIGIÉNICO AQUARIUS;Kimberly-Clark;DESECHABLES;Dispensador “AQUA” de higiénico;;36.34;36,34 €;362
4313;93500;TOALLAS TORK PREMIUM;Tork;DESECHABLES;X- Suave. (2.100 uds.);Entredobladas. Blancas de forma individual, proporcionado asi;114.89;114,89 €;362
4314;93502;TOALLAS TORK PREMIUM;Tork;DESECHABLES;Dispensador H2;Entredobladas. Blancas de forma individual, proporcionado asi;93.69;93,69 €;362
4315;93504;TOALLAS TORK PREMIUM;Tork;DESECHABLES;Dispensador H3;Entredobladas. Blancas de forma individual, proporcionado asi;68.71;68,71 €;362
4316;01502;MASCARILLAS RECTANGULARES;Bestdent;DESECHABLES;Verdes;Caja de 50 uds.;9.75;9,75 €;363
4317;01503;MASCARILLAS RECTANGULARES;Bestdent;DESECHABLES;Azules;Caja de 50 uds.;9.75;9,75 €;363
4318;15021;MASCARILLAS RECTANGULARES;Bestdent;DESECHABLES;Negras;Caja de 50 uds.;9.75;9,75 €;363
4319;15022;MASCARILLAS RECTANGULARES;Bestdent;DESECHABLES;Blancas;Caja de 50 uds.;9.75;9,75 €;363
4320;15023;MASCARILLAS RECTANGULARES;Bestdent;DESECHABLES;Rosas;Caja de 50 uds.;9.75;9,75 €;363
4321;15024;MASCARILLAS RECTANGULARES;Bestdent;DESECHABLES;Lilas;Caja de 50 uds.;13.95;13,95 €;363
4322;44416;FOLIODRAPE TOALLAS ESTÉRILES;Hartmann;DESECHABLES;;25 bolsas x 2 uds.;29.89;29,89 €;363
4323;64516;PAÑUELOS EXTRA-SUAVES;Tork;DESECHABLES;;Caja 100 uds.;4.18;4,18 €;363
4324;96865;PAÑUELOS FACIALES KLEENEX;Kimberly-Clark;DESECHABLES;;Caja de 100 uds.;4.18;4,18 €;363
4325;96866;WYPALL BAYETAS VERDES;Kimberly-Clark;DESECHABLES;;50 uds.;13.95;13,95 €;363
4326;20186;MASCARILLAS GRAFFITI;Euronda Monoart;DESECHABLES;Azul;Caja de 50 uds.;23.65;23,65 €;364
4327;20187;MASCARILLAS GRAFFITI;Euronda Monoart;DESECHABLES;Lima;Caja de 50 uds.;22.65;22,65 €;364
4328;20188;MASCARILLAS GRAFFITI;Euronda Monoart;DESECHABLES;Rosa;Caja de 50 uds.;22.65;22,65 €;364
4329;20189;MASCARILLAS GRAFFITI;Euronda Monoart;DESECHABLES;Lila;Caja de 50 uds.;22.65;22,65 €;364
4330;2220;MASCARILLAS RECTANGULARES;Dentsply;DESECHABLES;;Caja de 40 uds. Sin fibra de vidrio.;21.78;21,78 €;364
4331;6868;MASCARILLA COM-FIT CON;Dentsply;DESECHABLES;;Mascarilla Con-Fit Color azul. 25 uds.;73.11;73,11 €;364
4332;7689;MASCARILLAS EURONDA MONOART;Euronda Monoart;DESECHABLES;Verdes;Mascarillas que aseguran una elevada protección tanto al operador como al paciente. 50 uds.;19.71;19,71 €;364
4333;76890;MASCARILLAS EURONDA MONOART;Euronda Monoart;DESECHABLES;Negras;Mascarillas que aseguran una elevada protección tanto al operador como al paciente. 50 uds.;20.41;20,41 €;364
4334;76891;MASCARILLAS EURONDA MONOART;Euronda Monoart;DESECHABLES;Blancas;Mascarillas que aseguran una elevada protección tanto al operador como al paciente. 50 uds.;73.11;73,11 €;364
4335;76892;MASCARILLAS EURONDA MONOART;Euronda Monoart;DESECHABLES;Lima;Mascarillas que aseguran una elevada protección tanto al operador como al paciente. 50 uds.;19.71;19,71 €;364
4336;76893;MASCARILLAS EURONDA MONOART;Euronda Monoart;DESECHABLES;Amarillas;Mascarillas que aseguran una elevada protección tanto al operador como al paciente. 50 uds.;19.71;19,71 €;364
4337;76897;MASCARILLAS FLORALES;Euronda Monoart;DESECHABLES;Burgundy;Caja de 50 uds.;23.65;23,65 €;364
4338;76898;MASCARILLAS EURONDA MONOART;Euronda Monoart;DESECHABLES;Azul Laguna;Mascarillas que aseguran una elevada protección tanto al operador como al paciente. 50 uds.;19.71;19,71 €;364
4339;7690;MASCARILLAS EURONDA MONOART;Euronda Monoart;DESECHABLES;Azules;Mascarillas que aseguran una elevada protección tanto al operador como al paciente. 50 uds.;19.71;19,71 €;364
4340;76906;MASCARILLAS EURONDA MONOART;Euronda Monoart;DESECHABLES;Rosas;Mascarillas que aseguran una elevada protección tanto al operador como al paciente. 50 uds.;19.71;19,71 €;364
4341;76907;MASCARILLAS EURONDA MONOART;Euronda Monoart;DESECHABLES;Lilas;Mascarillas que aseguran una elevada protección tanto al operador como al paciente. 50 uds.;19.71;19,71 €;364
4342;76908;MASCARILLAS FLORALES;Euronda Monoart;DESECHABLES;Rosa;Caja de 50 uds.;23.65;23,65 €;364
4343;76909;MASCARILLAS FLORALES;Euronda Monoart;DESECHABLES;Lima;Caja de 50 uds.;23.65;23,65 €;364
4344;76912;MASCARILLAS FLORALES;Euronda Monoart;DESECHABLES;Azul;Caja de 50 uds.;23.65;23,65 €;364
4345;76913;MASCARILLAS FLORALES;Euronda Monoart;DESECHABLES;Lila;Caja de 50 uds.;23.65;23,65 €;364
4346;96594;MASCARILLAS EURONDA MONOART;Euronda Monoart;DESECHABLES;Naranjas;Mascarillas que aseguran una elevada protección tanto al operador como al paciente. 50 uds.;19.71;19,71 €;364
4347;17859;MASCARILLAS SAFEMASK ANTIVAHO CON CINTAS;Medicom;DESECHABLES;;12 unidades;37.58;37,58 €;365
4348;73210;MASCARILLAS PROTECTION AZULES;EURONDA MONOART;DESECHABLES;;20 unidades;14.31;14,31 €;365
4349;76899;MASCARILLAS PROTECTION AZULES;EURONDA MONOART;DESECHABLES;;50 unidades;20.54;20,54 €;365
4350;10021;PROTO CAM VISERA SMART;Hager & Werken;DESECHABLES;;1 montura + 12;51.99;51,99 €;366
4351;15874;MÁSCARA DE PROTECCIÓN;Bestdent;DESECHABLES;;1 ud.;8.25;8,25 €;366
4352;17832;MÁSCARA DE PROTECCIÓN;Bestdent;DESECHABLES;;20 unidades;62.09;62,09 €;366
4353;20857;GAFAS MONOART LIGHT;Eur onda Monoart;DESECHABLES;;1 ud. (43 gr.);10.4;10,40 €;366
4354;55846;MÁSCARA DE PROTECCIÓN;Bestdent;DESECHABLES;;Protección total de la cara. 2 unidades. Se sujetan a la cabeza con elásticos.;12.95;12,95 €;366
4355;78433;MÁSCARA DE PROTECCIÓN;Bestdent;DESECHABLES;;1 montura + 12;38.6;38,60 €;366
4356;78434;MÁSCARA DE PROTECCIÓN;Bestdent;DESECHABLES;;Reposición 12 pantallas en alguna característica con el;35.21;35,21 €;366
4357;0883;GAFAS PROTECCIÓN INFANTILES;Hager & Werken;DESECHABLES;;1 ud. (17 gr.);12.71;12,71 €;367
4358;18695;GAFAS PROTECTORAS ULTRATECH COLOR NARANJA PARA LAMAPRA VALO;ULTRADENT;DESECHABLES;;1 ud.;34.0;34,00 €;367
4359;20850;GAFAS DE PROTECCIÓN CONTEMPORARY;Euronda Monoart;DESECHABLES;;1 ud.;45.05;45,05 €;367
4360;55601;COFIAS;Bestdent;DESECHABLES;Blancas;100 uds.;12.29;12,29 €;367
4361;64543;GORRO DENTAL MONOART;Euronda Monoart;DESECHABLES;Verde lima;100 uds.;20.9;20,90 €;367
4362;98601;GORRO DENTAL MONOART;Euronda Monoart;DESECHABLES;Naranja;Disponible en 10;20.9;20,90 €;367
4363;98602;GORRO DENTAL MONOART;Euronda Monoart;DESECHABLES;Amarillo;Disponible en 10;20.9;20,90 €;367
4364;98603;GORRO DENTAL MONOART;Euronda Monoart;DESECHABLES;Blanco;Disponible en 10;20.9;20,90 €;367
4365;98604;GORRO DENTAL MONOART;Euronda Monoart;DESECHABLES;Lila;Disponible en 10;20.9;20,90 €;367
4366;98605;GORRO DENTAL MONOART;Euronda Monoart;DESECHABLES;Azul claro;Disponible en 10;20.9;20,90 €;367
4367;98606;GORRO DENTAL MONOART;Euronda Monoart;DESECHABLES;Azul;Disponible en 10;20.9;20,90 €;367
4368;98607;GORRO DENTAL MONOART;Euronda Monoart;DESECHABLES;Verde claro;Disponible en 10;20.9;20,90 €;367
4369;98608;GORRO DENTAL MONOART;Euronda Monoart;DESECHABLES;Verde;Disponible en 10;20.9;20,90 €;367
4370;98609;GORRO DENTAL MONOART;Euronda Monoart;DESECHABLES;Negro;Disponible en 10;20.9;20,90 €;367
4371;98610;GORRO DENTAL MONOART;Euronda Monoart;DESECHABLES;Rosa;100 uds.;20.9;20,90 €;367
4372;100116;VASOS BIO CUP;Orsing;DESECHABLES;;1.000 uds.;155.23;155,23 €;368
4373;18883;GORRO LAZO POSTERIOR;Alle-Euronda;DESECHABLES;Verde;100 uds.;23.53;23,53 €;368
4374;18884;GORRO LAZO POSTERIOR;Alle-Euronda;DESECHABLES;Azul;100 uds.;23.53;23,53 €;368
4375;37290;VASOS DE PAPEL BLANCOS;Medistock;DESECHABLES;;3.000 uds.;158.83;158,83 €;368
4376;6330;GORRO LAZO POSTERIOR;Alle-Euronda;DESECHABLES;1.000 uds.;100 uds.;27.91;27,91 €;368
4377;68572;VASOS DE PAPEL;Larident;DESECHABLES;;50 uds.;6.94;6,94 €;368
4378;68575;VASOS ECO;Larident;DESECHABLES;;50 uds.;8.32;8,32 €;368
4379;69060;GORRO LAZO POSTERIOR;Alle-Euronda;DESECHABLES;3.000 uds.;;61.19;61,19 €;368
4380;20213;VASOS DE PLÁSTICO GRAFFITI;Euronda Monoart;DESECHABLES;Azul;3.000 uds.;42.88;42,88 €;370
4381;20214;VASOS DE PLÁSTICO GRAFFITI;Euronda Monoart;DESECHABLES;Lima;3.000 uds.;42.88;42,88 €;370
4382;20216;VASOS DE PLÁSTICO GRAFFITI;Euronda Monoart;DESECHABLES;Rosa;3.000 uds.;129.8;129,80 €;370
4383;20217;VASOS DE PLÁSTICO GRAFFITI;Euronda Monoart;DESECHABLES;Lila;3.000 uds.;129.8;129,80 €;370
4384;64517;VASOS DE PLÁSTICO FLORALES;Euronda Monoart;DESECHABLES;Rosa;3.000 uds.;109.0;109,00 €;370
4385;64519;VASOS DE PLÁSTICO FLORALES;Euronda Monoart;DESECHABLES;Lima;3.000 uds.;109.0;109,00 €;370
4386;64520;VASOS DE PLÁSTICO FLORALES;Euronda Monoart;DESECHABLES;Lila;3.000 uds.;109.0;109,00 €;370
4387;64521;VASOS DE PLÁSTICO;Euronda Monoart;DESECHABLES;Azul claro;3.000 uds.;97.9;97,90 €;370
4388;64522;VASOS DE PLÁSTICO;Euronda Monoart;DESECHABLES;Lila;3.000 uds.;97.9;97,90 €;370
4389;64523;VASOS DE PLÁSTICO;Euronda Monoart;DESECHABLES;Naranja;3.000 uds.;97.9;97,90 €;370
4390;64524;VASOS DE PLÁSTICO;Euronda Monoart;DESECHABLES;Rosa;3.000 uds.;97.9;97,90 €;370
4391;64525;VASOS DE PLÁSTICO;Euronda Monoart;DESECHABLES;Verde;3.000 uds.;97.9;97,90 €;370
4392;64526;VASOS DE PLÁSTICO;Euronda Monoart;DESECHABLES;Azul capri;3.000 uds.;97.9;97,90 €;370
4393;64530;VASOS DE PLÁSTICO;Euronda Monoart;DESECHABLES;Negro;3.000 uds.;97.9;97,90 €;370
4394;64537;VASOS DE PLÁSTICO;Euronda Monoart;DESECHABLES;Lima;3.000 uds.;97.9;97,90 €;370
4395;64538;VASOS DE PLÁSTICO;Euronda Monoart;DESECHABLES;Amarillo;3.000 uds.;97.9;97,90 €;370
4396;64541;VASOS DE PLÁSTICO;Euronda Monoart;DESECHABLES;Rojo;3.000 uds.;97.9;97,90 €;370
4397;64542;VASOS DE PLÁSTICO;Euronda Monoart;DESECHABLES;Fucsia;3.000 uds.;97.9;97,90 €;370
4398;64544;VASOS DE PLÁSTICO;Euronda Monoart;DESECHABLES;Azul Laguna;3.000 uds.;97.9;97,90 €;370
4399;64553;VASOS DE PAPEL GRAFFITI;Euronda Monoart;DESECHABLES;Azul;1000 unidades (20;86.9;86,90 €;370
4400;64554;VASOS DE PAPEL GRAFFITI;Euronda Monoart;DESECHABLES;Verde lima;1000 unidades (20;86.9;86,90 €;370
4401;64555;VASOS DE PAPEL GRAFFITI;Euronda Monoart;DESECHABLES;Rosa;1000 unidades (20;86.9;86,90 €;370
4402;64556;VASOS DE PAPEL GRAFFITI;Euronda Monoart;DESECHABLES;Lila;1000 unidades (20;86.9;86,90 €;370
4403;69603;VASOS DE PLÁSTICO GRAFFITI;Euronda Monoart;DESECHABLES;Azul capri;1.000 uds.;42.88;42,88 €;370
4404;69604;VASOS DE PLÁSTICO GRAFFITI;Euronda Monoart;DESECHABLES;Lila;1.000 uds.;42.88;42,88 €;370
4405;69605;VASOS DE PLÁSTICO GRAFFITI;Euronda Monoart;DESECHABLES;Azul;1.000 uds.;86.9;86,90 €;370
4406;69606;VASOS DE PLÁSTICO GRAFFITI;Euronda Monoart;DESECHABLES;Verde;1.000 uds.;86.9;86,90 €;370
4407;69607;VASOS DE PLÁSTICO GRAFFITI;Euronda Monoart;DESECHABLES;Naranja;1.000 uds.;86.9;86,90 €;370
4408;74523;DISPENSADOR DE VASOS;Bestdent;DESECHABLES;;En plástico blanco y fumé.;35.72;35,72 €;370
4409;16268;BATA PROTECT STANDARD;Hartmann;DESECHABLES;Azul estéril. Talla M;;9.38;9,38 €;371
4410;16269;BATA PROTECT STANDARD;Hartmann;DESECHABLES;Azul estéril. Talla L;50 unidades.;9.38;9,38 €;371
4411;16270;BATA PROTECT STANDARD;Hartmann;DESECHABLES;Azul estéril. Talla XL;50 unidades.;9.38;9,38 €;371
4412;21915;BATAS CIRUGÍA ESTÉRILES;Cardiva;DESECHABLES;Verde;50 unidades.;11.47;11,47 €;371
4413;2266;FOLIODRESS, BATAS ESTÉRILES;Hartmann;DESECHABLES;;Válido para cualquier Colocación en pared.;43.64;43,64 €;371
4414;2268;FOLIODRESS, BATAS ESTÉRILES;Hartmann;DESECHABLES;;Válido para vasos de Para colgar en la pared.;43.64;43,64 €;371
4415;5495;FOLIODRESS, BATAS ESTÉRILES;Hartmann;DESECHABLES;Protect. Talla L.;;11.73;11,73 €;371
4416;5496;FOLIODRESS, BATAS ESTÉRILES;Hartmann;DESECHABLES;Protect. Talla XL.;;11.73;11,73 €;371
4417;64792;BATA ESTÉRIL CON PUÑOS;Omnia;DESECHABLES;Bata estéril azul;50 unidades.;245.0;245,00 €;371
4418;18877;CASACA Y PANTALÓN NO ESTÉRIL;Alle-Euronda;DESECHABLES;Talla M;20 unidades.;7.27;7,27 €;372
4419;18878;CASACA Y PANTALÓN NO ESTÉRIL;Alle-Euronda;DESECHABLES;Talla L;20 unidades.;116.06;116,06 €;372
4420;18879;CASACA Y PANTALÓN NO ESTÉRIL;Alle-Euronda;DESECHABLES;Talla XL;20 unidades.;116.06;116,06 €;372
4421;4329;BATA HIDRORREPELENTE;Alle-Euronda;DESECHABLES;Bata protección;Tejido no tejido.;41.15;41,15 €;372
4422;73016;BATA HIDRORREPELENTE NO ESTÉRIL;Alle-Euronda;DESECHABLES;Verde;10 unidades;25.21;25,21 €;372
4423;86484;BATA HIDRORREPELENTE;Alle-Euronda;DESECHABLES;Azul;1 unidad;11.95;11,95 €;372
4424;90707;PIJAMA DESECHABLE;Medistock;DESECHABLES;Talla M naranja;1 unidad.;13.61;13,61 €;372
4425;90708;PIJAMA DESECHABLE;Medistock;DESECHABLES;Talla L naranja;1 unidad.;13.61;13,61 €;372
4426;90714;PIJAMA DESECHABLE;Medistock;DESECHABLES;Talla M azul;1 unidad.;41.15;41,15 €;372
4427;90715;PIJAMA DESECHABLE;Medistock;DESECHABLES;Talla L azul;1 unidad.;7.27;7,27 €;372
4428;17855;CUBREZAPATOS IMPERMEABLE TALLA ÚNICA AZUL;Alle-Euronda;DESECHABLES;;100 unidades;7.98;7,98 €;373
4429;19548;DELANTAL IMPERMEABLE;Alle-Euronda;DESECHABLES;;20 unidades;65.4;65,40 €;373
4430;21916;TALLAS ESTÉRILES;Cardiva;DESECHABLES;50 x 50 cm. 150 uds.;Estériles, realizadas en Tejido No Tejido absorbente e impermeable, sin desprendimiento de fibras.;107.83;107,83 €;373
4431;21917;TALLAS ESTÉRILES;Cardiva;DESECHABLES;75 x 90 cm. 70 uds.;Estériles, realizadas en Tejido No Tejido absorbente e impermeable, sin desprendimiento de fibras.;101.44;101,44 €;373
4432;21918;TALLAS ESTÉRILES;Cardiva;DESECHABLES;75 x 100 cm. 70 uds.;Estériles, realizadas en Tejido No Tejido absorbente e impermeable, sin desprendimiento de fibras.;189.0;189,00 €;373
4433;21919;TALLAS ESTÉRILES;Cardiva;DESECHABLES;100 x 150 cm. 30 uds.;Estériles, realizadas en Tejido No Tejido absorbente e impermeable, sin desprendimiento de fibras.;151.2;151,20 €;373
4434;31480;DELANTAL IMPERMEABLE;Alle-Euronda;DESECHABLES;;100 unidades;65.4;65,40 €;373
4435;44412;TALLAS ESTÉRILES FOLIODRAPE;Hartmann;DESECHABLES;50 x 50 cm. 100 uds.;Estériles, realizadas en Tejido No Tejido absorbente e impermeable, sin desprendimiento de fibras.;79.01;79,01 €;373
4436;44413;TALLAS ESTÉRILES FOLIODRAPE;Hartmann;DESECHABLES;45 x 75 cm. 65 uds.;Estériles, realizadas en Tejido No Tejido absorbente e impermeable, sin desprendimiento de fibras.;54.3;54,30 €;373
4437;44414;TALLAS ESTÉRILES FOLIODRAPE;Hartmann;DESECHABLES;75 x 90 cm. 35 uds.;Estériles, realizadas en Tejido No Tejido absorbente e impermeable, sin desprendimiento de fibras.;42.0;42,00 €;373
4438;44415;TALLAS ESTÉRILES FOLIODRAPE;Hartmann;DESECHABLES;90 x 150 cm. 20 uds.;Tallas estériles absorbentes/impermeables capas: una suave capa polietileno de c olor azul. TNT nonwoven hidrofílico de polipropileno.;48.1;48,10 €;373
4439;64789;TALLAS ESTÉRILES;Omnia;DESECHABLES;50X75cm (100 uds.);Tallas estériles absorbentes/impermeables capas: una suave capa polietileno de c olor azul. TNT nonwoven hidrofílico de polipropileno.;189.0;189,00 €;373
4440;64790;TALLAS ESTÉRILES;Omnia;DESECHABLES;75X90cm (50 uds.);Tallas estériles absorbentes/impermeables capas: una suave capa polietileno de c olor azul. TNT nonwoven hidrofílico de polipropileno.;151.2;151,20 €;373
4441;18600;PAÑO DE CIRUGÍA ESTÉRIL;MEDISTOCK;DESECHABLES;50 x 75 cm. 50 uds.;50 unidades;51.57;51,57 €;374
4442;18888;TALLA ESTÁNDAR IMPERMEABLE;Alle-Euronda;DESECHABLES;50 x 50 cm. 150 uds.;;96.2;96,20 €;374
4443;18889;TALLA ESTÁNDAR IMPERMEABLE;Alle-Euronda;DESECHABLES;50 x 75 cm. 125 uds.;;90.82;90,82 €;374
4444;18890;TALLA ESTÁNDAR IMPERMEABLE;Alle-Euronda;DESECHABLES;75 x 90 cm. 75 uds.;;72.69;72,69 €;374
4445;18891;TALLA ESTÁNDAR IMPERMEABLE;Alle-Euronda;DESECHABLES;90 x 150 cm. 25 uds.;;59.71;59,71 €;374
4446;18892;TALLA RECTANGULAR ABSORBENTE/IMPER- MEABLE;Alle-Euronda;DESECHABLES;50 x 50 cm. 125 uds.;;98.31;98,31 €;374
4447;18893;TALLA RECTANGULAR ABSORBENTE/IMPER- MEABLE;Alle-Euronda;DESECHABLES;50 x 75 cm. 100 uds.;;96.2;96,20 €;374
4448;18894;TALLA RECTANGULAR ABSORBENTE/IMPER- MEABLE;Alle-Euronda;DESECHABLES;75 x 90 cm. 50 uds.;;90.82;90,82 €;374
4449;18895;TALLA RECTANGULAR ABSORBENTE/IMPER- MEABLE;Alle-Euronda;DESECHABLES;100 x 150 cm. 25 uds.;;72.69;72,69 €;374
4450;18897;TALLA RECTANGULAR ABSORBENTE/IMPER- MEABLE;Alle-Euronda;DESECHABLES;50 x 75 cm. 75 uds.;;59.71;59,71 €;374
4451;18898;TALLA RECTANGULAR LADO ADHESIVO;Alle-Euronda;DESECHABLES;75 x 90 cm. 50 uds.;;91.11;91,11 €;374
4452;18899;TALLA RECTANGULAR LADO ADHESIVO;Alle-Euronda;DESECHABLES;100 x 150 cm. 25 uds.;;119.7;119,70 €;374
4453;18900;TALLA RECTANGULAR FENESTRADA;Alle-Euronda;DESECHABLES;50 x 50 cm. 100 uds.;100 x 150 cm - 11 x 30 cm sin adhesivo.;178.94;178,94 €;375
4454;18901;TALLA RECTANGULAR FENESTRADA;Alle-Euronda;DESECHABLES;50 x 75 cm. 75 uds.;100 x 150 cm - 11 x 30 cm sin adhesivo.;142.1;142,10 €;375
4455;18902;TALLA RECTANGULAR FENESTRADA DESCENTRADA;Alle-Euronda;DESECHABLES;75 x 90 cm. 50 uds.;100 x 150 cm - 11 x 30 cm sin adhesivo.;178.94;178,94 €;375
4456;18903;TALLA RECTANGULAR FENESTRADA DESCENTRADA;Alle-Euronda;DESECHABLES;100 x 150 cm. 25 uds.;100 x 150 cm - 11 x 30 cm sin adhesivo.;142.1;142,10 €;375
4457;18904;TALLA CON FISURA EN U;Alle-Euronda;DESECHABLES;25 uds.;100 x 150 cm - 11 x 30 cm sin adhesivo.;164.69;164,69 €;375
4458;18905;TALLA RECTANGULAR FISURA;Alle-Euronda;DESECHABLES;50 x 75 cm. 50 uds.;133 x 200c m. 10 uds.;121.54;121,54 €;375
4459;18906;TALLA RECTANGULAR FISURA;Alle-Euronda;DESECHABLES;75 x 90 cm. 50 uds.;133 x 200c m. 10 uds.;148.91;148,91 €;375
4460;18907;TALLA RECTANGULAR FISURA;Alle-Euronda;DESECHABLES;100 x 150 cm. 25 uds.;133 x 200c m. 10 uds.;159.8;159,80 €;375
4461;18908;TALLA RECTANGULAR;Alle-Euronda;DESECHABLES;75 x 100 cm. 40 uds.;133 x 200c m. 10 uds.;107.33;107,33 €;375
4462;18909;TALLA CON FISURA EN U CON TUBO DE ASPIRACIÓN;Alle-Euronda;DESECHABLES;;133 x 200c m. 10 uds.;146.55;146,55 €;375
4463;18910;TALLA CON FISURA EN U CON TUBO DE ASPIRACIÓN;Alle-Euronda;DESECHABLES;Sin adhesivo;133 x 200c m. 10 uds.;163.06;163,06 €;375
4464;18911;TALLA FENESTRADO DESCENTRADO;Alle-Euronda;DESECHABLES;Con Adhesivo;100 x 150 cm. 25 uds.;220.84;220,84 €;376
4465;18912;TALLA TRIANGULAR VENTANA;Alle-Euronda;DESECHABLES;Con Adhesivo con velcro;133 x 200 cm. 5 uds.;220.84;220,84 €;376
4466;21936;SETS CIRUGÍA;Cardiva;DESECHABLES;Set Dental Fenestrado Teardrop;;28.51;28,51 €;376
4467;21938;TALLA TRANSPARENTE CON ADHESIVO;Omnia;DESECHABLES;Set Cirugía dental sencillo;Caja 20 unidades. exigencia quirúrgica. Material: TNT;28.51;28,51 €;376
4468;6481;TALLA TRANSPARENTE CON ADHESIVO;Omnia;DESECHABLES;40 cm. x 50 cm.;Caja 20 unidades. exigencia quirúrgica. Material: TNT;46.2;46,20 €;376
4469;64873;SET PACIENTE;Omnia;DESECHABLES;;Set quirúrgico diseñado del paciente en nes de implantología, facial. Incluye: 1 elástico, 1 Cofia y 2 Cubrezapatos;10.78;10,78 €;376
4470;18861;SET PARA DOCTOR;Alle-Euronda;DESECHABLES;;1 unidad.;6.63;6,63 €;377
4471;21940;SET IMPLANTE;Cardiva;DESECHABLES;;Set estéril (esterilizado pensado para la cirugía - 3 batas de polipropileno - 3 mascarillas de 3 - 1 gorro de cirujano. - 2 gorros ajustables. - 2 pares de guantes - 1 par de guantes;30.75;30,75 €;377
4472;64788;DENSET;Omnia;DESECHABLES;;1 unidad.;18.65;18,65 €;377
4473;18865;SET PROTECCIÓN;Alle-Euronda;DESECHABLES;;1 unidad. oral e implantología. Dispositivo;21.95;21,95 €;378
4474;18866;SET TALLAS;Alle-Euronda;DESECHABLES;;1 unidad.;6.99;6,99 €;378
4475;21931;SET CLÍNICA;Cardiva;DESECHABLES;Set Clínica;1 paño quirúrgico (SMS) 3 batas consulta con 3 mascarillas cintas 3 gorros enfermera 1 paño quirúrgico s/adhesivo 3 paños quirúrgicos 1 paño quirúrgico fenestrado;19.77;19,77 €;378
4476;21933;PAÑOS QUIRÚRGICOS (IS);Cardiva;DESECHABLES;Sin adhesivo 50x60cm;Tallas estériles de mangas p.p. 40 g. e impermeables.;0.89;0,89 €;378
4477;21934;PAÑOS QUIRÚRGICOS (IS);Cardiva;DESECHABLES;Con adhesivo 50x60cm;Tallas estériles de mangas p.p. 40 g. e impermeables.;1.39;1,39 €;378
4478;21935;PAÑOS QUIRÚRGICOS (IS);Cardiva;DESECHABLES;Con adhesivo 75x90cm;Tallas estériles de mangas p.p. 40 g. e impermeables.;1.52;1,52 €;378
4479;21937;PAÑOS QUIRÚRGICOS (IS);Cardiva;DESECHABLES;50x60cm;Tallas estériles de mangas p.p. 40 g. e impermeables.;19.77;19,77 €;378
4480;86483;SET ESTÉRIL DE IMPLANTOLOGÍA;Alle-Euronda;DESECHABLES;;1 unidad.;32.96;32,96 €;378
4481;21912;SET CIRUGÍA ESTÉRIL;Cardiva;DESECHABLES;Set Estéril Cirugía – Guantes 61/2;1 Paño de esterilizar 60x60 SMS (envoltorio) 2 Bata Protectora p.p. 28/30 grs. con puños 2 Gorro enfermera pp. circular 1 Gor ro cirujano pp. cintas 2 Mascarilla con elasticos 2 Paresde Guantes (talla según kit) 1 Paño quirúrgico s/adhesivo (IS) 50 cm x 75 cm;1.85;1,85 €;379
4482;21913;SET CIRUGÍA ESTÉRIL;Cardiva;DESECHABLES;Set Estéril Cirugía – Guantes 61/2-71/2;1 Paño de esterilizar 60x60 SMS (envoltorio) 2 Bata Protectora p.p. 28/30 grs. con puños 2 Gorro enfermera pp. circular 1 Gor ro cirujano pp. cintas 2 Mascarilla con elasticos 2 Paresde Guantes (talla según kit) 1 Paño quirúrgico s/adhesivo (IS) 50 cm x 75 cm;23.93;23,93 €;379
4483;21914;SET CIRUGÍA ESTÉRIL;Cardiva;DESECHABLES;Set Estéril Cirugía – Guantes 71/2;1 Paño de esterilizar 60x60 SMS (envoltorio) 2 Bata Protectora p.p. 28/30 grs. con puños 2 Gorro enfermera pp. circular 1 Gor ro cirujano pp. cintas 2 Mascarilla con elasticos 2 Paresde Guantes (talla según kit) 1 Paño quirúrgico s/adhesivo (IS) 50 cm x 75 cm;23.93;23,93 €;379
4484;21920;SET CIRUGÍA ESTÉRIL;Cardiva;DESECHABLES;Set Estéril Cirugía Doctor /Asistente;;23.92;23,92 €;379
4485;21939;PAÑOS QUIRÚRGICOS ESTÉRILES;Cardiva;DESECHABLES;50x50cm. Sin adhesivo;1 unidad;0.9;0,90 €;379
4486;21950;PAÑOS QUIRÚRGICOS ESTÉRILES;Cardiva;DESECHABLES;50x50cm. Con adhesivo;1 unidad;0.89;0,89 €;379
4487;21951;PAÑOS QUIRÚRGICOS ESTÉRILES;Cardiva;DESECHABLES;75x75cm. Con adhesivo;1 unidad;1.39;1,39 €;379
4488;21952;PAÑOS QUIRÚRGICOS ESTÉRILES;Cardiva;DESECHABLES;75x90cm. Con adhesivo;1 unidad;1.69;1,69 €;379
4489;21953;PAÑOS QUIRÚRGICOS ESTÉRILES;Cardiva;DESECHABLES;50x75cm. Sin adhesivo;1 unidad;1.25;1,25 €;379
4490;21954;PAÑOS QUIRÚRGICOS ESTÉRILES;Cardiva;DESECHABLES;75x100cm. Sin adhesivo;1 unidad;1.85;1,85 €;379
4491;64879;SETS ESTÉRILES IMPLANTES;Cardiva;DESECHABLES;Set implantes básico;1u. bata azul de microfibra SMS talla L 1u. bata asistente de TNT con puños 2u. cofias azules con lazo posterior 1u. cofia con elásticos 1u. talla azul TNT impermeable con lado adhesivo 50x75cm 1u. talla impermeable con fisura en U adhesiva 75x90cm 1u. protector de manguera transparente de PVC de 120 cm;23.92;23,92 €;379
4492;64880;SETS ESTÉRILES IMPLANTES;Cardiva;DESECHABLES;Set implantología;2u. batas azules en microfibra modelo Special Plus talla L 2u. Tallas azules absorbentes impermeables 75x90cm con lado adhesivo 1u. sistema de aspiración quirúrgico con cánula Yankauer 1u. Talla impermeable azul 100x150cm con fisura en U adhesiva 6,6x30cm 1u. protector de manguera transparente de PVC de 120 cm 2u. adhesivos azules 20x20cm goma adhesiva termoplástica sintéti- 1u. bolsa roja de recogida de residuos contaminantes;60.06;60,06 €;379
4493;78394;Produto Dentário;;DESECHABLES;10 uds.;;72.21;72,21 €;381
4494;78395;Produto Dentário;;DESECHABLES;10 uds.;;78.5;78,50 €;381
4495;78396;Produto Dentário;;DESECHABLES;10 uds.;;84.11;84,11 €;381
4496;78397;Produto Dentário;;DESECHABLES;10 uds. Estériles;;74.22;74,22 €;381
4497;78398;Produto Dentário;;DESECHABLES;Tubo verde 10 uds;;35.3;35,30 €;381
4498;78401;Produto Dentário;;DESECHABLES;6 uds.;;50.4;50,40 €;381
4499;78402;Produto Dentário;;DESECHABLES;10 uds.;;74.22;74,22 €;381
4500;78404;Produto Dentário;;DESECHABLES;15 uds.;;50.4;50,40 €;381
4501;78405;Produto Dentário;;DESECHABLES;5 uds.;;64.12;64,12 €;381
4502;18924;SUERO FISIOLÓGICO;Alle-Euronda;DESECHABLES;1/2 litro (15 uds.);Set irrigación DEF110. Plus, Osseocision®, VarioSurg, SurgicPro, Bonart Piezo surgical system, Dentium sion, Delfine Intra-Lock, Saeyang Ki-20;48.17;48,17 €;382
4503;18925;SUERO FISIOLÓGICO;Alle-Euronda;DESECHABLES;1 litro (10 uds.);Set irrigación DEF110. Plus, Osseocision®, VarioSurg, SurgicPro, Bonart Piezo surgical system, Dentium sion, Delfine Intra-Lock, Saeyang Ki-20;41.28;41,28 €;382
4504;18927;SUERO FISIOLÓGICO;Alle-Euronda;DESECHABLES;1/4 litro (20 uds.);Set irrigación DEF110. Plus, Osseocision®, VarioSurg, SurgicPro, Bonart Piezo surgical system, Dentium sion, Delfine Intra-Lock, Saeyang Ki-20;54.04;54,04 €;382
4505;6484;SUERO FISIOLOGICO 0,9% NACL;Omnia;DESECHABLES;;Nobel Biocare80/ W&H Med new design 2005/ Implantmed SI 923/ Surgical Motor System/Ace/Straumann/InnovaCorp. Centerpulse/Lifecore/ DU 900/FRIOS® S/I, Osseoset 100/Osseoset 200/Osseocare;112.0;112,00 €;382
4506;6485;SUERO FISIOLOGICO 0,9% NACL;Omnia;DESECHABLES;;Set N. 3. Elcomed SA Innova Corp-Strauman Frioss Unit E, Drilltech;112.0;112,00 €;382
4507;6486;SET DE LÍNEAS DE IRRIGACIÓN;Omnia;DESECHABLES;;"Suni Satelec 2000/3000,Suni basic; Surgi set pro 500, Dental Surgery Electronic, Sweden&Martina XO Osseo, Miniuniko Surgery, Blue Rocket BR3000,";112.0;112,00 €;382
4508;6487;SET DE LÍNEAS DE IRRIGACIÓN;Omnia;DESECHABLES;;"Intrasurg 300/500; Intrasurg Sky unit, Riunito Teseo, 1000; Intrasurg 1000 Air BR4000";112.0;112,00 €;382
4509;64870;SUERO FISIOLÓGICO;Alle-Euronda;DESECHABLES;;Set irrigación DEF110. Plus, Osseocision®, VarioSurg, SurgicPro, Bonart Piezo surgical system, Dentium sion, Delfine Intra-Lock, Saeyang Ki-20;112.0;112,00 €;382
4510;64871;SUERO FISIOLOGICO 0,9% NACL;Omnia;DESECHABLES;;;61.6;61,60 €;382
4511;64878;SUERO FISIOLOGICO 0,9% NACL;Omnia;DESECHABLES;;10 unidades: Compatible 980 / EMS PIEZON® MASTER surgery 2 con Y UBS-Ultrasonic bone surgery/ Surgybone bone Silfradent, BioSAFin Easy Surgery, Sweden&Martina;112.0;112,00 €;382
4512;6498;SUERO FISIOLOGICO 0,9% NACL;Omnia;DESECHABLES;;15 u. x 500ml;65.65;65,65 €;382
4513;6499;SET DE LÍNEAS DE IRRIGACIÓN;Omnia;DESECHABLES;;10 uds.;112.0;112,00 €;382
4514;96583;SET DE LÍNEAS DE IRRIGACIÓN;Omnia;DESECHABLES;;"10 u. en envases individuales 3000/Nouvag 7000/MD10, MD20 sin Nouvag/SM12 Sem2/SU100/CBM; Novaxa I-XT, New Assistant Novaxa";92.4;92,40 €;382
4515;18918;SET IRRIGACIÓN MECÁNICA;Alle-Euronda;DESECHABLES;De Giorgi Steril Intraplant,;10 unidades.;92.73;92,73 €;383
4516;18919;SET IRRIGACIÓN MECÁNICA;Alle-Euronda;DESECHABLES;Kavo lntrasept 905 / Mectron;10 unidades.;53.25;53,25 €;383
4517;18920;SET IRRIGACIÓN MECÁNICA;Alle-Euronda;DESECHABLES;W&H Elcomed SA-200C /Frios;10 unidades.;93.48;93,48 €;383
4518;55064;SETS IRRIGACIÓN;Medistock;DESECHABLES;Vías 1 o 2 con “Y”. Compatible con motores Astratech Implant;10 unidades.;92.71;92,71 €;383
4519;55065;SETS IRRIGACIÓN;Medistock;DESECHABLES;Vías 1 o 2 con “Y”. Compatible con motores Kavo Intrasurg;10 unidades.;94.42;94,42 €;383
4520;55066;SETS IRRIGACIÓN;Medistock;DESECHABLES;Vías 1 o 2 con “Y”. Compatible con motores Nouvag TCM3000,;10 unidades.;90.82;90,82 €;383
4521;6483;SET IRRIGACIÓN;Omnia;DESECHABLES;Estéril 5 unidades;Con regulación de flujo;75.46;75,46 €;383
4522;18770;LÍNEAS IRRIGACIÓN;Nsk;DESECHABLES;Línea esterilizable. 1 ud.;Para Suni Max, P-Max;85.49;85,49 €;384
4523;18838;SETS IRRIGACIÓN;Alle-Euronda;DESECHABLES;Set irrigación: W&H Implantmed;10 unidades.;103.73;103,73 €;384
4524;18839;SETS IRRIGACIÓN;Alle-Euronda;DESECHABLES;Set irrigación: KaVo Intrasurg;10 unidades.;93.42;93,42 €;384
4525;18841;SETS IRRIGACIÓN;Alle-Euronda;DESECHABLES;Set irrigación:NSK Surgic XT,;10 unidades.;103.44;103,44 €;384
4526;18843;SETS IRRIGACIÓN;Alle-Euronda;DESECHABLES;Set irrigación: Nouvag TCM;10 unidades.;91.61;91,61 €;384
4527;8872;KIT IRRIGACIÓN;Acteon;DESECHABLES;10 líneas Irrigación;Para Suni Max, P-Max;200.2;200,20 €;384
4528;89516;KIT 6 LÍNEAS IRRIGACIÓN;W&H;DESECHABLES;Kit líneas esterilizables para;;82.48;82,48 €;384
4529;89519;KIT 6 LÍNEAS IRRIGACIÓN;W&H;DESECHABLES;Reposición tubo desechable.;;55.34;55,34 €;384
4530;9626;KIT 6 LÍNEAS IRRIGACIÓN;W&H;DESECHABLES;Kit líneas desechables para;;79.92;79,92 €;384
4531;96645;LÍNEAS IRRIGACIÓN;Nsk;DESECHABLES;5 Lineas Irrigación SURGIC;Para Suni Max, P-Max;200.2;200,20 €;384
4532;05011;LÍNEAS IRRIGACIÓN / CHIROPRO;Bien-Air;DESECHABLES;Sin luz;10 unidades. un generador;141.86;141,86 €;385
4533;05012;LÍNEAS IRRIGACIÓN / CHIROPRO;Bien-Air;DESECHABLES;Con luz;10 unidades. un generador;102.5;102,50 €;385
4534;20193;PROTECTOR DE REPOSACABEZAS;Euronda Monoart;DESECHABLES;Blanco;250 uds.;26.25;26,25 €;385
4535;20194;PROTECTOR DE REPOSACABEZAS;Euronda Monoart;DESECHABLES;Celeste;250 uds.;26.25;26,25 €;385
4536;20195;PROTECTOR DE REPOSACABEZAS;Euronda Monoart;DESECHABLES;Lila;250 uds.;26.25;26,25 €;385
4537;20196;PROTECTOR DE REPOSACABEZAS;Euronda Monoart;DESECHABLES;Verde;250 uds.;26.25;26,25 €;385
4538;20197;PROTECTOR DE REPOSACABEZAS;Euronda Monoart;DESECHABLES;Azul;250 uds.;26.25;26,25 €;385
4539;20198;PROTECTOR DE REPOSACABEZAS;Euronda Monoart;DESECHABLES;Lima;250 uds.;26.25;26,25 €;385
4540;20199;PROTECTOR DE REPOSACABEZAS;Euronda Monoart;DESECHABLES;Naranja;250 uds.;26.25;26,25 €;385
4541;62051;PROTECTOR DE REPOSACABEZAS;Akzenta;DESECHABLES;Blanco;500 uds.;26.25;26,25 €;385
4542;69072;PROTECTOR DE REPOSACABEZAS;Akzenta;DESECHABLES;Aguamarina.;500 uds.;105.78;105,78 €;385
4543;69074;PROTECTOR DE REPOSACABEZAS;Akzenta;DESECHABLES;Azul capri.;500 uds.;105.78;105,78 €;385
4544;93589;LÍNEAS DE IRRIGACIÓN DT-080;EMS;DESECHABLES;;Lineas desechables estériles, para Piezon Master Surgery, piezoeléctrico. 1 unidad.;102.5;102,50 €;385
4545;94688;SET DE MANGUERAS ESTÉRIL S600;Kavo;DESECHABLES;;De un solo uso. Envase de 10 uds. Para Intra Lux;108.21;108,21 €;385
4546;96597;PROTECTOR DE REPOSACABEZAS EURONDA MONOART;Euronda Monoart;DESECHABLES;Azul.;Protector de cabezal.;39.0;39,00 €;385
4547;96598;PROTECTOR DE REPOSACABEZAS EURONDA MONOART;Euronda Monoart;DESECHABLES;Verde.;Protector de cabezal.;39.0;39,00 €;385
4548;18886;PROTECTOR MESA MAYO;Alle-Euronda;DESECHABLES;;80 x120cm. 25 unidades.;103.92;103,92 €;386
4549;18887;PROTECTOR MESA PUENTE;Alle-Euronda;DESECHABLES;;160 x 190cm. 25 unidades.;103.92;103,92 €;386
4550;64527;KIT CUBRE SILLÓN;Euronda Monoart;DESECHABLES;Azul claro. 25 uds.;;69.0;69,00 €;386
4551;64528;KIT CUBRE SILLÓN;Euronda Monoart;DESECHABLES;Blanco. 25 uds.;;69.0;69,00 €;386
4552;64529;KIT CUBRE SILLÓN;Euronda Monoart;DESECHABLES;Verde. 25 uds.;200 uds.;69.0;69,00 €;386
4553;64531;KIT CUBRE SILLÓN;Euronda Monoart;DESECHABLES;Naranja. 25 uds.;10 bolsas estériles;69.0;69,00 €;386
4554;64532;KIT CUBRE SILLÓN;Euronda Monoart;DESECHABLES;Lima. 25 uds.;10 bolsas estériles;69.0;69,00 €;386
4555;64533;KIT CUBRE SILLÓN;Euronda Monoart;DESECHABLES;Amarillo. 25 uds.;10 bolsas estériles;69.0;69,00 €;386
4556;64534;KIT CUBRE SILLÓN;Euronda Monoart;DESECHABLES;Lila. 25 uds.;10 bolsas estériles;69.0;69,00 €;386
4557;64535;KIT CUBRE SILLÓN;Euronda Monoart;DESECHABLES;Azul. 25 uds.;10 bolsas estériles;69.0;69,00 €;386
4558;6480;FUNDA PARA MESA DE MAYO;Omnia;DESECHABLES;;80 x 120cm. 25 unidades en estériles.;173.6;173,60 €;386
4559;6489;PELÍCULA AUTOADHESIVA ESTÉRIL;Omnia;DESECHABLES;;10 bolsas estériles;69.0;69,00 €;386
4560;6889;PROTECTOR DE REPOSACABEZAS;Akzenta;DESECHABLES;Azul;200 uds.;43.76;43,76 €;386
4561;6890;PROTECTOR DE REPOSACABEZAS;Akzenta;DESECHABLES;Verde;200 uds.;43.76;43,76 €;386
4562;68901;PROTECTOR DE REPOSACABEZAS;Akzenta;DESECHABLES;Amarillo;200 uds.;43.76;43,76 €;386
4563;18842;PROTECCION SUPERFICIE;Alle-Euronda;DESECHABLES;;20 x 20 cm. 10 sobres;42.45;42,45 €;387
4564;18917;TALLA TRANSPARENTE CON ADHESIVO;Alle-Euronda;DESECHABLES;40 x 50 cm;20 unidades.;40.95;40,95 €;387
4565;35527;FUNDAS PROTECTORAS LÁMPARA BLUEPHASE G2;Ivoclar Vivadent;DESECHABLES;;5 cajas x 50 unidades.;81.25;81,25 €;387
4566;37010;TALLA TRANSPARENTE CON ADHESIVO;Alle-Euronda;DESECHABLES;;500 uds.;33.88;33,88 €;387
4567;63918;FUNDAS PROTECTORAS PARA VALO CORDLESS;Ultradent;DESECHABLES;;100 Unidades;28.4;28,40 €;387
4568;89692;FUNDAS PROTECTORAS PARA LÁMPARA BLUEPHASE STYLE;Ivoclar Vivadent;DESECHABLES;;50 unidades.;18.95;18,95 €;387
4569;4164;DISPOSA-SHIELD Nº1;Dentsply;DESECHABLES;;1.000u. Autoadhesivo. Para recubrir mandos;171.35;171,35 €;388
4570;4165;DISPOSA-SHIELD Nº1;Dentsply;DESECHABLES;;50 uds. Para recubrir Jeringa de agua y sus;95.42;95,42 €;388
4571;4166;DISPOSA-SHIELD Nº1;Dentsply;DESECHABLES;;250 uds. Para recubrir Turbinas,;95.42;95,42 €;388
4572;4236;PROTECTOR DE LUZ UV MANUAL;Mestra;DESECHABLES;;1 ud.;27.39;27,39 €;388
4573;4366;FUNDAS LÁTEX UNIVERSALES;Sogeva;DESECHABLES;;500 uds.;35.13;35,13 €;388
4574;59434;DISPOSA-SHIELD Nº1;Dentsply;DESECHABLES;;500 uds. Para reposacabezas;95.42;95,42 €;388
4575;7294;DISPOSA-SHIELD FUNDAS PARA GUÍA DE LUZ;Dentsply;DESECHABLES;Caja 500 uds.;De polietileno. de un solo uso,;64.37;64,37 €;388
4576;83146;FUNDAS PARA CÁMARA;Dochem;DESECHABLES;Fundas para cámara intraoral;100 unidades. los agentes agresivos y de las soluciones Protec-tor de lámpara y paneles;38.5;38,50 €;388
4577;96763;FUNDA PARA JERINGA;Kerr;DESECHABLES;Caja 500 uds.;6,4 cm x 25,4 cm. que inevitablemente acortan la vida presentan en envases de 500 unidades;31.86;31,86 €;388
4578;18860;SET PARA PACIENTE;Alle-Euronda;DESECHABLES;120 x 7 cm.;10;6.63;6,63 €;389
4579;18914;FUNDAS PARA CIRUGÍA;Alle-Euronda;DESECHABLES;120 x 7 cm. + 2 bandas adhesivo azul;50 uds.;68.35;68,35 €;389
4580;18915;FUNDAS PARA CIRUGÍA;Alle-Euronda;DESECHABLES;240 x 7 cm. + 2 bandas adhesivo azul;50 uds.;83.1;83,10 €;389
4581;18916;FUNDAS PARA CIRUGÍA;Alle-Euronda;DESECHABLES;240 x 7 cm. + 2 bandas;50 uds.;71.97;71,97 €;389
4582;20980;FILM PROTECTOR;Bestdent;DESECHABLES;Azul.;;33.34;33,34 €;389
4583;21744;PROTECTOR MONOART BARRIER;Euronda Monoart;DESECHABLES;Color Azul;10 x 1 5cm. 1.200 uds.;51.89;51,89 €;389
4584;49970;PROTECTORES;Proclinic;DESECHABLES;Film protector azul.;1.200 unidades.;51.65;51,65 €;389
4585;49971;PROTECTORES;Proclinic;DESECHABLES;Film protector transparente.;1.200 unidades.;51.65;51,65 €;389
4586;18837;CUBREMANGUERAS;Alle-Euronda;DESECHABLES;;120 x 7 cm. + 2 adhesivos;69.26;69,26 €;390
4587;6445;PROTECTOR SENSOR RVG 3,5X23CM;Omnia;DESECHABLES;500 uds.;Protector para Sensor RVG: Fundas de monouso en polietileno polímero para la cobertura del sensor con 2 adhesivos de radiografia digital. Exento de látex. 120 x 7 cm. 3,5 cm diámetro x 23 cm longitud.;69.3;69,30 €;390
4588;64640;PROTECTOR ESTÉRIL PARA MANGUERAS DE EQUIPO;Omnia;DESECHABLES;;50 uds. Funda estéril transparente antirreflectante anti reflectante con extremo para su fijación. Tamaño;69.3;69,30 €;390
4589;6478;PROTECTOR DE MANGUERA;Omnia;DESECHABLES;;Medidas: 7 cm. x;100.1;100,10 €;390
4590;64793;ADHESIVOS MÉDICOS 10X5CM;Omnia;DESECHABLES;;50 uds. 240 cm. 50 uds.;52.36;52,36 €;390
4591;73076;FUNDAS PROTECTORAS;Alle - Euronda;DESECHABLES;Funda Turbina 4,5 cm.;45 cm. 250 unidades.;20.4;20,40 €;390
4592;73077;FUNDAS PROTECTORAS;Alle - Euronda;DESECHABLES;Funda Jeringa aire/agua 5,5 cm.;45 cm. 250 unidades.;22.2;22,20 €;390
4593;2126;SOPORTE Y VASOS PARA DESECHOS;Larident;DESECHABLES;;Soporte metálico + 50 vasos de plástico. todos los ambientes que requieren;46.67;46,67 €;391
4594;73015;ALFOMBRILLA DESCONTAMINANTE MULTICAPA AZUL;Alle-Euronda;DESECHABLES;4 unidades x 30 hojas;Soporte metálico + 50 vasos de plástico. todos los ambientes que requieren;90.23;90,23 €;391
4595;93495;ALFOMBRILLA DESCONTAMINANTE;Sogeva;DESECHABLES;45 x 120cm. 4 uds.;Soporte metálico + 50 vasos de plástico. todos los ambientes que requieren;90.23;90,23 €;391
4596;93738;BANDEJAS DESECHABLES BLANCAS;Bestdent;DESECHABLES;Caja con 400 uds. Se adaptan;Caja con 400 uds. Se adaptan a las bandejas adaptan a las metálicas mini de 18,5 x 14 cm. de;63.02;63,02 €;391
4597;2084;PAPEL DE BANDEJAS ABSORBENTE;Akzenta;DESECHABLES;Blanco;Caja con 250 uds.;12.9;12,90 €;392
4598;20841;PAPEL DE BANDEJAS ABSORBENTE;Akzenta;DESECHABLES;Amarillo;Caja con 250 uds.;12.9;12,90 €;392
4599;20842;PAPEL DE BANDEJAS ABSORBENTE;Akzenta;DESECHABLES;Verde;Caja con 250 uds.;12.9;12,90 €;392
4600;20843;PAPEL DE BANDEJAS ABSORBENTE;Akzenta;DESECHABLES;Azul;Caja con 250 uds.;12.9;12,90 €;392
4601;20844;PAPEL DE BANDEJAS ABSORBENTE;Akzenta;DESECHABLES;Naranja;Caja con 250 uds.;12.9;12,90 €;392
4602;20845;PAPEL DE BANDEJAS ABSORBENTE;Akzenta;DESECHABLES;Lila;Caja con 250 uds.;12.9;12,90 €;392
4603;20846;PAPEL DE BANDEJAS ABSORBENTE;Akzenta;DESECHABLES;Blanco;250 uds.;12.46;12,46 €;392
4604;20847;PAPEL DE BANDEJAS ABSORBENTE;Akzenta;DESECHABLES;Azul laguna;Caja con 250 uds.;12.9;12,90 €;392
4605;22473;BANDEJAS DESECHABLES DE PLÁSTICO;;DESECHABLES;Azul;Bandejas de plástico desechables de colores, compartimentadas. Utilización por separado o colocadas sobre las bandejas Standard de Aluminio o Acero. Envase con 400 uds.;64.7;64,70 €;392
4606;22474;BANDEJAS ECO;Larident;DESECHABLES;Azul claro;100 uds.;64.7;64,70 €;392
4607;22475;BANDEJAS ECO;Larident;DESECHABLES;Naranja;100 uds.;64.7;64,70 €;392
4608;22476;BANDEJAS LISAS DESECHABLES;Medistock;DESECHABLES;Amarilla;Caja 400 uds.;36.95;36,95 €;392
4609;22477;BANDEJAS LISAS DESECHABLES;Medistock;DESECHABLES;Turquesa;Caja 400 uds.;64.7;64,70 €;392
4610;22478;BANDEJAS LISAS DESECHABLES;Medistock;DESECHABLES;Fucsia;Caja 400 uds.;64.7;64,70 €;392
4611;22479;BANDEJAS LISAS DESECHABLES;Medistock;DESECHABLES;Lima;Caja 400 uds.;64.7;64,70 €;392
4612;22480;BANDEJAS LISAS DESECHABLES;Medistock;DESECHABLES;;Caja 400 uds.;64.7;64,70 €;392
4613;5941;BANDEJAS LISAS DESECHABLES;Medistock;DESECHABLES;20 x 15 x 1,5 cm.;Caja 400 uds.;33.14;33,14 €;392
4614;68576;BANDEJAS ECO;Larident;DESECHABLES;;100 uds.;36.95;36,95 €;392
4615;76936;PAPEL PARA BANDEJAS;Monoart;DESECHABLES;Blanco;250 uds.;13.63;13,63 €;392
4616;76937;PAPEL PARA BANDEJAS;Monoart;DESECHABLES;Amarillo;250 uds.;13.63;13,63 €;392
4617;76938;PAPEL PARA BANDEJAS;Monoart;DESECHABLES;Verde;250 uds.;13.63;13,63 €;392
4618;76939;PAPEL PARA BANDEJAS;Monoart;DESECHABLES;Naranja;250 uds.;13.63;13,63 €;392
4619;76940;PAPEL PARA BANDEJAS;Monoart;DESECHABLES;Azul claro;250 uds.;13.63;13,63 €;392
4620;76941;PAPEL PARA BANDEJAS;Monoart;DESECHABLES;Rosa;250 uds.;13.63;13,63 €;392
4621;76942;PAPEL PARA BANDEJAS;Monoart;DESECHABLES;Lila;250 uds.;13.63;13,63 €;392
4622;76943;PAPEL PARA BANDEJAS;Monoart;DESECHABLES;Lima;250 uds.;13.63;13,63 €;392
4623;85212;PAPEL DE BANDEJAS ABSORBENTE;Akzenta;DESECHABLES;Azul;250 uds.;12.46;12,46 €;392
4624;97147;BANDEJAS LISAS DESECHABLES;Medistock;DESECHABLES;20 x 10 cm.;Caja 400 uds.;42.99;42,99 €;392
4625;98471;BANDEJAS LISAS DESECHABLES;Medistock;DESECHABLES;21 x 23 x 2,3 cm.;Caja 400 uds.;51.8;51,80 €;392
4626;2267;DAPPENS DESECHABLES;Bestdent;DESECHABLES;;Lote de 3 uds. Realizados litros. Tapa basculante. Autoclavables.;40.83;40,83 €;393
4627;22960;DAPPENS DESECHABLES;Proclinic;DESECHABLES;;1 ud. Capacidad de 30;40.83;40,83 €;393
4628;49951;DAPPENS DESECHABLES;Proclinic;DESECHABLES;;200 uds. Color.;15.88;15,88 €;393
4629;54546;DAPPENS DESECHABLES;Bestdent;DESECHABLES;23 x 32 mm;;5.36;5,36 €;393
4630;76952;DAPPENS MONOART;Euronda Monoart;DESECHABLES;Azul;50 uds. COLOR;3.39;3,39 €;393
4631;76953;DAPPENS MONOART;Euronda Monoart;DESECHABLES;Lila;50 uds. COLOR;3.39;3,39 €;393
4632;76954;DAPPENS MONOART;Euronda Monoart;DESECHABLES;Lima;50 uds. COLOR;3.39;3,39 €;393
4633;76955;DAPPENS MONOART;Euronda Monoart;DESECHABLES;Fucsia;50 uds. COLOR;5.36;5,36 €;393
4634;76956;DAPPENS MONOART;Euronda Monoart;DESECHABLES;Naranja;50 uds. COLOR;3.39;3,39 €;393
4635;60300;TOALLITAS DESINFECTANTES;Proclinic;DESINFECCIÓN;;;16.65;16,65 €;398
4636;02029;TOALLITAS DESINFECTANTES;Dürr;DESINFECCIÓN;Clásico. Bote con 110 unidades.;Virucidas. Aroma;16.83;16,83 €;399
4637;02030;TOALLITAS DESINFECTANTES;Dürr;DESINFECCIÓN;Clásico. 12 Repos. x 110 unidades.;Virucidas. Aroma;130.35;130,35 €;399
4638;0231;TOALLITAS DESINFECTANTES;Dürr;DESINFECCIÓN;Limón. Bote con 110 unidades.;Virucidas. Aroma;16.83;16,83 €;399
4639;0234;TOALLITAS DESINFECTANTES;Dürr;DESINFECCIÓN;Limón. 12 Repos. x 110 unidades.;Virucidas. Aroma;130.35;130,35 €;399
4640;55431;TOALLITAS UNISEPTA PLUS;Unident;DESINFECCIÓN;Reposición 150 uds.;;17.48;17,48 €;399
4641;60164;TOALLITAS DESINFECTANTES;Bestdent;DESINFECCIÓN;Bote 100 unidades;Virucidas. Aroma;7.55;7,55 €;399
4642;60165;TOALLITAS DESINFECTANTES;Bestdent;DESINFECCIÓN;Reposición 100 unidades;Virucidas. Aroma;6.49;6,49 €;399
4643;69277;DENTASEPT SH PRO WIPES SIN ALCOHOL;ANIOS;DESINFECCIÓN;;100 unidades;14.25;14,25 €;399
4644;36740;TOALLITAS DESINFECTANTES ZERO BIODEGRADABLES;Hartmann;DESINFECCIÓN;;100 unidades;19.95;19,95 €;400
4645;63373;TOALLITAS ASEPTONET;Steridis;DESINFECCIÓN;Pack.18 x 20 cm. 100 uds. Gruesas.;100 unidades;19.95;19,95 €;400
4646;69504;TOALLITAS ZETA 3 POP-UP;Zhermack;DESINFECCIÓN;;100 uds.;12.08;12,08 €;400
4647;73750;TOALLITAS MIKROBAC;Hartmann;DESINFECCIÓN;;80 unidades de;10.92;10,92 €;400
4648;96341;CAVIWIPES TOALLITAS;Kerr;DESINFECCIÓN;20 bolsas x 45 toallitas;100 uds.;145.84;145,84 €;400
4649;97189;CAVIWIPES TOALLITAS;Kerr;DESINFECCIÓN;Bote 160 toallitas;100 uds.;21.85;21,85 €;400
4650;60303;DISPOSITIVOS MÉDICOS;Proclinic;DESINFECCIÓN;1 l.;;32.23;32,23 €;402
4651;60304;DISPOSITIVOS MÉDICOS;Proclinic;DESINFECCIÓN;5 l.;;87.55;87,55 €;402
4652;0213;PULVERIZADOR PARA LÍQUIDOS;Dürr;DESINFECCIÓN;;Frasco pulverizador FD 320 y 322, etc.;19.9;19,90 €;403
4653;0226;DESINFECCIÓN DE SUPERFICIES RÁPIDA FD 322;Dürr;DESINFECCIÓN;;Sin aldehídos. Listo para su uso. su uso. Actúa en 1 minuto contra HBV. Ingredientes activos: alcoholes.;49.9;49,90 €;403
4654;02262;DESINFECCIÓN DE SUPERFICIES RÁPIDA FD 322;Dürr;DESINFECCIÓN;10 l.;Sin aldehídos. Listo para su uso. su uso. Actúa en 1 minuto contra HBV. Ingredientes activos: alcoholes.;206.0;206,00 €;403
4655;02265;DESINFECCIÓN DE SUPERFICIES;Dürr;DESINFECCIÓN;Grifo/Dispensador para bidones.;Sin aldheídos. Listo para;14.6;14,60 €;403
4656;0233;DESINFECCIÓN DE SUPERFICIES;Dürr;DESINFECCIÓN;2,5 l. Fragancia a limón.;Sin aldheídos. Listo para;57.2;57,20 €;403
4657;02332;DESINFECCIÓN DE SUPERFICIES;Dürr;DESINFECCIÓN;10 l. Fragancia a limón.;Sin aldheídos. Listo para;206.0;206,00 €;403
4658;2351;DÜRR FD 360;Dürr;DESINFECCIÓN;;1 Bote de 250ml 1 Paño de microfibra 5 Esponjas.;39.9;39,90 €;403
4659;60157;DESINFECTANTE DISPOSITIVOS;Bestdent;DESINFECCIÓN;1 l.;Sin aldheídos. Listo para;21.5;21,50 €;403
4660;60158;DESINFECTANTE DISPOSITIVOS;Bestdent;DESINFECCIÓN;5 l.;Sin aldheídos. Listo para;69.88;69,88 €;403
4661;82051;DESINFECCIÓN DE SUPERFICIES RÁPIDA FD 322;Dürr;DESINFECCIÓN;1 l.;Sin aldehídos. Listo para su uso. su uso. Actúa en 1 minuto contra HBV. Ingredientes activos: alcoholes.;57.2;57,20 €;403
4662;0200;FD 300 DESINFECCIÓN SUPERFICIES;Dürr;DESINFECCIÓN;Desinfectante superficies FD;Bajo contenido de alcohol para la desinfec- ción y limpieza de superficies sanitarias especialmente delicadas. Listo para su uso. Bactericida, incl. tuberculocida, levurocida, viru- delicadas. cida limitado y virus sin envoltura (norovirus).;68.9;68,90 €;404
4663;02026;HYGOWIPE PLUS;Dürr;DESINFECCIÓN;Hygowipe Plus Rollo (6 x 110 m.);;70.8;70,80 €;404
4664;02027;HYGOWIPE PLUS;Dürr;DESINFECCIÓN;FD-322 para Hygowipe Plus. 750;;21.2;21,20 €;404
4665;02031;FD 366 DESINFECCIÓN SUPERFICIES;Dürr;DESINFECCIÓN;2,5 l.;Bajo contenido de alcohol para la desinfec- ción y limpieza de superficies sanitarias especialmente delicadas. Listo para su uso. Bactericida, incl. tuberculocida, levurocida, viru- delicadas. cida limitado y virus sin envoltura (norovirus).;52.9;52,90 €;404
4666;73786;FD 366 DESINFECCIÓN SUPERFICIES;Dürr;DESINFECCIÓN;1 l.;Bajo contenido de alcohol para la desinfec- ción y limpieza de superficies sanitarias especialmente delicadas. Listo para su uso. Bactericida, incl. tuberculocida, levurocida, viru- delicadas. cida limitado y virus sin envoltura (norovirus).;23.7;23,70 €;404
4667;58126;INSTRUNET INIBSA SPRAY;Inibsa;DESINFECCIÓN;750 ml.;;25.68;25,68 €;405
4668;65769;VAPOSEPT PLUS;Septodont;DESINFECCIÓN;750 ml.;;35.5;35,50 €;405
4669;69262;DENTASEPT SPRAY 60 PRO;Anios;DESINFECCIÓN;1 l.;750 ml;21.45;21,45 €;405
4670;69263;DENTASEPT SPRAY 60 PRO;Anios;DESINFECCIÓN;5 l.;750 ml;60.91;60,91 €;405
4671;88952;DENTASEPT SH PRO;Anios;DESINFECCIÓN;;750 ml;26.5;26,50 €;405
4672;0287;CAVICIDE;Kerr;DESINFECCIÓN;5 l.;;91.26;91,26 €;406
4673;0288;CAVICIDE;Kerr;DESINFECCIÓN;700 ml.;750 ml;23.28;23,28 €;406
4674;55012;ZETA 4 WASH;Zhermack;DESINFECCIÓN;3 litros;;24.21;24,21 €;406
4675;69701;ZETA 3 SOFT;Zhermack;DESINFECCIÓN;;750 ml;20.83;20,83 €;406
4676;69702;ZETA 3 FOAM;Zhermack;DESINFECCIÓN;750 ml;;24.21;24,21 €;406
4677;69703;ZETA 3 FOAM;Zhermack;DESINFECCIÓN;3 litros;;77.01;77,01 €;406
4678;82001;INSTRUNET AIR TOTAL;Inibsa;DESINFECCIÓN;50 ml.;;20.75;20,75 €;406
4679;60301;ENZIMÁTICO INSTRUMENTAL 0,5%;Proclinic;DESINFECCIÓN;1 l.;;43.76;43,76 €;407
4680;60302;ENZIMÁTICO INSTRUMENTAL 0,5%;Proclinic;DESINFECCIÓN;5 l.;;188.41;188,41 €;407
4681;93305;ENZYMAX SPRAY GEL;Hu-Friedy;DESINFECCIÓN;750 ml.;;30.0;30,00 €;407
4682;0211;DESINFECCIÓN DE INSTRUMENTOS ID 212;Dürr.;DESINFECCIÓN;2,5 l.;;65.9;65,90 €;408
4683;58124;INSTRUNET INIBSA UNIVERSAL;Inibsa;DESINFECCIÓN;1 l.;;52.34;52,34 €;408
4684;6930;DENTASEPT;Anios;DESINFECCIÓN;5 l.;;27.5;27,50 €;408
4685;83151;PEROXIL 2000;Amedics;DESINFECCIÓN;Peroxil 2000 Polvo.;Ácido;55.73;55,73 €;408
4686;83152;PEROXIL 2000 DETERGO;Amedics;DESINFECCIÓN;Concentrado: 1 kg.;Ácido Paracético;44.12;44,12 €;408
4687;155506;QUITANET ULTRA;Septodont;DESINFECCIÓN;1 l.;;30.33;30,33 €;409
4688;4463;KDM BIODES-K FORTE;KDM;DESINFECCIÓN;1 l. para 200 l.;Desinfección y esterilización pinzas, fresas, espejos, sondas, etc.);57.44;57,44 €;409
4689;60153;DESINFECCIÓN DE INSTRUMENTOS;Bestdent;DESINFECCIÓN;Desinfectante 1 l.;;22.75;22,75 €;409
4690;60154;DESINFECCIÓN DE INSTRUMENTOS;Bestdent;DESINFECCIÓN;Desinfectante 5 l.;;78.43;78,43 €;409
4691;69274;DENTASEPT 3H RAPID;Anios;DESINFECCIÓN;1x5L + 1 bomba dosificadora 20 ml.;;83.13;83,13 €;409
4692;69280;DENTASEPT 3H RAPID;Anios;DESINFECCIÓN;Botella dosificadora de 1 l.;;23.95;23,95 €;409
4693;69286;DENTASEPT TRI ENZYMATIC;Anios;DESINFECCIÓN;1 l. + dosificador integrado;;36.19;36,19 €;409
4694;69287;DENTASEPT TRI ENZYMATIC;Anios;DESINFECCIÓN;5 l. + bomba dosificadora de 20;;193.0;193,00 €;409
4695;90203;ZETA 2 SPOREX;Zhermack;DESINFECCIÓN;900 gr.;;87.85;87,85 €;409
4696;41377;UC32 LIMPIADOR ENZIMÁTICO ULTRASONIDOS;Whaledent;DESINFECCIÓN;236 ml. para 30 l. de dilución.;;63.32;63,32 €;410
4697;4847;TRAYPUROL;Voco;DESINFECCIÓN;50 uds.;;95.1;95,10 €;410
4698;55011;ZETA 1 ULTRA;Zhermack;DESINFECCIÓN;1 l.;Líquido de limpieza combinación con el aparato para limpieza sin aldehídos con un campo Eliminación rápida y eficiente de depósitos base a las nuevas normas europeas sarro y la placa. para la detersión y la desinfección y rotatorios, incluidos los más;35.83;35,83 €;410
4699;95124;UC30 LIMPIADOR SÚPER CONCENTRADO;Whaledent;DESINFECCIÓN;473 ml. para 30 l. de dilución.;;63.32;63,32 €;410
4700;H100468;HELP:EX PLAQUE F;Renfert;DESINFECCIÓN;Pack de envases 4 x 1 Litro;Líquido de limpieza combinación con el aparato para limpieza sin aldehídos con un campo Eliminación rápida y eficiente de depósitos base a las nuevas normas europeas sarro y la placa. para la detersión y la desinfección y rotatorios, incluidos los más;84.78;84,78 €;410
4701;H100469;HELP:EX DISCOLOR F;Renfert;DESINFECCIÓN;Envase 1 Litro;Detergente especial alcalino, listo para usar, ácido, listo para usar en ideado para la eliminación de decoloraciones resistentes como, de prótesis SYMPRO. p. ej., manchas de alquitrán y café o té en restauraciones dentales frecuentes, como son el removibles. Aplicación posterior fuera del aparato para limpieza de prótesis SYMPRO.;84.78;84,78 €;410
4702;4107;CUBETA DESINFECCIÓN LARIDENT;Larident;DESINFECCIÓN;;26 cm x 11 cm Con bandeja interior perforada, para;43.26;43,26 €;411
4703;41940;CUBETA DE DESINFECCIÓN;Larident;DESINFECCIÓN;Cubeta con capacidad de 3 l.;;85.63;85,63 €;411
4704;82194;CUBETA DESINFECCIÓN;Inibsa;DESINFECCIÓN;;Cubeta con capacidad extraer los instrumentos. rior perforada.;43.26;43,26 €;411
4705;89806;HYGOBOX CUBETA DESINFECCIÓN;Dürr;DESINFECCIÓN;Interior Azul;Cubeta con capacidad de 3 l.;78.5;78,50 €;411
4706;89879;HYGOBOX CUBETA DESINFECCIÓN;Dürr;DESINFECCIÓN;Tapa Azul;Cubeta con capacidad de 3 l.;79.49;79,49 €;411
4707;H100348;SYMPRO AGUJAS LIMPIEZA;Zhermack;DESINFECCIÓN;75 gr.;Monodosis en polvo aplicarse en el aparato para limpieza de eficiente de la placa y del sarro. Tras el uso, solución de limpieza con el polvo.;66.35;66,35 €;411
4708;H100470;HELP:EX PLAQUE P;Renfert;DESINFECCIÓN;Pack 20 x 20g Polvo +;Monodosis en polvo aplicarse en el aparato para limpieza de eficiente de la placa y del sarro. Tras el uso, solución de limpieza con el polvo.;77.22;77,22 €;411
4709;0216;ID-220. DESINFECCIÓN DE FRESAS;Dürr;DESINFECCIÓN;2,5 l.;Sin aldehídos. Listo para su uso. Virucida. Se puede utilizar en ultrasonidos.;44.9;44,90 €;412
4710;60155;DESINFECCIÓN DE FRESAS;Bestdent;DESINFECCIÓN;Desinfectante de fresas 2 l.;Sin aldehídos. Listo para su uso. Virucida. Se puede utilizar en ultrasonidos.;28.3;28,30 €;412
4711;73785;ID-220. DESINFECCIÓN DE FRESAS;Dürr;DESINFECCIÓN;1 l.;Sin aldehídos. Listo para su uso. Virucida. Se puede utilizar en ultrasonidos.;19.0;19,00 €;412
4712;0209;ID-213 DESINFECCIÓN DE E INSTRUMENTOS;Dürr;DESINFECCIÓN;2,5 litros;Virucida.;40.82;40,82 €;413
4713;69275;DENTASEPT SPECIAL ROTATIVE;Anios;DESINFECCIÓN;2 l.;Virucida.;40.82;40,82 €;413
4714;82050;ID-213 DESINFECCIÓN DE E INSTRUMENTOS;Dürr;DESINFECCIÓN;1 litro;Virucida.;34.0;34,00 €;413
4715;49900;DETERGENTE-DESINFECTANTE ASPIRACIÓN 2%;Proclinic Desde;DESINFECCIÓN;1 litro =50 litros de solución lista para su uso;;24.93;24,93 €;414
4716;49901;DETERGENTE-DESINFECTANTE ASPIRACIÓN 2%;Proclinic Desde;DESINFECCIÓN;5 litros =250 litros de solución lista para su uso;;83.48;83,48 €;414
4717;0203;OROCUP DOSIFICADOR;Dürr;DESINFECCIÓN;;;66.63;66,63 €;415
4718;0204;OROTOL PLUS;Dürr;DESINFECCIÓN;2,5 l.;;58.9;58,90 €;415
4719;0300;LIMPIADOR MD-555;Dürr;DESINFECCIÓN;2,5 l.;;58.9;58,90 €;415
4720;60160;DESINFECCIÓN DE ASPIRACIÓN;Bestdent;DESINFECCIÓN;2,5 l.;;39.1;39,10 €;415
4721;82048;OROTOL PLUS;Dürr;DESINFECCIÓN;1 l.;;28.5;28,50 €;415
4722;96468;MD 550 LIMPIADOR PARA;DÜRR;DESINFECCIÓN;;750 ml;19.9;19,90 €;415
4723;0408;DEKASEPTOL;Kavo;DESINFECCIÓN;;3 litros;116.77;116,77 €;416
4724;04091;DEKASEPTOL;Kavo;DESINFECCIÓN;;5 l.;63.43;63,43 €;416
4725;2068;PULI-JET;Cattani;DESINFECCIÓN;;5 l.;70.41;70,41 €;416
4726;2082;PASTILLAS ANTIESPUMÓGENAS;Cattani;DESINFECCIÓN;Pastillas desinfectantes;Caja de 50 pastillas.;63.43;63,43 €;416
4727;7699;PASTILLAS ANTIESPUMÓGENAS;Cattani;DESINFECCIÓN;Pastillas sanitizantes;Caja de 50 pastillas.;66.6;66,60 €;416
4728;82047;PULI-JET PLUS 2.0;Cattani;DESINFECCIÓN;;1 litro.;70.78;70,78 €;416
4729;99568;OXIGENAL 6;Kavo;DESINFECCIÓN;1 l.;3 litros;40.08;40,08 €;416
4730;55015;ZETA 5 POWER ACT;Zhermack;DESINFECCIÓN;Bote 1 litro;;155.0;155,00 €;417
4731;55119;CALBENIUM;Airel;DESINFECCIÓN;Calbenium;;97.0;97,00 €;417
4732;65770;ASEPTOL S.A.;Septodont;DESINFECCIÓN;5 litros con;;155.0;155,00 €;417
4733;69288;DENTASEPT ASPIRATION;Anios;DESINFECCIÓN;1 l. + dosificador;;24.56;24,56 €;417
4734;69289;DENTASEPT ASPIRATION;Anios;DESINFECCIÓN;5 l. + dosificador;;82.38;82,38 €;417
4735;99585;CALBENIUM;Airel;DESINFECCIÓN;Calbenium;;97.0;97,00 €;417
4736;49902;JABÓN SUAVE;Proclinic;DESINFECCIÓN;500 ml.;;12.13;12,13 €;418
4737;49903;JABÓN SUAVE;Proclinic;DESINFECCIÓN;2 l.;;37.14;37,14 €;418
4738;02028;HD-435 JABÓN DE MANOS;Dürr;DESINFECCIÓN;Botella 2,5 l.;Solución antimicrobiana.;44.9;44,90 €;419
4739;0222;HD-435 JABÓN DE MANOS;Dürr;DESINFECCIÓN;Botella 500 ml.;Solución antimicrobiana.;18.5;18,50 €;419
4740;60161;JABÓN PARA MANOS;Bestdent;DESINFECCIÓN;500 ml.;;8.66;8,66 €;419
4741;73397;DISPENSADOR AUTOMÁTICO;Dürr;DESINFECCIÓN;;1 unidad.;188.0;188,00 €;419
4742;73398;DISPENSADOR MANUAL RX 5 M;Dürr;DESINFECCIÓN;;1 unidad.;78.0;78,00 €;419
4743;82003;HD-410 DESINFECTANTE;Dürr;DESINFECCIÓN;2,5 L.;1 unidad.;42.3;42,30 €;419
4744;96928;DENTASEPT JABÓN GLICERINE;Anios;DESINFECCIÓN;5 l.;Jabón suave para lavados especialmente para;84.38;84,38 €;419
4745;49882;ZETA 6 HYDRA;Zhermack;DESINFECCIÓN;1 litro;1.1 litro de capacidad, válvula tipo fuelle,;25.1;25,10 €;420
4746;49883;ZETA 6 HYDRA;Zhermack;DESINFECCIÓN;5 litro;1.1 litro de capacidad, válvula tipo fuelle,;80.06;80,06 €;420
4747;76630;DISPENSADOR JABÓN Y GEL EN ESPUMA AQUARIUS;Kimberly Clark;DESINFECCIÓN;;1.1 litro de capacidad, válvula tipo fuelle,;21.6;21,60 €;420
4748;84075;JABÓN EXTRA SUAVE;Tork;DESINFECCIÓN;Jabón extrasuave premiun. 1 litro.;1.1 litro de capacidad, válvula tipo fuelle,;9.74;9,74 €;420
4749;9352;JABÓN EXTRA SUAVE;Tork;DESINFECCIÓN;Dispensador de jabón Elevation;1.1 litro de capacidad, válvula tipo fuelle,;46.81;46,81 €;420
4750;5520;STERILLIUM 500;Hartmann;DESINFECCIÓN;Sterillium 500 ml.;Solución para la para las manos. de agua. Dermoprotector.;13.91;13,91 €;421
4751;5521;STERILLIUM 500;Hartmann;DESINFECCIÓN;Sterillium 1000 ml.;Solución para la para las manos. de agua. Dermoprotector.;24.37;24,37 €;421
4752;55220;STERILLIUM 500;Hartmann;DESINFECCIÓN;Dosificador para S-500;Solución para la para las manos. de agua. Dermoprotector.;9.92;9,92 €;421
4753;55233;STERILLIUM 500;Hartmann;DESINFECCIÓN;Dosificador para S-1000;Solución para la para las manos. de agua. Dermoprotector.;8.41;8,41 €;421
4754;70158;STERILLIUM GEL;Hartmann;DESINFECCIÓN;100 ml.;;6.83;6,83 €;421
4755;70159;STERILLIUM GEL;Hartmann;DESINFECCIÓN;475 ml. con válvula;;17.88;17,88 €;421
4756;70160;STERILLIUM GEL;Hartmann;DESINFECCIÓN;975 ml. con válvula;;25.04;25,04 €;421
4757;76639;GEL DE MANOS PURELL;Purell;DESINFECCIÓN;Dispensador gris/blanco;;28.58;28,58 €;421
4758;82193;STERILLIUM MED;Hartmann;DESINFECCIÓN;;1000 ml;24.45;24,45 €;421
4759;70384;ESPONJA DESINFECTANTE CON CLORHEXIDINA;Alle Euronda;DESINFECCIÓN;;1 ud.;1.61;1,61 €;422
4760;77500;INSTRUNET SCRUB JABÓN;Inibsa;DESINFECCIÓN;;500 ml.;18.44;18,44 €;422
4761;93510;IPSOSOL SOLUCIÓN MANOS;Salló;DESINFECCIÓN;1 litro;;14.06;14,06 €;422
4762;93511;IPSOSOL SOLUCIÓN MANOS;Salló;DESINFECCIÓN;5 litros;;42.42;42,42 €;422
4763;93513;IPSOGEL SOLUCIÓN MANOS;Salló;DESINFECCIÓN;1 litro;;14.06;14,06 €;422
4764;93514;IPSOGEL SOLUCIÓN MANOS;Salló;DESINFECCIÓN;5 litro;;42.42;42,42 €;422
4765;93871;IPSOSOL SOLUCIÓN MANOS;Salló;DESINFECCIÓN;100 ml;;4.63;4,63 €;422
4766;93872;IPSOGEL SOLUCIÓN MANOS;Salló;DESINFECCIÓN;100 ml;;4.63;4,63 €;422
4767;60015;VASELINA PURA;Laboratorios Vaza;DESINFECCIÓN;30 gr.;Conservar entre 10 º y 30 ºC.;2.47;2,47 €;423
4768;6318;TRAY CLEANER;Directa;DESINFECCIÓN;850 gr.;Disuelve el alginato y el yeso de las cubetas.;51.08;51,08 €;423
4769;H00004;GO-2011 SPEED DISOLVENTE DE YESO Y ALGINATO;Renfert;DESINFECCIÓN;Garrafa x 2 l.;Solución disolvente de yeso y alginato lista;53.0;53,00 €;423
4770;0218;MD-530 DISOLVENTE DE CEMENTOS;Dürr;DESINFECCIÓN;;Limpiador de metales, plásticos. 2,5 l. Listo para su uso. Solo;41.5;41,50 €;424
4771;20502;IMPRESAFE;Cavex;DESINFECCIÓN;;1 l.;77.67;77,67 €;424
4772;79930;BOLSAS DE;Proclinic;DESINFECCIÓN;7,5 x 25 cm.;200 uds.;23.0;23,00 €;424
4773;79931;BOLSAS DE;Proclinic;DESINFECCIÓN;6 x 10 cm.;200 uds.;14.08;14,08 €;424
4774;79932;BOLSAS DE;Proclinic;DESINFECCIÓN;9 x 25 cm.;200 uds.;31.5;31,50 €;424
4775;79933;BOLSAS DE;Proclinic;DESINFECCIÓN;14 x 26 cm.;200 uds.;39.95;39,95 €;424
4776;79947;BOLSAS DE;Proclinic;DESINFECCIÓN;30 x 45 cm.;200 uds.;76.2;76,20 €;424
4777;79954;BOLSAS DE;Proclinic;DESINFECCIÓN;9 x 16,5 cm.;200 uds.;26.17;26,17 €;424
4778;H993100;GYPSTRAY DISOLVENTE PARA;Zhermarck;DESINFECCIÓN;Envase de 3 l.;Agente de limpieza de residuos de yesos dentales y alginato en resina e instrumentos. Efervescente. No agresivo. Eficaz en los puntos menos aplicación 30´-60´. Listo para su uso.;71.62;71,62 €;424
4779;21771;BOLSAS DE ESTERILIZACIÓN;Eur onda Monoart;DESINFECCIÓN;14 cm x 25 cm;Bolsa Esterilizar. 200;40.35;40,35 €;425
4780;21772;BOLSAS DE ESTERILIZACIÓN;Eur onda Monoart;DESINFECCIÓN;19 cm x 33 cm;Bolsa Esterilizar. 200;50.86;50,86 €;425
4781;70024;BOLSAS ESTERILIZACIÓN ASSURE PLUS;Sultan;DESINFECCIÓN;30,5 x 45,7 mm.;200 uds.;84.17;84,17 €;425
4782;70263;BOLSAS DE ESTERILIZACIÓN;Eur onda Monoart;DESINFECCIÓN;5 cm x 25 cm.;Bolsa Esterilizar. 500;33.53;33,53 €;425
4783;7628;BOLSAS ESTERILIZACIÓN ASSURE PLUS;Sultan;DESINFECCIÓN;8,9 x 16,5 mm.;200 uds.;30.29;30,29 €;425
4784;7629;BOLSAS ESTERILIZACIÓN ASSURE PLUS;Sultan;DESINFECCIÓN;8,9 x 25,4 mm.;200 uds.;37.16;37,16 €;425
4785;7630;BOLSAS ESTERILIZACIÓN ASSURE PLUS;Sultan;DESINFECCIÓN;13,3 x 27,9 mm.;200 uds.;48.32;48,32 €;425
4786;79934;ROLLOS DE ESTERILIZACIÓN;Proclinic;DESINFECCIÓN;5 cm x 200 m.;Papel de grado médico. Con testigo de esterilización. Rollos de 200 m.;30.76;30,76 €;425
4787;79935;ROLLOS DE ESTERILIZACIÓN;Proclinic;DESINFECCIÓN;7,5 cm x 200 m.;Papel de grado médico. Con testigo de esterilización. Rollos de 200 m.;45.75;45,75 €;425
4788;79936;ROLLOS DE ESTERILIZACIÓN;Proclinic;DESINFECCIÓN;10 cm x 200 m.;Papel de grado médico. Con testigo de esterilización. Rollos de 200 m.;61.16;61,16 €;425
4789;79940;BOLSAS DE ESTERILIZAR BESTDENT;Bestdent;DESINFECCIÓN;6 x 11 cm.;200 uds.;9.75;9,75 €;425
4790;79941;BOLSAS DE ESTERILIZAR BESTDENT;Bestdent;DESINFECCIÓN;7 x 25,5 cm.;200 uds.;16.16;16,16 €;425
4791;79942;BOLSAS DE ESTERILIZAR BESTDENT;Bestdent;DESINFECCIÓN;9 x 23 cm.;200 uds.;19.9;19,90 €;425
4792;79943;BOLSAS DE ESTERILIZAR BESTDENT;Bestdent;DESINFECCIÓN;14 x 25 cm.;200 uds.;25.48;25,48 €;425
4793;79950;ROLLOS DE ESTERILIZACIÓN;Proclinic;DESINFECCIÓN;15 cm x 200 m.;Papel de grado médico. Con testigo de esterilización. Rollos de 200 m.;63.82;63,82 €;425
4794;79951;ROLLOS DE ESTERILIZACIÓN;Proclinic;DESINFECCIÓN;25 cm x 200 m.;Papel de grado médico. Con testigo de esterilización. Rollos de 200 m.;102.34;102,34 €;425
4795;79956;ROLLOS DE ESTERILIZACIÓN;Proclinic;DESINFECCIÓN;20 cm x 200 m.;Papel de grado médico. Con testigo de esterilización. Rollos de 200 m.;80.69;80,69 €;425
4796;85601;BOLSAS DE ESTERILIZACIÓN;Eur onda Monoart;DESINFECCIÓN;7.5 cm x 25 cm.;Bolsa Esterilizar. 500;46.22;46,22 €;425
4797;96595;BOLSAS DE ESTERILIZACIÓN;Eur onda Monoart;DESINFECCIÓN;9 cm x 25 cm;Bolsa Esterilizar. 200;31.1;31,10 €;425
4798;0947;AC NET;Cattani;DESINFECCIÓN;;;23.69;23,69 €;426
4799;2173;EURONDA EUROSTERIL;Euronda Monoart;DESINFECCIÓN;Ancho: 5 cm. x 200 m.;Con testigo de esterilización.;34.38;34,38 €;426
4800;2174;EURONDA EUROSTERIL;Euronda Monoart;DESINFECCIÓN;Ancho: 7,5 cm. x 200 m.;Con testigo de esterilización.;53.61;53,61 €;426
4801;21740;EURONDA EUROSTERIL;Euronda Monoart;DESINFECCIÓN;Ancho: 20 cm. x 200 m.;Con testigo de esterilización.;160.05;160,05 €;426
4802;21741;EURONDA EUROSTERIL;Euronda Monoart;DESINFECCIÓN;Ancho: 30 cm. x 200 m.;Con testigo de esterilización.;205.79;205,79 €;426
4803;21742;EURONDA EUROSTERIL;Euronda Monoart;DESINFECCIÓN;Ancho: 40 cm. x 200 m.;Con testigo de esterilización.;14.85;14,85 €;426
4804;2176;EURONDA EUROSTERIL;Euronda Monoart;DESINFECCIÓN;Ancho: 10 cm. x 200 m.;Con testigo de esterilización.;70.26;70,26 €;426
4805;4138;ROLLOS DE ESTERILIZAR;Bestdent;DESINFECCIÓN;200 m;;67.46;67,46 €;426
4806;4140;ROLLOS DE ESTERILIZAR;Bestdent;DESINFECCIÓN;200 m;;32.29;32,29 €;426
4807;4141;ROLLOS DE ESTERILIZAR;Bestdent;DESINFECCIÓN;200 m;;46.05;46,05 €;426
4808;4142;ROLLOS DE ESTERILIZAR;Bestdent;DESINFECCIÓN;200 m;;64.21;64,21 €;426
4809;4143;ROLLOS DE ESTERILIZAR;Bestdent;DESINFECCIÓN;200 m;;118.12;118,12 €;426
4810;4365;ROLLOS DE ESTERILIZAR;Bestdent;DESINFECCIÓN;100 m.;;205.79;205,79 €;426
4811;6332;EURONDA EUROSTERIL;Euronda Monoart;DESINFECCIÓN;Ancho: 15 cm. x 200 m.;Con testigo de esterilización.;97.54;97,54 €;426
4812;6333;EURONDA EUROSTERIL;Euronda Monoart;DESINFECCIÓN;Ancho: 25 cm. x 200 m.;Con testigo de esterilización.;215.87;215,87 €;426
4813;69112;ROLLOS DE ESTERILIZAR;Bestdent;DESINFECCIÓN;15 cm x 200 m.;;47.8;47,80 €;426
4814;79944;ROLLOS DE ESTERILIZAR;Bestdent;DESINFECCIÓN;5 cm x 200 m.;;14.85;14,85 €;426
4815;79945;ROLLOS DE ESTERILIZAR;Bestdent;DESINFECCIÓN;7,5 cm x 200 m.;;20.95;20,95 €;426
4816;79946;ROLLOS DE ESTERILIZAR;Bestdent;DESINFECCIÓN;10 cm x 200 m.;;28.35;28,35 €;426
4817;93475;EURONDA EUROSTERIL;Euronda Monoart;DESINFECCIÓN;Fuelle Ancho: 25 cm. x 6,5 x 100;Con testigo de esterilización.;20.95;20,95 €;426
4818;69110;TEST BOWIE&DICK;Sogeva;DESINFECCIÓN;1 ud.;;3.97;3,97 €;427
4819;69113;TEST BOWIE & DICK BESTDENT;Bestdent;DESINFECCIÓN;15 cm x 200 m.;1 unidad;3.05;3,05 €;427
4820;79955;TEST BOWIE & DICK;Proclinic;DESINFECCIÓN;;1 unidad;3.19;3,19 €;427
4821;83061;TEST BOWIE&DICK;Amcor;DESINFECCIÓN;;20 uds.;79.83;79,83 €;427
4822;97148;TEST BOWIE & DICK;Medistock;DESINFECCIÓN;20 uds.;;79.4;79,40 €;427
4823;3887;TIRAS COMPLY-INDICADOR;Solventum (3M);DESINFECCIÓN;;"240 tiras de 20 cm. se ha desarrollado el proceso Cambia de color cuando la carga ha sido la aparición de la norma UNE- parámetros críticos; temperatura presión. se encuadran, de acuerdo las más exigentes para con los requisitos";33.19;33,19 €;428
4824;79957;QUÍMICO PARA VAPOR CLASE;Proclinic;DESINFECCIÓN;;250 tiras dobles;15.98;15,98 €;428
4825;83059;STERIGUT;Amcor;DESINFECCIÓN;Sterigut Indicador Químico.;;19.97;19,97 €;428
4826;83060;STERIGUT;Amcor;DESINFECCIÓN;Sterigut Integrador 3 Parámetros.;250 uds. QUÍMICO;79.96;79,96 €;428
4827;83211;CONTROL ESTERILIZADOR 3 PARÁMETROS;E.C.S.;DESINFECCIÓN;;250 uds. QUÍMICO;29.38;29,38 €;428
4828;38940;INCUBADORA ATTEST;Solventum (3M);DESINFECCIÓN;Indicadores Attest 100 uds.;25 uds.;470.81;470,81 €;429
4829;38945;INCUBADORA ATTEST;Solventum (3M);DESINFECCIÓN;Indicadores Attest 25 uds.;;115.47;115,47 €;429
4830;70412;EZ TEST INDICADOR BIOLÓGICO;Mocom;DESINFECCIÓN;;30 uds.;139.23;139,23 €;429
4831;83058;CINTA ADHESIVA INDICADORA;Amcor;DESINFECCIÓN;;Rollo de 50 m. x 19;4.32;4,32 €;429
4832;83062;TEST HELIX;Amcor;DESINFECCIÓN;Test Helix (100 uds. +;;139.23;139,23 €;429
4833;83063;INDICADORES BIOLÓGICOS;Amcor;DESINFECCIÓN;;25 uds.;83.0;83,00 €;429
4834;93724;TEST HELIX;Ecs;DESINFECCIÓN;100 indicadores + 1 dispositivo.;;57.31;57,31 €;429
4835;IP1004;Análogo compatible con tipo REPLACE® NP;;IMPLANTES;Análogo tipo REPLACE® NP Ø3,5 Conex. Interna.;;13.95;13,95 €;432
4836;IP1026;Produto Dentário;;IMPLANTES;Análogo tipo REPLACE® NP Ø3,5 Conex. Interna 5 uds.;;54.9;54,90 €;432
4837;IP1048;Tornillo definitivo compatible con tipo REPLACE® NP;;IMPLANTES;Tornillo para implante tipo REPLACE® NP Métrica 1,8x8,3 Conex.;;11.35;11,35 €;432
4838;IP1063;Produto Dentário;;IMPLANTES;Tornillo para implante tipo REPLACE® NP Métrica 1,8x8,3 Conex.;;46.85;46,85 €;432
4839;IP1005;Análogo compatible con tipo REPLACE® RP;;IMPLANTES;Análogo tipo REPLACE® RP Ø4,3 Conex. Interna.;;13.95;13,95 €;433
4840;IP1027;Produto Dentário;;IMPLANTES;Análogo tipo REPLACE® RP Ø4,3 Conex. Interna 5 uds.;;54.9;54,90 €;433
4841;IP1049;Tornillo definitivo compatible con tipo REPLACE® RP y WP;;IMPLANTES;Tornillo para implante tipo REPLACE® RP y WP Métrica 2,0x9,9;;11.35;11,35 €;433
4842;IP1101;Tornillo métrica: 2 mm Calcinable compatible con tipo REPLACE® RP;;IMPLANTES;Calcinable rotatorio para implante tipo REPLACE® RP Ø4,3 Conex.;;49.9;49,90 €;433
4843;IP1122;Calcinable compatible con tipo REPLACE® RP;;IMPLANTES;Calcinable antirrotatorio para implante tipo REPLACE® RP Ø4,3;;15.9;15,90 €;433
4844;IP1141;Produto Dentário;;IMPLANTES;Calcinable antirrotatorio para implante tipo REPLACE® RP Ø4,3;;56.9;56,90 €;433
4845;IP1157A;Plataforma: Sugerencia de uso: Un solo uso.;;IMPLANTES;Transfer CA REPLACE® RPØ 4,3 Conex. Int. (incluye tornillo);;24.95;24,95 €;433
4846;IP1006;Análogo compatible con tipo REPLACE® WP;;IMPLANTES;Análogo tipo REPLACE® WP Ø5,0 Conex. Interna.;;13.95;13,95 €;434
4847;IP1028;Produto Dentário;;IMPLANTES;Análogo tipo REPLACE® WP Ø5,0 Conex. Interna 5 uds.;;54.9;54,90 €;434
4848;IP1080;Calcinable compatible con tipo REPLACE® WP;;IMPLANTES;Calcinable rotatorio para implante tipo REPLACE® WP Ø5,0 Conex.;;12.35;12,35 €;434
4849;IP1142;Calcinable compatible con tipo REPLACE® WP;;IMPLANTES;Calcinable antirrotatorio para implante tipo REPLACE® WP Ø5,0;;56.9;56,90 €;434
4850;IP1022;Produto Dentário;;IMPLANTES;Análogo tipo BRANEMARK® NP Ø3,5 Conex. Externa 5 uds.;;39.9;39,90 €;435
4851;IP1044;Tornillo definitivo compatible con tipo BRANEMARK SYSTEM® NP;;IMPLANTES;Tornillo para implante tipo BRANEMARK® NP Métrica 1,6x7,35;;9.9;9,90 €;435
4852;IP1074;Calcinable compatible con tipo BRANEMARK SYSTEM® NP;;IMPLANTES;Calcinable rotatorio para implante tipo BRANEMARK® NP Ø3,5;;9.9;9,90 €;435
4853;IP1096;Produto Dentário;;IMPLANTES;Calcinable rotatorio para implante tipo BRANEMARK® NP Ø3,5;;39.9;39,90 €;435
4854;IP1118;Calcinable compatible con tipo BRANEMARK SYSTEM® NP;;IMPLANTES;Calcinable antirrotatorio para implante tipo BRANEMARK® NP;;9.9;9,90 €;435
4855;IP1001;Análogo compatible con tipo BRANEMARK SYSTEM® RP;;IMPLANTES;Análogo tipo BRANEMARK® RP Ø4,1 Conex. Externa.;;9.9;9,90 €;436
4856;IP1119;Calcinable compatible con tipo BRANEMARK SYSTEM® RP;;IMPLANTES;Calcinable antirrotatorio para implante tipo BRANEMARK® RP;;9.9;9,90 €;436
4857;IP1138;Produto Dentário;;IMPLANTES;Calcinable antirrotatorio para implante tipo BRANEMARK® RP;;39.9;39,90 €;436
4858;IP1002;Análogo compatible con tipo BRANEMARK SYSTEM® WP;;IMPLANTES;Análogo tipo BRANEMARK® WP Ø5,1 Conex. Externa;;9.9;9,90 €;437
4859;IP1120;Calcinable compatible con tipo BRANEMARK SYSTEM® WP;;IMPLANTES;Calcinable antirrotatorio para implante tipo BRANEMARK® WP;;9.9;9,90 €;437
4860;IP1160A;Sugerencia de utilización: Un solo uso.;;IMPLANTES;Transfer CA BRANEMARK® WP Ø 5,1 Conex Ext (incluye tornillo);;24.95;24,95 €;437
4861;IP1003;Análogo compatible con tipo BRANEMARK SYSTEM® MULTI-UNIT®;;IMPLANTES;Análogo tipo BRANEMARK® MULTI-UNIT® Ø4,8 Conex. Externa.;;13.95;13,95 €;438
4862;IP1077;Calcinable compatible con tipo BRANEMARK SYSTEM® MULTI-UNIT®;;IMPLANTES;Calcinable rotatorio para implante tipo BRANEMARK® MULTI-UNIT®;;9.9;9,90 €;438
4863;IP1014;Análogo compatible con tipo ZIMMER® Ø3,5;;IMPLANTES;Análogo tipo ZIMMER® Ø3,5 Conex. Interna USA.;;9.9;9,90 €;439
4864;IP1088;Calcinable compatible con tipo ZIMMER® Ø3,5;;IMPLANTES;Calcinable rotatorio para implante tipo ZIMMER® Ø3,5 Conex.;;9.9;9,90 €;439
4865;IP1131;Calcinable compatible con tipo ZIMMER® Ø3,5;;IMPLANTES;Calcinable antirrotatorio para implante tipo ZIMMER® Ø3,5;;9.9;9,90 €;439
4866;IP1015;Análogo compatible con tipo ZIMMER® Ø4,5;;IMPLANTES;Calcinable rotatorio para implante tipo ZIMMER® Ø4,5 Conex.;;9.9;9,90 €;440
4867;IP1111;Calcinable compatible con tipo ZIMMER® Ø4,5;;IMPLANTES;Calcinable rotatorio para implante tipo ZIMMER® Ø4,5 Conex.;;39.9;39,90 €;440
4868;IP1132;Calcinable compatible con tipo ZIMMER® Ø4,5;;IMPLANTES;Calcinable antirrotatorio para implante tipo ZIMMER® Ø4,5;;9.9;9,90 €;440
4869;IP1161A;Plataforma: Sugerencia de uso: Un solo uso.;;IMPLANTES;Calcinable rotatorio para implante tipo ZIMMER® Ø4,5 Conex.;;24.95;24,95 €;440
4870;IP1011;Análogo compatible con tipo CERTAIN® Ø3,4;;IMPLANTES;Análogo tipo CERTAIN® Ø3,4 Conex. Interna.;;13.95;13,95 €;441
4871;IP1105;Calcinable compatible con tipo OSSEOTITE® Ø3,4;;IMPLANTES;Calcinable rotatorio para implante tipo 3i OSSEOTITE ® Ø3,4;;39.9;39,90 €;441
4872;IP1164A;Produto Dentário;;IMPLANTES;Transfer CA CERTAIN® Ø 3,5 Conex Int (incluye tornillo);;24.95;24,95 €;441
4873;IP1012;Análogo compatible con tipo CERTAIN® Ø4,1;;IMPLANTES;Análogo tipo CERTAIN® Ø4,1 Conex. Interna.;;13.95;13,95 €;442
4874;IP1086;Calcinable compatible con tipo CERTAIN® Ø4,1;;IMPLANTES;Calcinable rotatorio para implante tipo CERTAIN® Ø4,1 Conex.;;12.35;12,35 €;442
4875;IP1017;Análogo compatible con tipo KLOCKNER® y OSTEOPLUS® Ø4,2;;IMPLANTES;Análogo tipo KLOCKNER® y OSTEOPLUS®Ø4,2Hexágono Externo;;9.9;9,90 €;443
4876;IP1039;Produto Dentário;;IMPLANTES;Análogo tipo KLOCKNER® y OSTEOPLUS®Ø4,2Hexágono Externo;;39.9;39,90 €;443
4877;IP1055;Tornillo definitivo compatible con tipo KLOCKNER® y OSTEOPLUS®;;IMPLANTES;Tornillo para implante tipo KLOCKNER® y OSTEOPLUS®Hexágono;;9.9;9,90 €;443
4878;IP1018;Análogo compatible con tipo ASTRA® AQUA® Interno Ø3,5 - 4;;IMPLANTES;Análogo tipo ASTRA® AQUA® Interno Ø3,5 - 4 Conex. Interna.;;13.95;13,95 €;444
4879;IP1170A;Produto Dentário;;IMPLANTES;Transfer CA ASTRA® 20° (incluye tornillo);;24.95;24,95 €;444
4880;IP1104;Produto Dentário;;IMPLANTES;Calcinable rotatorio para implante tipo OCTA/SYNOCTA STRAUMANN®;;49.9;49,90 €;445
4881;IP1171A;Produto Dentário;;IMPLANTES;Transfer CA ASTRA® 45° (incluye tornillo);;24.95;24,95 €;445
4882;IP01001;CERTAIN RP;;IMPLANTES;IP01001;;24.36;24,36 €;447
4883;IP02001;TSH S4 (4,1);;IMPLANTES;IP02001;;24.36;24,36 €;447
4884;IP02003;MULTIUNIT® RP (4,8);;IMPLANTES;IP02003 IP02001;;24.36;24,36 €;447
4885;IP02011;M8 RN (4,8);;IMPLANTES;IP02011 IP02013;;24.36;24,36 €;447
4886;IP02013;SYNOCTA® RN (4,8);;IMPLANTES;IP02013 IP02021;;24.36;24,36 €;447
4887;IP02021;SYNOCTA® RN (4,8);;IMPLANTES;IP02021 IP02021;;24.36;24,36 €;447
4888;IP03003;Produto Dentário;;IMPLANTES;IP03003;;24.36;24,36 €;447
4889;IP03004;Produto Dentário;;IMPLANTES;IP03004;;24.36;24,36 €;447
4890;IP03005;Produto Dentário;;IMPLANTES;IP03005;;;Sob consulta;447
4891;IP03006;Produto Dentário;;IMPLANTES;IP03006;;;Sob consulta;447
4892;IP03008;-;;IMPLANTES;IP03008 IP03004;;24.36;24,36 €;447
4893;IP03009;-;;IMPLANTES;IP03009 IP03006;;;Sob consulta;447
4894;IP03016;Produto Dentário;;IMPLANTES;IP03016;;;Sob consulta;447
4895;IP03017;Produto Dentário;;IMPLANTES;IP03017;;;Sob consulta;447
4896;IP03048;Produto Dentário;;IMPLANTES;IP03048;;;Sob consulta;447
4897;IP03049;Produto Dentário;;IMPLANTES;IP03049;;;Sob consulta;447
4898;IP03050;Produto Dentário;;IMPLANTES;IP03050;;24.36;24,36 €;447
4899;IP03051;Produto Dentário;;IMPLANTES;IP03051;;24.36;24,36 €;447
4900;IP04001;Produto Dentário;;IMPLANTES;30º IP04001;;24.36;24,36 €;447
4901;IP04002;Produto Dentário;;IMPLANTES;30º IP04002 30º IP04001;;24.36;24,36 €;447
4902;IP04004;Produto Dentário;;IMPLANTES;30º IP04004 30º IP04018;;24.36;24,36 €;447
4903;IP04005;Produto Dentário;;IMPLANTES;20º IP04005;;24.36;24,36 €;447
4904;IP04006;Produto Dentário;;IMPLANTES;20º IP04006 20º IP04005;;24.36;24,36 €;447
4905;IP04008;Produto Dentário;;IMPLANTES;20º IP04008 20º IP04019;;;Sob consulta;447
4906;IP04009;Produto Dentário;;IMPLANTES;10º IP04009;;24.36;24,36 €;447
4907;IP04010;Produto Dentário;;IMPLANTES;10º IP04010 10º IP04009;;24.36;24,36 €;447
4908;IP04012;Produto Dentário;;IMPLANTES;10º IP04012 10º IP04020;;;Sob consulta;447
4909;IP04018;Produto Dentário;;IMPLANTES;30º IP04018;;24.36;24,36 €;447
4910;IP04019;Produto Dentário;;IMPLANTES;20º IP04019;;;Sob consulta;447
4911;IP04020;Produto Dentário;;IMPLANTES;10º IP04020;;;Sob consulta;447
4912;IP04021;-;;IMPLANTES;30º IP04021;;24.36;24,36 €;447
4913;IP04022;Produto Dentário;;IMPLANTES;20º IP04022;;;Sob consulta;447
4914;IP04023;Produto Dentário;;IMPLANTES;10º IP04023;;;Sob consulta;447
4915;IP04056;Produto Dentário;;IMPLANTES;30º IP04056;;24.36;24,36 €;447
4916;IP04057;Produto Dentário;;IMPLANTES;20º IP04057;;24.36;24,36 €;447
4917;IP04058;Produto Dentário;;IMPLANTES;10º IP04058;;24.36;24,36 €;447
4918;IP04059;Produto Dentário;;IMPLANTES;30º IP04059;;24.36;24,36 €;447
4919;IP04060;Produto Dentário;;IMPLANTES;20º IP04060;;;Sob consulta;447
4920;IP04061;Produto Dentário;;IMPLANTES;10º IP04061;;;Sob consulta;447
4921;IP07001;Produto Dentário;;IMPLANTES;30º IP07001;;24.36;24,36 €;447
4922;IP07002;Produto Dentário;;IMPLANTES;30º IP07002;;24.36;24,36 €;447
4923;IP07003;-;;IMPLANTES;30º IP07003 30º IP07002;;24.36;24,36 €;447
4924;IP07004;Produto Dentário;;IMPLANTES;20º IP07004;;24.36;24,36 €;447
4925;IP07005;Produto Dentário;;IMPLANTES;20º IP07005;;24.36;24,36 €;447
4926;IP07006;Produto Dentário;;IMPLANTES;20º IP07006 20º IP07005;;24.36;24,36 €;447
4927;IP07007;Produto Dentário;;IMPLANTES;10º IP07007;;24.36;24,36 €;447
4928;IP07008;Produto Dentário;;IMPLANTES;10º IP07008;;24.36;24,36 €;447
4929;IP07009;Produto Dentário;;IMPLANTES;10º IP07009 10º IP07008;;24.36;24,36 €;447
4930;IP07020;Produto Dentário;;IMPLANTES;30º IP07020 30º IP07022;;24.36;24,36 €;447
4931;IP07021;Produto Dentário;;IMPLANTES;30º IP07021 30º IP07023;;24.36;24,36 €;447
4932;IP07022;Produto Dentário;;IMPLANTES;30º IP07022 30º IP07073;;24.36;24,36 €;447
4933;IP07023;Produto Dentário;;IMPLANTES;30º IP07023 30º IP07074;;24.36;24,36 €;447
4934;IP07035;Produto Dentário;;IMPLANTES;20º IP07035 20º IP07037;;24.36;24,36 €;447
4935;IP07036;Produto Dentário;;IMPLANTES;20º IP07036 20º IP07038;;24.36;24,36 €;447
4936;IP07037;Produto Dentário;;IMPLANTES;20º IP07037 20º IP07075;;24.36;24,36 €;447
4937;IP07038;Produto Dentário;;IMPLANTES;20º IP07038 20º IP07076;;24.36;24,36 €;447
4938;IP07050;Produto Dentário;;IMPLANTES;10º IP07050 10º IP07052;;24.36;24,36 €;447
4939;IP07051;Produto Dentário;;IMPLANTES;10º IP07051 10º IP07053;;24.36;24,36 €;447
4940;IP07052;Produto Dentário;;IMPLANTES;10º IP07052 10º IP07077;;24.36;24,36 €;447
4941;IP07053;Produto Dentário;;IMPLANTES;10º IP07053 10º IP07078;;24.36;24,36 €;447
4942;IP07073;Produto Dentário;;IMPLANTES;30º IP07073;;24.36;24,36 €;447
4943;IP07074;Produto Dentário;;IMPLANTES;30º IP07074;;24.36;24,36 €;447
4944;IP07075;Produto Dentário;;IMPLANTES;20º IP07075;;24.36;24,36 €;447
4945;IP07076;Produto Dentário;;IMPLANTES;20º IP07076 20º *IP07040;;24.36;24,36 €;447
4946;IP07077;Produto Dentário;;IMPLANTES;10º IP07077;;24.36;24,36 €;447
4947;IP07078;Produto Dentário;;IMPLANTES;10º IP07078;;24.36;24,36 €;447
4948;IP02025;M12 RP (3.5-4.0);;IMPLANTES;IP02025;;;Sob consulta;448
4949;IP02035;TSH S2 (3,3);;IMPLANTES;IP02035 IP02001;;;Sob consulta;448
4950;IP03068;Produto Dentário;;IMPLANTES;IP03068;;;Sob consulta;448
4951;IP03069;Produto Dentário;;IMPLANTES;IP03069;;;Sob consulta;448
4952;IP03070;Produto Dentário;;IMPLANTES;IP03070;;;Sob consulta;448
4953;IP03071;Produto Dentário;;IMPLANTES;IP03071;;;Sob consulta;448
4954;IP04086;Produto Dentário;;IMPLANTES;30º IP04086;;;Sob consulta;448
4955;IP04087;Produto Dentário;;IMPLANTES;20º IP04087;;;Sob consulta;448
4956;IP04088;Produto Dentário;;IMPLANTES;10º IP04088;;;Sob consulta;448
4957;IP07097;Produto Dentário;;IMPLANTES;30º IP07097 30º IP07130;;;Sob consulta;448
4958;IP07098;Produto Dentário;;IMPLANTES;30º IP07098 30º IP07131;;;Sob consulta;448
4959;IP07099;Produto Dentário;;IMPLANTES;20º IP07099 20º IP07132;;;Sob consulta;448
4960;IP07100;Produto Dentário;;IMPLANTES;20º IP07100 20º IP07133;;;Sob consulta;448
4961;IP07101;Produto Dentário;;IMPLANTES;10º IP07101 10º IP07134;;;Sob consulta;448
4962;IP07102;Produto Dentário;;IMPLANTES;10º IP07102 10º IP07135;;;Sob consulta;448
4963;IP07130;-;;IMPLANTES;30º IP07130 30º IP07001;;;Sob consulta;448
4964;IP07131;Produto Dentário;;IMPLANTES;30º IP07131 30º IP07002;;;Sob consulta;448
4965;IP07132;Produto Dentário;;IMPLANTES;20º IP07132 20º IP07004;;;Sob consulta;448
4966;IP07133;Produto Dentário;;IMPLANTES;20º IP07133 20º IP07005;;;Sob consulta;448
4967;IP07134;Produto Dentário;;IMPLANTES;10º IP07134 10º IP07007;;;Sob consulta;448
4968;IP07135;Produto Dentário;;IMPLANTES;10º IP07135 10º IP07008;;;Sob consulta;448
4969;IP07136;Produto Dentário;;IMPLANTES;30º IP07136 30º IP07001;;;Sob consulta;448
4970;IP07137;Produto Dentário;;IMPLANTES;30º IP07137 30º IP07002;;;Sob consulta;448
4971;IP07138;Produto Dentário;;IMPLANTES;20º IP07138 20º IP07004;;;Sob consulta;448
4972;IP07139;Produto Dentário;;IMPLANTES;20º IP07139 20º IP07005;;;Sob consulta;448
4973;IP07140;Produto Dentário;;IMPLANTES;10º IP07140 10º IP07007;;;Sob consulta;448
4974;IP07141;Produto Dentário;;IMPLANTES;10º IP07141 10º IP07008;;;Sob consulta;448
4975;IP07061;Produto Dentário;;IMPLANTES;30º IP07061 30º IP07073;;;Sob consulta;449
4976;IP07062;Produto Dentário;;IMPLANTES;30º IP07062 30º IP07002;;;Sob consulta;449
4977;IP07063;Produto Dentário;;IMPLANTES;20º IP07063 20º IP07075;;;Sob consulta;449
4978;IP07064;Produto Dentário;;IMPLANTES;20º IP07064 20º IP07005;;;Sob consulta;449
4979;IP07065;Produto Dentário;;IMPLANTES;10º IP07065 10º IP07077;;;Sob consulta;449
4980;IP07066;Produto Dentário;;IMPLANTES;10º IP07066 10º IP07008;;;Sob consulta;449
4981;IP9000;PARA TIPO BRANEMARK ®;;IMPLANTES;PILAR Tipo LOCATOR® Conex.Ext. BRANEMARK® PLAT.Ø 4,1mm;;110.0;110,00 €;452
4982;IP9001;PARA TIPO BRANEMARK ®;;IMPLANTES;PILAR Tipo LOCATOR® Conex.Ext. BRANEMARK® PLAT.Ø 4,1mm;;110.0;110,00 €;452
4983;IP9002;PARA TIPO BRANEMARK ®;;IMPLANTES;PILAR Tipo LOCATOR® Conex.Ext. BRANEMARK® PLAT.Ø 4,1mm;;110.0;110,00 €;452
4984;IP9003;PARA TIPO BRANEMARK ®;;IMPLANTES;PILAR Tipo LOCATOR® Conex.Ext. BRANEMARK® PLAT.Ø 4,1mm;;110.0;110,00 €;452
4985;IP9004;PARA TIPO BRANEMARK ®;;IMPLANTES;PILAR Tipo LOCATOR® Conex.Ext. BRANEMARK® PLAT.Ø 4,1mm;;110.0;110,00 €;452
4986;IP9005;PARA TIPO BRANEMARK ®;;IMPLANTES;PILAR Tipo LOCATOR® Conex.Ext. BRANEMARK® PLAT.Ø 4,1mm;;110.0;110,00 €;452
4987;IP9006;PARA TIPO BRANEMARK ®;;IMPLANTES;PILAR Tipo LOCATOR® Conex.Ext. ANGULADO 15º BRANEMARK®;;140.0;140,00 €;452
4988;IP9007;PARA TIPO BRANEMARK ®;;IMPLANTES;PILAR Tipo LOCATOR® Conex.Ext. ANGULADO 15º BRANEMARK®;;140.0;140,00 €;452
4989;IP9008;PARA TIPO ZIMMER ®;;IMPLANTES;PILAR Tipo LOCATOR® Conex.Int. ZIMMER® SCREW-VENT® 3,5;;110.0;110,00 €;453
4990;IP9009;PARA TIPO ZIMMER ®;;IMPLANTES;PILAR Tipo LOCATOR® Conex.Int. ZIMMER® SCREW-VENT® 3,5;;110.0;110,00 €;453
4991;IP9010;PARA TIPO ZIMMER ®;;IMPLANTES;PILAR Tipo LOCATOR® Conex.Int. ZIMMER® SCREW-VENT® 3,5;;110.0;110,00 €;453
4992;IP9011;PARA TIPO ZIMMER ®;;IMPLANTES;PILAR Tipo LOCATOR® Conex.Int. ZIMMER® SCREW-VENT® 3,5;;110.0;110,00 €;453
4993;IP9012;PARA TIPO ZIMMER ®;;IMPLANTES;PILAR Tipo LOCATOR® Conex.Int. ZIMMER® SCREW-VENT® 3,5;;110.0;110,00 €;453
4994;IP9013;PARA TIPO ZIMMER ®;;IMPLANTES;PILAR Tipo LOCATOR® Conex.Int. ANGULADO 15º ZIMMER®;;140.0;140,00 €;453
4995;IP9014;PARA TIPO ZIMMER ®;;IMPLANTES;PILAR Tipo LOCATOR® Conex.Int. ANGULADO 15º ZIMMER®;;140.0;140,00 €;453
4996;IP9015;PARA TIPO ZIMMER ®;;IMPLANTES;PILAR Tipo LOCATOR® Conex.Int. ZIMMER® SCREW-VENT® 4,5;;110.0;110,00 €;453
4997;IP9016;PARA TIPO ZIMMER ®;;IMPLANTES;PILAR Tipo LOCATOR® Conex.Int. ZIMMER® SCREW-VENT® 4,5;;110.0;110,00 €;453
4998;IP9017;PARA TIPO ZIMMER ®;;IMPLANTES;PILAR Tipo LOCATOR® Conex.Int. ZIMMER® SCREW-VENT® 4,5;;110.0;110,00 €;453
4999;IP9018;PARA TIPO ZIMMER ®;;IMPLANTES;PILAR Tipo LOCATOR® Conex.Int. ZIMMER® SCREW-VENT® 4,5;;110.0;110,00 €;453
5000;IP9019;PARA TIPO ZIMMER ®;;IMPLANTES;PILAR Tipo LOCATOR® Conex.Int. ZIMMER® SCREW-VENT® 4,5;;110.0;110,00 €;453
5001;IP9020;PARA TIPO;;IMPLANTES;PILAR;;140.0;140,00 €;454
5002;IP9021;PARA TIPO;;IMPLANTES;PILAR;;140.0;140,00 €;454
5003;IP9022;PARA STRAUMANN ® TISSUE LEVEL;;IMPLANTES;PILAR Tipo LOCATOR® Conex. Octogonal STRAUMANN® ALTURA;;110.0;110,00 €;454
5004;IP9023;PARA STRAUMANN ® TISSUE LEVEL;;IMPLANTES;PILAR Tipo LOCATOR® Conex. Octogonal STRAUMANN® ALTURA;;110.0;110,00 €;454
5005;IP9024;PARA STRAUMANN ® TISSUE LEVEL;;IMPLANTES;PILAR Tipo LOCATOR® Conex. Octogonal STRAUMANN® ALTURA;;110.0;110,00 €;454
5006;IP9025;PARA STRAUMANN;;IMPLANTES;PILAR Tipo LOCATOR® Conex. Octogonal STRAUMANN® ALTURA;;110.0;110,00 €;454
5007;IP9026;PARA STRAUMANN;;IMPLANTES;PILAR Tipo LOCATOR® Conex. Octogonal STRAUMANN® ALTURA;;110.0;110,00 €;454
5008;IP9027;PARA STRAUMANN;;IMPLANTES;PILAR;;140.0;140,00 €;454
5009;IP9028;PARA STRAUMANN;;IMPLANTES;PILAR;;140.0;140,00 €;454
5010;IP9063;PARA KLOCKNER ® ALTURA HEXÁGONO 1.8mm;;IMPLANTES;PILAR Tipo LOCATOR® CONEX. EXT. KLOCKNER® PLAT.Ø 4,2;;110.0;110,00 €;455
5011;IP9064;PARA KLOCKNER ® ALTURA HEXÁGONO 1.8mm;;IMPLANTES;PILAR Tipo LOCATOR® CONEX. EXT. KLOCKNER® PLAT.Ø 4,2;;110.0;110,00 €;455
5012;IP9065;PARA KLOCKNER ® ALTURA HEXÁGONO 1.8mm;;IMPLANTES;PILAR Tipo LOCATOR® CONEX. EXT. KLOCKNER® PLAT.Ø 4,2;;110.0;110,00 €;455
5013;IP9066;PARA ASTRA TECH ® TIPO AQUA ®;;IMPLANTES;PILAR Tipo LOCATOR® CONEX. EXT. KLOCKNER® PLAT.Ø 4,2;;110.0;110,00 €;455
5014;IP9067;PARA ASTRA TECH ® TIPO AQUA ®;;IMPLANTES;PILAR Tipo LOCATOR® CONEX. INT. ASTRA® AQUA® PLAT.Ø;;110.0;110,00 €;455
5015;IP9068;PARA ASTRA TECH ® TIPO AQUA ®;;IMPLANTES;PILAR Tipo LOCATOR® CONEX. INT. ASTRA® AQUA® PLAT.Ø;;110.0;110,00 €;455
5016;IP9069;PARA ASTRA TECH ® TIPO AQUA ®;;IMPLANTES;PILAR Tipo LOCATOR® CONEX. INT. ASTRA® AQUA® PLAT.Ø;;110.0;110,00 €;455
5017;IP9070;PARA ASTRA TECH ® TIPO LILAC ®;;IMPLANTES;PILAR Tipo LOCATOR® CONEX. INT. ASTRA® AQUA® PLAT.Ø;;110.0;110,00 €;455
5018;IP9071;PARA ASTRA TECH ® TIPO LILAC ®;;IMPLANTES;PILAR Tipo LOCATOR® CONEX. INT. ASTRA® AQUA® PLAT.Ø;;110.0;110,00 €;455
5019;IP9072;PARA ASTRA TECH ® TIPO LILAC ®;;IMPLANTES;PILAR Tipo LOCATOR® CONEX. INT. ASTRA® LILAC ® PLAT.Ø;;110.0;110,00 €;455
5020;IP9073;PARA ASTRA TECH ® TIPO LILAC ®;;IMPLANTES;PILAR Tipo LOCATOR® CONEX. INT. ASTRA® LILAC ® PLAT.Ø;;110.0;110,00 €;455
5021;IP9074;PARA ASTRA TECH ® TIPO LILAC ®;;IMPLANTES;PILAR Tipo LOCATOR® CONEX. INT. ASTRA® LILAC ® PLAT.Ø;;110.0;110,00 €;455
5022;IP9075;PARA ASTRA TECH ® TIPO LILAC ®;;IMPLANTES;PILAR Tipo LOCATOR® CONEX. INT. ASTRA® LILAC ® PLAT.Ø;;110.0;110,00 €;455
5023;IP9076;PARA ASTRA TECH ® TIPO LILAC ®;;IMPLANTES;PILAR Tipo LOCATOR® CONEX. INT. ASTRA® LILAC ® PLAT.Ø;;110.0;110,00 €;455
5024;IP9029;Produto Dentário;;IMPLANTES;SET DE PRÓTESIS 2 uds. PEEK;;65.3;65,30 €;456
5025;IP9030;Produto Dentário;;IMPLANTES;BOTONES DE RETENCIÓN AZULES 4 uds. para PEEK;;29.4;29,40 €;456
5026;IP9031;Produto Dentário;;IMPLANTES;BOTONES DE RETENCIÓN NEGROS 4 uds. para PEEK;;29.4;29,40 €;456
5027;IP9032;Produto Dentário;;IMPLANTES;BOTONES DE RETENCIÓN BLANCOS 4 uds. para PEEK;;29.4;29,40 €;456
5028;IP9033;Produto Dentário;;IMPLANTES;BOTONES DE RETENCIÓN ROJOS 4 uds. para PEEK;;29.4;29,40 €;456
5029;IP9034;Produto Dentário;;IMPLANTES;ANÁLOGO;;15.0;15,00 €;456
5030;IP9035;Produto Dentário;;IMPLANTES;IMPRESIÓN/POSICIONADOR;;15.0;15,00 €;456
5031;IP9036;Produto Dentário;;IMPLANTES;LLAVE;;50.0;50,00 €;456
5032;IP9037;Produto Dentário;;IMPLANTES;LLAVE;;65.0;65,00 €;456
5033;IP9038;Produto Dentário;;IMPLANTES;CÁPSULA METÁLICA 4 uds. para PEEK;;54.0;54,00 €;456
5034;IP9039;Produto Dentário;;IMPLANTES;ESPACIADOR DE SILICONA 4 uds.;;23.7;23,70 €;456
5035;I9012;Produto Dentário;;IMPLANTES;Locator Abutm. Impl.Hex. Ext. Alt. 4.0 mm P.;;145.0;145,00 €;463
5036;I9017;Produto Dentário;;IMPLANTES;Locator Abutm. Impl.Hex. Ext. Alt. 0,73 mm;;0.73;0,73 €;463
5037;I9018;Produto Dentário;;IMPLANTES;Locator Abutm. Impl.Hex. Ext Alt 2.0 mm P.;;145.0;145,00 €;463
5038;I9019;Produto Dentário;;IMPLANTES;Locator Abutm. Impl.Hex. Ext. Alt 3.0 mm P.;;145.0;145,00 €;463
5039;I9020;Produto Dentário;;IMPLANTES;Locator Abutm. Impl.Hex. Ext. Alt. 5.0 mm P.;;145.0;145,00 €;463
5040;I9021;Produto Dentário;;IMPLANTES;Locator Abutm. Impl.Hex. Ext. Alt. 6.0 mm;;145.0;145,00 €;463
5041;I9022;Produto Dentário;;IMPLANTES;Locator Abutm. Core-Vent 3,5 mm. Alt. 0 mm;;145.0;145,00 €;463
5042;I9023;Produto Dentário;;IMPLANTES;Locator Abutm. Core-Vent 3,5 mm. Alt. 1 mm;;145.0;145,00 €;463
5043;I9024;Produto Dentário;;IMPLANTES;Locator Abutm. Core-Vent 3,5 mm. Alt. 2,5;;145.0;145,00 €;463
5044;I9025;Produto Dentário;;IMPLANTES;Locator Abutm. Core-Vent 3,5 mm. Alt. 3,5;;145.0;145,00 €;463
5045;I9026;Produto Dentário;;IMPLANTES;Locator Abutm. Core-Vent 3,5 mm. Alt. 4,5;;145.0;145,00 €;463
5046;I9027;Produto Dentário;;IMPLANTES;Locator Abutm. Core-Vent 3,5 mm. Alt. 5,5;;145.0;145,00 €;463
5047;I9028;Produto Dentário;;IMPLANTES;Locator Abutm. Core-Vent 3,5 mm. Alt. 6,5;;145.0;145,00 €;463
5048;I9029;Produto Dentário;;IMPLANTES;Locator Implant: Pack Procesado 2 uds.;;76.67;76,67 €;463
5049;I9030;Produto Dentário;;IMPLANTES;Locator Implant: Pack Procesado Divergentes;;76.67;76,67 €;463
5050;I9031;Produto Dentário;;IMPLANTES;Locator Herramienta Core - Tool;;103.33;103,33 €;463
5051;I9032;Produto Dentário;;IMPLANTES;Locator. Transfer de impresión. Pack de 4 uds.;;76.67;76,67 €;463
5052;I9033;Produto Dentário;;IMPLANTES;;;76.67;76,67 €;463
5053;I9034;Produto Dentário;;IMPLANTES;;;43.33;43,33 €;463
5054;I9035;Produto Dentário;;IMPLANTES;;;43.33;43,33 €;463
5055;I9036;Produto Dentário;;IMPLANTES;;;43.33;43,33 €;463
5056;I9037;Produto Dentário;;IMPLANTES;;;43.33;43,33 €;463
5057;I9038;Produto Dentário;;IMPLANTES;Locator Boton de Nylon Rojo 1 lbs Angulados Ret. Ligera. Pack;;43.33;43,33 €;463
5058;I9039;Produto Dentário;;IMPLANTES;Locator Boton de Nylon Naranja 2 lbs Angulados Ret. Med. Pack;;76.67;76,67 €;463
5059;I9040;Produto Dentário;;IMPLANTES;Locator Boton de Nylon Verde 4 lbs Angulados. Pack de 4 uds.;;43.33;43,33 €;463
5060;I9042;Produto Dentário;;IMPLANTES;Locator Cápsula met. de procesado con Nylon negro. (4 Packs).;;103.33;103,33 €;463
5061;IP1600;PROCLINIC;;IMPLANTES;Kit;;422.65;422,65 €;464
5062;IP1601;1 ud. Finalidad:;;IMPLANTES;Fresa;;84.5;84,50 €;464
5063;IP1603;1 ud. Finalidad:;;IMPLANTES;Guía;;31.6;31,60 €;464
5064;IP1604;1 ud. Finalidad:;;IMPLANTES;Guía;;31.6;31,60 €;464
5065;IP1605;1 ud. Finalidad:;;IMPLANTES;Guía;;31.6;31,60 €;464
5066;IP1606;Finalidad: Material:;;IMPLANTES;Guía;;31.6;31,60 €;464
5067;IP1607;Finalidad: Material:;;IMPLANTES;Guía;;31.6;31,60 €;464
5068;IP1608;Finalidad: Material:;;IMPLANTES;Guía;;31.6;31,60 €;464
5069;IP1609;Finalidad: Material:;;IMPLANTES;Mango;;42.2;42,20 €;464
5070;IP1612;no ha sido posible Material: Tungsteno;;IMPLANTES;Fresa de bola Ø1,4 mm para M 1,8 mm;;26.35;26,35 €;465
5071;IP1613;Finalidad: Fresar el tornillo no ha sido posible;;IMPLANTES;Fresa de bola Ø1,6 mm para M2,0 mm;;26.35;26,35 €;465
5072;IP1614;hallarse en la Material: Acero inoxidable;;IMPLANTES;Conformador de rosca para métrica M1,8 mm;;105.9;105,90 €;465
5073;IP1615;Finalidad: Sanear las impur hallarse en la;;IMPLANTES;Conformador de rosca para métrica M2,0 mm;;105.9;105,90 €;465
5074;IP1616;hallarse en la Material: Acero inoxidable;;IMPLANTES;Conformador de rosca para métrica M1,6 mm;;105.9;105,90 €;465
5075;IP1770;1 unidad;;IMPLANTES;Kit extractor implantes;;436.43;436,43 €;468
5076;IP1771;1 unidad;;IMPLANTES;Extractor tornillo coronado Nº1 carraca cuadrada;;77.0;77,00 €;468
5077;IP1772;1 unidad;;IMPLANTES;Extractor tornillo coronado Nº2 carraca cuadrada;;77.0;77,00 €;468
5078;IP1773;Extractor implantes Nº4 rosca M1.8/2.0 carraca cuadrada;;IMPLANTES;Extractor implantes Nº3 rosca M1.6 carraca cuadrada;;77.0;77,00 €;468
5079;IP1774;Extractor implantes Nº4 rosca M1.8/2.0 carraca cuadrada;;IMPLANTES;;;77.0;77,00 €;468
5080;IP1775;Extractor implantes Nº4 rosca M1.8/2.0 carraca cuadrada;;IMPLANTES;Prolongador llave cuadrada 4 x 4 mm;;40.0;40,00 €;468
5081;IP1776;Extractor implantes Nº4 rosca M1.8/2.0 carraca cuadrada;;IMPLANTES;Rotor de accionamiento manual 4 x 4 mm;;40.0;40,00 €;468
5082;IP1611;(NO INCLUIDO). Material: Acero inoxidable 630;;IMPLANTES;Carraca fija;;209.95;209,95 €;470
5083;IP2252;Produto Dentário;;IMPLANTES;Mango manual largo conexión;;131.3;131,30 €;470
5084;IP2253;Produto Dentário;;IMPLANTES;Mango manual CORTO conexión;;50.2;50,20 €;470
5085;IP1391A;Produto Dentário;;IMPLANTES;Rotor carraca cuadrada 4mm Material:;;36.53;36,53 €;471
5086;IP1610;Finalidad: Conexionar instrumental mecánico;;IMPLANTES;Rotor a carraca fija con con. a C/A Material:;;68.55;68,55 €;471
5087;IP2254;Produto Dentário;;IMPLANTES;Conversor de C/A a carraca ángulo;;65.4;65,40 €;471
5088;IP2255;Finalidad: Material:;;IMPLANTES;Prolongador de fresas universal;;79.25;79,25 €;472
5089;IP5271A;Material: Longitud:;;IMPLANTES;FRESA TREFINA Para implante DE Ø INT. 3,4 Ø EXT. 4,45;;4.45;4,45 €;472
5090;IP5272A;Sugerencia;;IMPLANTES;FRESA TREFINA Para implante DE Ø INT. 3,6 Ø EXT. 4,65;;4.65;4,65 €;472
5091;IP5273A;Produto Dentário;;IMPLANTES;FRESA TREFINA Para implante DE Ø INT. 3,85 Ø EXT. 4,90;;3.85;3,85 €;472
5092;IP5274A;Produto Dentário;;IMPLANTES;FRESA TREFINA Para implante DE Ø INT. 4,1 Ø EXT. 5,15;;5.15;5,15 €;472
5093;IP5275A;Produto Dentário;;IMPLANTES;FRESA TREFINA Para implante DE Ø INT. 4,35 Ø EXT. 5,40;;4.35;4,35 €;472
5094;IP5276A;Produto Dentário;;IMPLANTES;FRESA TREFINA Para implante DE Ø INT. 5,1 Ø EXT. 6,15;;6.15;6,15 €;472
5095;IP5277A;Finalidad:;;IMPLANTES;BISTURÍ CIRCULAR Ø 3,3 de conexión C/A;;83.35;83,35 €;472
5096;IP5278A;Después;;IMPLANTES;FRESA TREFINA Para implante DE Ø INT. 8,0 Ø EXT. 9,05;;9.05;9,05 €;472
5097;IP5279A;Produto Dentário;;IMPLANTES;;;3.75;3,75 €;472
5098;IP5282A;Produto Dentário;;IMPLANTES;BISTURÍ CIRCULAR Ø 4,25 de conexión C/A;;4.25;4,25 €;472
5099;IP5283A;Produto Dentário;;IMPLANTES;BISTURÍ CIRCULAR Ø 5,0 de conexión C/A;;83.35;83,35 €;472
5100;IP5285A;Produto Dentário;;IMPLANTES;BISTURÍ CIRCULAR Ø 4,5 de conexión C/A;;83.35;83,35 €;472
5101;IP5286A;Produto Dentário;;IMPLANTES;BISTURÍ CIRCULAR Ø 3,5 de conexión C/A;;83.35;83,35 €;472
5102;IP5287A;Después de;;IMPLANTES;BISTURÍ CIRCULAR Ø 4,8 de conexión C/A;;83.35;83,35 €;472
5103;I6081;KIT DE MANGO CORTO;Gera;IMPLANTES;Kit de Mango Corto;;300.72;300,72 €;473
5104;I6082;KIT DE MANGO LARGO;Gera;IMPLANTES;Kit de Mango Largo;;279.74;279,74 €;473
5105;I6083;KIT CARRACA TIPO BRANEMARK®;Gera;IMPLANTES;"Kit estándar ""carraca"" + i6056 + i6058 +";;428.92;428,92 €;473
5106;I6084;KIT CARRACA UNIVERSAL;Gera;IMPLANTES;"Kit estándar ""carraca"" + I6086 + i6056";;428.92;428,92 €;473
5107;I6084M;KIT CARRACA UNIVERSAL;Gera;IMPLANTES;Kit estándar (Montaje según necesidad);;482.67;482,67 €;473
5108;I6055;ATORNILLADORES;Gera;IMPLANTES;Mango largo conexión mecánica;;63.05;63,05 €;474
5109;I6056;ATORNILLADORES;Gera;IMPLANTES;Mango corto conexión mecánica;;63.05;63,05 €;474
5110;I6086;CARRACA;Gera;IMPLANTES;;;298.0;298,00 €;474
5111;I6057;PUNTAS PARA PRÓTESIS DE IMPLANTES;Gera;IMPLANTES;Ø 1,20 Corta;;1.2;1,20 €;475
5112;I6058;PUNTAS PARA PRÓTESIS DE IMPLANTES;Gera;IMPLANTES;Ø 1,20 Mediana;;1.2;1,20 €;475
5113;I6059;PUNTAS PARA PRÓTESIS DE IMPLANTES;Gera;IMPLANTES;Ø 1,20 Larga;;1.2;1,20 €;475
5114;I6060;PUNTAS PARA PRÓTESIS DE IMPLANTES;Gera;IMPLANTES;Ø 1,25 Corta;;1.25;1,25 €;475
5115;I6061;PUNTAS PARA PRÓTESIS DE IMPLANTES;Gera;IMPLANTES;Ø 1,25 Mediana;;1.25;1,25 €;475
5116;I6062;PUNTAS PARA PRÓTESIS DE IMPLANTES;Gera;IMPLANTES;Ø 1,25 Larga;;1.25;1,25 €;475
5117;I6063;PUNTAS PARA PRÓTESIS DE IMPLANTES;Gera;IMPLANTES;Ø 1,27 Corta;;1.27;1,27 €;475
5118;I6064;PUNTAS PARA PRÓTESIS DE IMPLANTES;Gera;IMPLANTES;Ø 1,27 Mediana;;1.27;1,27 €;475
5119;I6065;PUNTAS PARA PRÓTESIS DE IMPLANTES;Gera;IMPLANTES;Ø 1,27 Larga;;1.27;1,27 €;475
5120;I6066;PUNTAS PARA PRÓTESIS DE IMPLANTES;Gera;IMPLANTES;Ø 1,70 Corta;;1.7;1,70 €;475
5121;I6067;PUNTAS PARA PRÓTESIS DE IMPLANTES;Gera;IMPLANTES;Ø 1,70 Mediana;;1.7;1,70 €;475
5122;I6068;PUNTAS PARA PRÓTESIS DE IMPLANTES;Gera;IMPLANTES;Ø 1,70 Larga;;1.7;1,70 €;475
5123;I6069;PUNTA DESTORNILLADOR PLANO;;IMPLANTES;Ø 0,50 Corta;;0.5;0,50 €;475
5124;I6070;PUNTAS PARA PRÓTESIS DE IMPLANTES;Gera;IMPLANTES;Ø 0,50 Mediana;;0.5;0,50 €;475
5125;I6071;PUNTAS PARA PRÓTESIS DE IMPLANTES;Gera;IMPLANTES;Ø 0,50 Larga;;0.5;0,50 €;475
5126;I6072;PUNTAS PARA PRÓTESIS DE IMPLANTES;Gera;IMPLANTES;Corta;;36.64;36,64 €;475
5127;I6073;PUNTAS PARA PRÓTESIS DE IMPLANTES;Gera;IMPLANTES;Mediana;;36.64;36,64 €;475
5128;I6074;PUNTAS PARA PRÓTESIS DE IMPLANTES;Gera;IMPLANTES;Larga;;36.64;36,64 €;475
5129;I6075;PUNTAS PARA PRÓTESIS DE IMPLANTES;Gera;IMPLANTES;Corta;;36.64;36,64 €;475
5130;I6076;PUNTAS PARA PRÓTESIS DE IMPLANTES;Gera;IMPLANTES;Mediana;;36.64;36,64 €;475
5131;I6077;PUNTAS PARA PRÓTESIS DE IMPLANTES;Gera;IMPLANTES;;;36.64;36,64 €;475
5132;I6078;PUNTAS PARA PRÓTESIS DE IMPLANTES;Gera;IMPLANTES;Corta;;36.64;36,64 €;475
5133;I6079;PUNTAS PARA PRÓTESIS DE IMPLANTES;Gera;IMPLANTES;Mediana;;36.64;36,64 €;475
5134;I6080;PUNTAS PARA PRÓTESIS DE IMPLANTES;Gera;IMPLANTES;Larga;;36.64;36,64 €;475
5135;I6087;PUNTAS PARA PRÓTESIS DE IMPLANTES;Gera;IMPLANTES;Ø 0,90 Corta;;0.9;0,90 €;475
5136;I6088;PUNTAS PARA PRÓTESIS DE IMPLANTES;Gera;IMPLANTES;Ø 0,90 Mediana;;0.9;0,90 €;475
5137;I6120;PUNTAS PARA PRÓTESIS DE IMPLANTES;Gera;IMPLANTES;Corta 1,25;;1.25;1,25 €;475
5138;I6121;PUNTAS PARA PRÓTESIS DE IMPLANTES;Gera;IMPLANTES;Mediana 1,25;;1.25;1,25 €;475
5139;I6122;PUNTAS PARA PRÓTESIS DE IMPLANTES;Gera;IMPLANTES;Larga 1,25;;1.25;1,25 €;475
5140;I6123;PUNTAS PARA PRÓTESIS DE IMPLANTES;Gera;IMPLANTES;Corta 1,30;;1.3;1,30 €;475
5141;I6124;PUNTAS PARA PRÓTESIS DE IMPLANTES;Gera;IMPLANTES;Mediana 1,30;;1.3;1,30 €;475
5142;I6125;PUNTAS PARA PRÓTESIS DE IMPLANTES;Gera;IMPLANTES;Larga 1,30;;1.3;1,30 €;475
5143;I6126;PUNTAS PARA PRÓTESIS DE IMPLANTES;Gera;IMPLANTES;Punta hembra corta para Multiunit;;36.64;36,64 €;475
5144;I6127;PUNTAS PARA PRÓTESIS DE IMPLANTES;Gera;IMPLANTES;Ø 0,87 Corta;;0.87;0,87 €;475
5145;I6128;PUNTAS PARA PRÓTESIS DE IMPLANTES;Gera;IMPLANTES;Ø 0,87 Mediana;;0.87;0,87 €;475
5146;I001PC;Produto Dentário;;IMPLANTES;;;425.0;425,00 €;477
5147;I152040;GAP SEAL;Hager & Werken;IMPLANTES;GAPSEAL recargas (x10);;71.84;71,84 €;477
5148;I152041;GAP SEAL;Hager & Werken;IMPLANTES;GAPSEAL set (aplicador +10 recargas);;94.56;94,56 €;477
5149;I152042;GAP SEAL;Hager & Werken;IMPLANTES;GAPSEAL aplicador;;21.64;21,64 €;477
5150;I1704;KIERO SEAL (SELLADOR INTRAORAL EN GEL);Kuss Dental;IMPLANTES;KIERO SEAL (Sellador intraoral en gel);;92.18;92,18 €;477
5151;I1704P;KIERO SEAL (SELLADOR INTRAORAL EN GEL);Kuss Dental;IMPLANTES;Reposición 15 canulas mezcladoras;;21.64;21,64 €;477
5152;01593;ALGINATO ORTO EXTRA FAST SET;Proclinic;IMPRESIÓN;;Bolsa de 453 g.;16.69;16,69 €;480
5153;0178;ALGINATO CROMATICO FAST SET;Proclinic;IMPRESIÓN;;Bolsa de 453 g.;16.27;16,27 €;480
5154;0111;ESPÁTULA PARA ALGINATO;Proclinic;IMPRESIÓN;;Ø12,5 cm. Altura 9 cm. Color verde;16.43;16,43 €;481
5155;01592;Produto Dentário;;IMPRESIÓN;;;17.23;17,23 €;481
5156;0162;TAZA PARA ALGINATO;Proclinic;IMPRESIÓN;;;16.43;16,43 €;481
5157;59747;FREE CUBETAS LISAS/PERFORADAS;Proclinic;IMPRESIÓN;/ 59750;10 unidades. y con reborde retentivo. Contiene 5 cubetas superiores y 5 cubetas inferiores. Tamaños: U1, U2, Tamaños: U1, U2, U3, U4, U5 y L1, L2, L3, L4, L5. U3, U4, U5 y L1, L2, L3, L4, L5.;16.43;16,43 €;481
5158;25662;ALGINATO FAST;Bestdent;IMPRESIÓN;;Bolsa 453 gr.;9.71;9,71 €;482
5159;25663;ALGINATO FAST ORTODONCIA;Bestdent;IMPRESIÓN;;Bolsa 453 gr.;9.71;9,71 €;482
5160;25666;ALGINATO CROMÁTICO;Bestdent;IMPRESIÓN;Alginato Cromátio Bestdent.;Bolsa 453 gr.;9.2;9,20 €;482
5161;6950;ALGINATO ORTHOPRINT;Zhermack;IMPRESIÓN;Alginato Orthoprint;Bolsa de 500 gr.;16.42;16,42 €;482
5162;69500;ALGINATO ORTHOPRINT;Zhermack;IMPRESIÓN;Medidores Orthoprint;Bolsa de 500 gr.;2.89;2,89 €;482
5163;49849;HYDROGUM 5;Zhermack;IMPRESIÓN;Hydrogum 5 Pack;Bolsa de 453 gr. de 453 gr. + contenedor;47.12;47,12 €;483
5164;49851;HYDROGUM 5;Zhermack;IMPRESIÓN;Hydrogum 5;Bolsa de 453 gr. de 453 gr. + contenedor;18.85;18,85 €;483
5165;59463;TROPICALGIN;Zhermack;IMPRESIÓN;;Bolsa de 453 gr.;16.42;16,42 €;483
5166;68500;HYDROGUM;Zhermack;IMPRESIÓN;;Bolsa 500 gr.;16.42;16,42 €;483
5167;98931;NEOCOLLOID;Zhermack;IMPRESIÓN;;Bolsa de 500 gr.;20.71;20,71 €;483
5168;2050;CAVEX CA37;Cavex;IMPRESIÓN;Fraguado normal.;Bolsa de 500 gr.;17.05;17,05 €;484
5169;20503;CAVEX CREAM;Cavex;IMPRESIÓN;Fraguado normal;1 Bolsa de 500 gr.;16.63;16,63 €;484
5170;2085;CAVEX CA37;Cavex;IMPRESIÓN;Fraguado rápido.;Bolsa de 500 gr.;17.05;17,05 €;484
5171;73739;NORMOPRINT;Normon;IMPRESIÓN;Cromatico;1 Bolsa de 453 gr.;17.39;17,39 €;484
5172;73740;NORMOPRINT;Normon;IMPRESIÓN;Superfast;1 Bolsa de 453 gr.;17.39;17,39 €;484
5173;90044;CAVEX CREAM;Cavex;IMPRESIÓN;Fraguado rápido;1 Bolsa de 500 gr.;16.63;16,63 €;484
5174;9641;CAVEX IMPRESSIONAL;Cavex;IMPRESIÓN;;Bolsa de 500 gr.;18.69;18,69 €;484
5175;9642;CAVEX ORTHOTRACE;Cavex;IMPRESIÓN;;Bolsa de 500 gr.;18.69;18,69 €;484
5176;2407;ALGINOPLAST;Kulzer;IMPRESIÓN;Fraguado rápido.;Bolsa de 500 gr.;21.0;21,00 €;485
5177;2408;XANTALGIN CRONO;Kulzer;IMPRESIÓN;;Bolsa de 453 gr.;22.68;22,68 €;485
5178;2432;XANTALGIN SELECT PACK;Kulzer;IMPRESIÓN;;2 bolsas de 500 gr. para almacenamiento + medidores.;60.48;60,48 €;485
5179;2438;XANTALGIN SELECT PACK;Kulzer;IMPRESIÓN;;Bolsa de 500 gr.;21.9;21,90 €;485
5180;2742;BLUEPRINT X-CREME PACK;Dentsply;IMPRESIÓN;;2 bolsas de 500 gr. + 1 contenedor;40.79;40,79 €;485
5181;4621;AROMA FINE PLUS;G.C.;IMPRESIÓN;Regular. Rosa.;Bolsa de 1000 gr. que permite obtener superficies;40.79;40,79 €;485
5182;46212;AROMA FINE PLUS;G.C.;IMPRESIÓN;;Bolsa de 1000 gr. que permite obtener superficies;40.79;40,79 €;485
5183;58021;LITOCHROM CROMÁTICO;Lascod;IMPRESIÓN;;Bolsa de 450 gr.;25.52;25,52 €;485
5184;97123;ALGINOPLAST;Kulzer;IMPRESIÓN;Fraguado normal.;Bolsa de 500 gr.;21.0;21,00 €;485
5185;1957;PRALG’X;Acteon;IMPRESIÓN;;Bolsa de 500 gr.;17.25;17,25 €;486
5186;1958;CHROMALG’X;Acteon;IMPRESIÓN;;Bolsa de 500 gr.;17.29;17,29 €;486
5187;1959;ORTHOFAST;Acteon;IMPRESIÓN;;Bolsa de 500 gr.;17.29;17,29 €;486
5188;6937;ALGINKID;Major;IMPRESIÓN;;Bolsa de 450 gr.;15.19;15,19 €;486
5189;69372;ALGINMAX CROMÁTICO;Major;IMPRESIÓN;;Bolsa de 453 gr. rápido. Sabor Tuttifrutti.;15.19;15,19 €;486
5190;69373;ALGINMAJOR RÁPIDO;Major;IMPRESIÓN;;Bolsa de 453 gr.;15.19;15,19 €;486
5191;25657;CON TAZA PARA ALGINATO;Bestdent;IMPRESIÓN;Taza para alginato. Roja;;8.27;8,27 €;487
5192;25658;TAZA PARA ALGINATO;Proclinic;IMPRESIÓN;;Diámetro superior: 11 cm. Diámetro de la base de apoyo: 5,3 cm. Altura: 6 cm. Capacidad total de 280 ml. Color azul.;9.95;9,95 €;487
5193;H00141;ALGINATO KROMOPAN;Kromopan;IMPRESIÓN;;Bolsa 450 gr.;17.75;17,75 €;487
5194;2095;TAZA BLANCA;Mestra;IMPRESIÓN;Nº 3. Ø 14 cm.;Para alginato y yeso.;8.67;8,67 €;488
5195;2096;TAZA BLANCA;Mestra;IMPRESIÓN;Nº 2. Ø 12 cm.;Para alginato y yeso.;7.38;7,38 €;488
5196;4208;TAZA BLANCA;Mestra;IMPRESIÓN;;Para alginato. Ø 10;16.03;16,03 €;488
5197;H11039;TAZA BLANCA;Mestra;IMPRESIÓN;Nº 1. Ø 10 cm.;Para alginato y yeso.;5.49;5,49 €;488
5198;H11045;TAZA BLANCA;Mestra;IMPRESIÓN;Nº 4. Ø 16 cm.;Para alginato y yeso.;12.2;12,20 €;488
5199;2080;ESPÁTULA DE YESO MANGO MADERA;Mestra;IMPRESIÓN;;;22.22;22,22 €;489
5200;4203;ESPÁTULA PARA YESO;Mestra;IMPRESIÓN;;Hoja curvada, mango;22.22;22,22 €;489
5201;4204;ESPÁTULA DE YESO MANGO MADERA;Mestra;IMPRESIÓN;;;12.57;12,57 €;489
5202;4205;CUCHILLO DE YESO;Mestra;IMPRESIÓN;;19,5 c m.;14.05;14,05 €;489
5203;9643;ACCESORIOS DE ALGINATO;Cavex;IMPRESIÓN;Contenedor de alginato.;;32.8;32,80 €;489
5204;9644;ACCESORIOS DE ALGINATO;Cavex;IMPRESIÓN;Medidor de agua para alginato.;19,5 c m.;12.4;12,40 €;489
5205;H10000;TENAZAS PARA ESCAYOLAS;Asa Dental;IMPRESIÓN;;19,5 c m.;14.05;14,05 €;489
5206;0113;SILICONAS DE ADICIÓN PROCLINIC;Proclinic Expert;IMPRESIÓN;Puntas de mezcla amarillas para mezcla 1:1. 48 uds.;4 cartuchos x 50 ml;37.6;37,60 €;492
5207;0124;SILICONAS DE ADICIÓN PROCLINIC;Proclinic Expert;IMPRESIÓN;Puntas intraorales amarillas. 100 uds.;4 cartuchos x 50 ml;27.68;27,68 €;492
5208;0156;SILICONAS DE ADICIÓN PROCLINIC;Proclinic Expert;IMPRESIÓN;Pistola dispensadora de silicona.;4 cartuchos x 50 ml;91.25;91,25 €;492
5209;15150;SILICONAS DE ADICIÓN PROCLINIC;Proclinic Expert;IMPRESIÓN;Silicona Putty Soft Regular Set Proclinic Expert;Las siliconas de adición masilla Proclinic Expert cuentan con una fórmula renovada. 250 ml base + 250 ml catalizador;82.68;82,68 €;492
5210;15151;SILICONAS DE ADICIÓN PROCLINIC;Proclinic Expert;IMPRESIÓN;Silicona Putty Soft Fast Set Proclinic Expert;Las siliconas de adición masilla Proclinic Expert cuentan con una fórmula renovada. 250 ml base + 250 ml catalizador;82.68;82,68 €;492
5211;15152;SILICONAS DE ADICIÓN PROCLINIC;Proclinic Expert;IMPRESIÓN;Silicona Regular Body Regular Proclinic Expert;2 cartuchos x 50 ml + 12 puntas.;51.45;51,45 €;492
5212;15153;SILICONAS DE ADICIÓN PROCLINIC;Proclinic Expert;IMPRESIÓN;Silicona Light Body Regular Set Proclinic Expert;2 cartuchos x 50 ml + 12 puntas + 12 tips intraorales S;51.45;51,45 €;492
5213;15154;SILICONAS DE ADICIÓN PROCLINIC;Proclinic Expert;IMPRESIÓN;Silicona Light Body Fast Set Proclinic Expert;2 cartuchos x 50 ml + 12 puntas + 12 tips intraorales S;51.45;51,45 €;492
5214;15155;SILICONAS DE ADICIÓN PROCLINIC;Proclinic Expert;IMPRESIÓN;Silicona Light Body Fast Set Proclinic Expert;4 cartuchos x 50 ml;90.38;90,38 €;492
5215;15156;SILICONAS DE ADICIÓN PROCLINIC;Proclinic Expert;IMPRESIÓN;Silicona Ultra Light Body Fast Set Proclinic Expert;2 cartuchos x 50 ml + 12 puntas + 12 tips intraorales S;51.45;51,45 €;492
5216;15157;SILICONAS DE ADICIÓN PROCLINIC;Proclinic Expert;IMPRESIÓN;Silicona 380 Putty Soft Fast Set Proclinic Expert;Las siliconas de adición 380 Proclinic Expert de mezcla automática te garantizan una mezcla homogénea L A y mayor comodidad. Compatible con las principales máquinas de mezclado automático del mercado. 2 x 380 ml + 15 puntas de mezcla + 2 roscas de bloqueo.;191.15;191,15 €;492
5217;15158;SILICONAS DE ADICIÓN PROCLINIC;Proclinic Expert;IMPRESIÓN;Silicona 380 Heavy Body Regular Set Proclinic Expert;Las siliconas de adición 380 Proclinic Expert de mezcla automática te garantizan una mezcla homogénea L A y mayor comodidad. Compatible con las principales máquinas de mezclado automático del mercado. 2 x 380 ml + 15 puntas de mezcla + 2 roscas de bloqueo.;191.15;191,15 €;492
5218;15159;SILICONAS DE ADICIÓN PROCLINIC;Proclinic Expert;IMPRESIÓN;Silicona 380 Heavy Body Fast Set Proclinic Expert;Las siliconas de adición 380 Proclinic Expert de mezcla automática te garantizan una mezcla homogénea L A y mayor comodidad. Compatible con las principales máquinas de mezclado automático del mercado. 2 x 380 ml + 15 puntas de mezcla + 2 roscas de bloqueo.;191.15;191,15 €;492
5219;15161;SILICONAS DE ADICIÓN PROCLINIC;Proclinic Expert;IMPRESIÓN;Rosca de bloqueo para puntas de mezcla para;Las siliconas de adición 380 Proclinic Expert de mezcla automática te garantizan una mezcla homogénea L A y mayor comodidad. Compatible con las principales máquinas de mezclado automático del mercado. 2 x 380 ml + 15 puntas de mezcla + 2 roscas de bloqueo.;191.15;191,15 €;492
5220;15163;SILICONAS DE ADICIÓN PROCLINIC;Proclinic Expert;IMPRESIÓN;Silicona Putty Hard Fast Set Proclinic Expert;Las siliconas de adición masilla Proclinic Expert cuentan con una fórmula renovada. 250 ml base + 250 ml catalizador;82.68;82,68 €;492
5221;21670;PUNTAS MEZCLADORAS AMARILLAS;Bestdent;IMPRESIÓN;;50 uds.;29.87;29,87 €;493
5222;21671;PUNTAS MEZCLADORAS AMARILLAS;Bestdent;IMPRESIÓN;;100 uds.;17.06;17,06 €;493
5223;78333;SILICONA PUTTY BESTDENT;Bestdent;IMPRESIÓN;Soft;Base x 300 ml. + catalizador x 300 ml.;72.54;72,54 €;493
5224;78334;SILICONA FLUIDA BESTDENT;Bestdent;IMPRESIÓN;Light Fast;2 cartuchos x 50 ml. + 12 puntas de mezcla.;41.03;41,03 €;493
5225;78337;SILICONA FLUIDA BESTDENT;Bestdent;IMPRESIÓN;Extra Fast;2 cartuchos x 50 ml. + 12 puntas de mezcla.;41.03;41,03 €;493
5226;78338;SILICONA FLUIDA BESTDENT;Bestdent;IMPRESIÓN;Medium Body Regular;2 cartuchos x 50 ml. + 12 puntas de mezcla.;41.03;41,03 €;493
5227;78339;SILICONA PUTTY BESTDENT;Bestdent;IMPRESIÓN;Extra Fast;Base x 300 ml. + catalizador x 300 ml.;72.54;72,54 €;493
5228;82000;SILICONA FLUIDA BESTDENT;Bestdent;IMPRESIÓN;Light Fast;4 cartuchos x 50 ml.;66.78;66,78 €;493
5229;2743;AQUASIL PUTTY;Dentsply;IMPRESIÓN;Soft putty regular set;4u. x 450 ml. Base + 4u. x 450 ml. Activador;661.55;661,55 €;494
5230;2746;AQUASIL PUTTY;Dentsply;IMPRESIÓN;Soft putty regular set;450 ml. Base + 450 ml. Acti vador;190.92;190,92 €;494
5231;89550;AQUASIL PUTTY;Dentsply;IMPRESIÓN;Hard putty fast set;4u. x 450 ml. Base + 4u. x 450 ml. Activador;661.55;661,55 €;494
5232;99900;AQUASIL PUTTY;Dentsply;IMPRESIÓN;Hard putty fast set;450 ml. Base + 450 ml. Acti vador;190.92;190,92 €;494
5233;2783;AQUASIL ULTRA+ PUTTY;Dentsply;IMPRESIÓN;;4 cartuchos x 50 ml. + 12 puntas de mezcla;169.25;169,25 €;495
5234;35700;AQUASIL ULTRA+ PUTTY;Dentsply;IMPRESIÓN;Puntas azules heavy/médium 48u.;4 cartuchos x 50 ml. + 12 puntas de mezcla;40.33;40,33 €;495
5235;35701;AQUASIL ULTRA+ PUTTY;Dentsply;IMPRESIÓN;Puntas rojas LV/XLV 48u;4 cartuchos x 50 ml. + 12 puntas de mezcla;40.33;40,33 €;495
5236;35702;AQUASIL ULTRA+ DECA;Dentsply;IMPRESIÓN;Puntas azules Deca 380ml 45u.;2 cartuchos x 380 ml. + 1 anillo bayonet + puntas de mezcla Dynamic;58.82;58,82 €;495
5237;35703;AQUASIL ULTRA+ PUTTY;Dentsply;IMPRESIÓN;Puntas intraorales rojas LV/XLV 48u.;4 cartuchos x 50 ml. + 12 puntas de mezcla;43.33;43,33 €;495
5238;72901;AQUASIL ULTRA+ PUTTY;Dentsply;IMPRESIÓN;XLV Regular;4 cartuchos x 50 ml. + 12 puntas de mezcla;169.25;169,25 €;495
5239;72903;AQUASIL ULTRA+ PUTTY;Dentsply;IMPRESIÓN;XLV Fast;4 cartuchos x 50 ml. + 12 puntas de mezcla;169.25;169,25 €;495
5240;72909;AQUASIL ULTRA+ PUTTY;Dentsply;IMPRESIÓN;LV Regular;4 cartuchos x 50 ml. + 12 puntas de mezcla;169.25;169,25 €;495
5241;72911;AQUASIL ULTRA+ PUTTY;Dentsply;IMPRESIÓN;LV Fast;4 cartuchos x 50 ml. + 12 puntas de mezcla;169.25;169,25 €;495
5242;72915;AQUASIL ULTRA+ PUTTY;Dentsply;IMPRESIÓN;Medium Regular;4 cartuchos x 50 ml. + 12 puntas de mezcla;156.98;156,98 €;495
5243;72916;AQUASIL ULTRA+ PUTTY;Dentsply;IMPRESIÓN;Medium Fast;4 cartuchos x 50 ml. + 12 puntas de mezcla;156.98;156,98 €;495
5244;72917;AQUASIL ULTRA+ DECA;Dentsply;IMPRESIÓN;Medium Regular;2 cartuchos x 380 ml. + 1 anillo bayonet + puntas de mezcla Dynamic;313.8;313,80 €;495
5245;72918;AQUASIL ULTRA+ DECA;Dentsply;IMPRESIÓN;Medium Fast;2 cartuchos x 380 ml. + 1 anillo bayonet + puntas de mezcla Dynamic;313.8;313,80 €;495
5246;72919;AQUASIL ULTRA+ PUTTY;Dentsply;IMPRESIÓN;Heavy Regular;4 cartuchos x 50 ml. + 12 puntas de mezcla;156.98;156,98 €;495
5247;72921;AQUASIL ULTRA+ DECA;Dentsply;IMPRESIÓN;Heavy Regular;2 cartuchos x 380 ml. + 1 anillo bayonet + puntas de mezcla Dynamic;313.8;313,80 €;495
5248;72922;AQUASIL ULTRA+ DECA;Dentsply;IMPRESIÓN;Heavy Fast;2 cartuchos x 380 ml. + 1 anillo bayonet + puntas de mezcla Dynamic;313.8;313,80 €;495
5249;72924;AQUASIL ULTRA+ DECA;Dentsply;IMPRESIÓN;Putty Regular;2 cartuchos x 380 ml. + 1 anillo bayonet + puntas de mezcla Dynamic;255.74;255,74 €;495
5250;72925;AQUASIL ULTRA+ PUTTY;Dentsply;IMPRESIÓN;Hard Regular;2 x 450 ml. (Base + catalizador);185.32;185,32 €;495
5251;72926;AQUASIL ULTRA+ PUTTY;Dentsply;IMPRESIÓN;Soft Fast;2 x 450 ml. (Base + catalizador);185.32;185,32 €;495
5252;89452;AQUASIL ULTRA+ DECA;Dentsply;IMPRESIÓN;Máquina Mezcladora Duomix 2;2 cartuchos x 380 ml. + 1 anillo bayonet + puntas de mezcla Dynamic;1238.43;1238,43 €;495
5253;49852;HYDRORISE;Zhermack;IMPRESIÓN;Putty Fast;2 x 300 ml. (Base + catalizador);120.28;120,28 €;496
5254;49853;HYDRORISE;Zhermack;IMPRESIÓN;Putty Normal;2 x 300 ml. (Base + catalizador);120.28;120,28 €;496
5255;49854;HYDRORISE FLUIDA;;IMPRESIÓN;Extra Light Fast;2 cartuchos x 50 ml.;72.01;72,01 €;496
5256;49855;HYDRORISE FLUIDA;;IMPRESIÓN;Extra Light Normal;2 cartuchos x 50 ml.;72.01;72,01 €;496
5257;49856;HYDRORISE FLUIDA;;IMPRESIÓN;Light Fast;2 cartuchos x 50 ml.;72.01;72,01 €;496
5258;49857;HYDRORISE;Zhermack;IMPRESIÓN;Light Normal;;72.01;72,01 €;496
5259;49858;HYDRORISE;Zhermack;IMPRESIÓN;Regular Fast;;72.01;72,01 €;496
5260;49859;HYDRORISE;Zhermack;IMPRESIÓN;Regular Normal;;72.01;72,01 €;496
5261;49861;HYDRORISE IMPLANT;Zhermack;IMPRESIÓN;;Ref. Ref.;214.17;214,17 €;496
5262;49862;HYDRORISE IMPLANT;Zhermack;IMPRESIÓN;;Ref. Ref.;214.17;214,17 €;496
5263;49864;HYDRORISE IMPLANT;Zhermack;IMPRESIÓN;;Ref. Ref.;181.81;181,81 €;496
5264;49865;HYDRORISE IMPLANT;Zhermack;IMPRESIÓN;;Ref. Ref.;181.81;181,81 €;496
5265;49873;HYDRORISE IMPLANT;Zhermack;IMPRESIÓN;;Ref. Ref.;193.51;193,51 €;496
5266;49874;HYDRORISE IMPLANT;Zhermack;IMPRESIÓN;;Ref. Ref.;193.51;193,51 €;496
5267;49875;HYDRORISE IMPLANT;Zhermack;IMPRESIÓN;Intro Kit Heavy/Light;;177.42;177,42 €;496
5268;49877;HYDRORISE IMPLANT;Zhermack;IMPRESIÓN;Heavy Body;Ref. Ref.;267.66;267,66 €;496
5269;49878;HYDRORISE IMPLANT;Zhermack;IMPRESIÓN;;Ref. Ref.;267.66;267,66 €;496
5270;49879;HYDRORISE IMPLANT;Zhermack;IMPRESIÓN;Light Body;Ref. Ref.;87.21;87,21 €;496
5271;49881;HYDRORISE IMPLANT;Zhermack;IMPRESIÓN;Medium Body Quick;Ref. Ref.;237.59;237,59 €;496
5272;74076;HYDRORISE IMPLANT;Zhermack;IMPRESIÓN;;Ref. Ref.;53.36;53,36 €;496
5273;H00221;HYDRORISE;Zhermack;IMPRESIÓN;Puntas de mezcla grises;Reposición puntas 48 unidades;120.28;120,28 €;496
5274;H00223;HYDRORISE;Zhermack;IMPRESIÓN;Puntas intraorales amarilla;Reposición puntas 48 unidades;120.28;120,28 €;496
5275;4375;ELITE HD+ PUTTY;Zhermack;IMPRESIÓN;Fraguado rápido;Base x 250 ml. + catalizador x 250 ml.;85.56;85,56 €;497
5276;4376;ELITE HD+ FLUIDA;Zhermack;IMPRESIÓN;Light rápida;2 cartuchos x 50 ml.+ 12 puntas de mezcla.;64.68;64,68 €;497
5277;49863;ELITE HD+ PUTTY;Zhermack;IMPRESIÓN;Fraguado rápido;2 ud. base x 450 ml. + 2 ud. catalizador x 450 ml.;281.51;281,51 €;497
5278;59457;ELITE HD+ PUTTY;Zhermack;IMPRESIÓN;Fraguado normal;2 ud. base x 450 ml. + 2 ud. catalizador x 450 ml.;281.51;281,51 €;497
5279;59508;ELITE HD+ FLUIDA;Zhermack;IMPRESIÓN;Super light rápida;2 cartuchos x 50 ml.+ 12 puntas de mezcla.;64.68;64,68 €;497
5280;69515;ELITE HD+ PUTTY;Zhermack;IMPRESIÓN;Fraguado normal;Base x 250 ml. + catalizador x 250 ml.;85.56;85,56 €;497
5281;69521;ELITE HD+ FLUIDA;Zhermack;IMPRESIÓN;Regular;2 cartuchos x 50 ml.+ 12 puntas de mezcla.;64.68;64,68 €;497
5282;69525;ELITE HD+ FLUIDA;Zhermack;IMPRESIÓN;Light normal;2 cartuchos x 50 ml.+ 12 puntas de mezcla.;64.68;64,68 €;497
5283;26461;EXPRESS 2 VPS MANUAL;Solventum (3M);IMPRESIÓN;Puntas de mezcla verde azuladas. 50 ud.;4 cartuchos x 50 ml. +10 puntas de mezcla verdes. puntas de mezcla;139.58;139,58 €;498
5284;26470;EXPRESS 2 VPS MANUAL;Solventum (3M);IMPRESIÓN;Puntas de mezcla amarillas. 50 ud.;4 cartuchos x 50 ml. +10 puntas de mezcla verdes. puntas de mezcla;139.58;139,58 €;498
5285;45645;EXPRESS 2 VPS MANUAL;Solventum (3M);IMPRESIÓN;Puntas intraorales . 50 ud.;4 cartuchos x 50 ml. +10 puntas de mezcla verdes. puntas de mezcla;139.58;139,58 €;498
5286;7472;EXPRESS 2 VPS MANUAL;Solventum (3M);IMPRESIÓN;Expr ess 2 Light Flow;Injection: Base + catalizador:;139.58;139,58 €;498
5287;7473;EXPRESS 2 VPS MANUAL;Solventum (3M);IMPRESIÓN;Express 2 Light Flow Quick;300 ml. + 300 ml. + 2 cucharillas.;139.58;139,58 €;498
5288;7474;EXPRESS 2 VPS MANUAL;Solventum (3M);IMPRESIÓN;Express 2 Light;4 cartuchos x 50 ml. + 5 amarillas, 5 puntas intraorales;139.58;139,58 €;498
5289;7475;EXPRESS 2 VPS MANUAL;Solventum (3M);IMPRESIÓN;Express 2 Light Quick;4 cartuchos x 50 ml. + 5 amarillas, 5 puntas intraorales;139.58;139,58 €;498
5290;7476;EXPRESS 2 VPS MANUAL;Solventum (3M);IMPRESIÓN;Express 2 Ultra Light Quick;300 ml. + 300 ml. + 2 cucharillas.;139.58;139,58 €;498
5291;7485;EXPRESS 2 VPS MANUAL;Solventum (3M);IMPRESIÓN;Express 2 Putty Soft;300 ml. + 300 ml. + 2 cucharillas.;114.95;114,95 €;498
5292;7487;EXPRESS 2 VPS MANUAL;Solventum (3M);IMPRESIÓN;Express 2 Putty Quick;300 ml. + 300 ml. + 2 cucharillas.;114.95;114,95 €;498
5293;7488;EXPRESS 2 VPS MANUAL;Solventum (3M);IMPRESIÓN;Express 2 Regular;4 cartuchos x 50 ml. + 5 amarillas, 5 puntas intraorales;139.58;139,58 €;498
5294;7489;EXPRESS 2 VPS MANUAL;Solventum (3M);IMPRESIÓN;Express 2 Regular Quick;4 cartuchos x 50 ml. + 5 amarillas, 5 puntas intraorales;139.58;139,58 €;498
5295;7491;EXPRESS 2 VPS MANUAL;Solventum (3M);IMPRESIÓN;Express 2 Heavy;4 cartuchos x 50 ml. +10 puntas de mezcla verdes. puntas de mezcla;121.91;121,91 €;498
5296;7493;EXPRESS 2 VPS MANUAL;Solventum (3M);IMPRESIÓN;Express 2 Heavy Quick;4 cartuchos x 50 ml. +10 puntas de mezcla verdes. puntas de mezcla;139.58;139,58 €;498
5297;40780;CARTUCHOS UNIVERSAL PENTA;Solventum (3M);IMPRESIÓN;Penta cánulas rojas 50 uds.;2 Base de 300 ml. + 2 catalizador de;232.58;232,58 €;499
5298;45370;CARTUCHOS UNIVERSAL PENTA;Solventum (3M);IMPRESIÓN;Pentamix 2;;76.8;76,80 €;499
5299;45371;CARTUCHOS UNIVERSAL PENTA;Solventum (3M);IMPRESIÓN;Pentamix 3;2 Base de 300 ml. + 2 catalizador de;67.17;67,17 €;499
5300;7465;EXPRESS 2 PENTA PUTTY;;IMPRESIÓN;;Base de 300 ml. + 2 catalizador de;232.58;232,58 €;499
5301;74655;CARTUCHOS UNIVERSAL PENTA;Solventum (3M);IMPRESIÓN;;2 Base de 300 ml. + 2 catalizador de;235.86;235,86 €;499
5302;7467;EXPRESS 2 PENTA H REPOSICIÓN;;IMPRESIÓN;;2 Base de 300 ml. + 2 catalizador de;232.58;232,58 €;499
5303;7469;EXPRESS 2 PENTA H QUICK;;IMPRESIÓN;;2 Base de 300 ml. 60 ml. + 2 catalizador de;232.58;232,58 €;499
5304;7471;CARTUCHOS UNIVERSAL PENTA;Solventum (3M);IMPRESIÓN;;2 Base de 300 ml. 60 ml. + 2 catalizador de;235.86;235,86 €;499
5305;2503;ADHESIVO VPS - 7307;Solventum (3M);IMPRESIÓN;;17 ml. Líquido;29.16;29,16 €;500
5306;2542;EXPRESS;;IMPRESIÓN;;;194.74;194,74 €;500
5307;2567;Produto Dentário;;IMPRESIÓN;;;164.46;164,46 €;500
5308;4091;Produto Dentário;;IMPRESIÓN;;;164.46;164,46 €;500
5309;4092;Produto Dentário;;IMPRESIÓN;;;164.46;164,46 €;500
5310;99559;Produto Dentário;;IMPRESIÓN;;;164.46;164,46 €;500
5311;25011;IMPRINT 4;Solventum (3M);IMPRESIÓN;Imprint 4 Penta Putty:;;134.08;134,08 €;501
5312;25012;IMPRINT 4;Solventum (3M);IMPRESIÓN;Imprint 4 Penta Heavy:;;134.08;134,08 €;501
5313;25013;IMPRINT 4;Solventum (3M);IMPRESIÓN;Imprint 4 Penta Heavy Super;;134.08;134,08 €;501
5314;25019;IMPRINT 4;Solventum (3M);IMPRESIÓN;Imprint 4 Kit Putty Intro:;;64.85;64,85 €;501
5315;25020;IMPRINT 4;Solventum (3M);IMPRESIÓN;Imprint 4 Kit Heavy Intro:;;134.08;134,08 €;501
5316;25021;IMPRINT 4;Solventum (3M);IMPRESIÓN;Imprint 4 Fluida Ultra-Light Super;;224.46;224,46 €;501
5317;25022;IMPRINT 4;Solventum (3M);IMPRESIÓN;Imprint 4 Fluida Light;;140.31;140,31 €;501
5318;25023;IMPRINT 4;Solventum (3M);IMPRESIÓN;Imprint 4 Fluida Light Super Quick;;224.46;224,46 €;501
5319;25024;IMPRINT 4;Solventum (3M);IMPRESIÓN;Imprint 4 Fluida Regular;;210.08;210,08 €;501
5320;25025;IMPRINT 4;Solventum (3M);IMPRESIÓN;Imprint 4 Fluida Regular Super Quick;;210.08;210,08 €;501
5321;25027;IMPRINT 4;Solventum (3M);IMPRESIÓN;Imprint 4 Putty + Ultra Light;;134.08;134,08 €;501
5322;25028;IMPRINT 4;Solventum (3M);IMPRESIÓN;Imprint 4 Heavy + Light Prueba:;;210.08;210,08 €;501
5323;25031;IMPRINT 4 PRELIMINARY PENTA;Solventum (3M);IMPRESIÓN;;2 uds. x 300 ml. base + 2 uds. x 60 ml. catalizador;111.79;111,79 €;502
5324;25032;IMPRINT 4 PRELIMINARY PENTA;Solventum (3M);IMPRESIÓN;Super Quick;2 uds. x 300 ml. base + 2 uds. x 60 ml. catalizador;111.79;111,79 €;502
5325;25049;IMPRINT 4 PENTA SUPER QUICK VALUE;Solventum (3M);IMPRESIÓN;;6 unidades de 300 ml (Base) + 6 unidades;560.18;560,18 €;502
5326;87044;PENTAMIX LITE;Solventum (3M);IMPRESIÓN;Pentamix Lite;El nuevo sistema de dispensado • Calidad homogénea y reproducible. • Mejor calidad de impresión – Diseño Compact: almacenamiento Uso muy fácil: manejo fácil e intuitivo, Dispensado automático: mejor T ransporte más cómodo: con;1001.82;1001,82 €;502
5327;2448;FLEXITIME EASY PUTTY;Kulzer;IMPRESIÓN;;Base x 300 ml. + activador x 300 ml.;131.7;131,70 €;503
5328;2449;FLEXITIME FLUIDA;;IMPRESIÓN;Heavy tray;;79.9;79,90 €;503
5329;2450;FLEXITIME FLUIDA;;IMPRESIÓN;Correct Flow;;79.9;79,90 €;503
5330;2451;FLEXITIME FLUIDA;;IMPRESIÓN;Monofase;;79.9;79,90 €;503
5331;2462;FLEXITIME EASY PUTTY;Kulzer;IMPRESIÓN;Puntas de mezcla amarillas. 48 uds.;Flexitime Easy Putty x 600 ml. + 2 cartuchos Flow, Medium Flow) + 12 puntas de + 1 adhesivo universal.;69.2;69,20 €;503
5332;2463;FLEXITIME EASY PUTTY;Kulzer;IMPRESIÓN;Puntas de mezcla verdes. 48 uds.;Flexitime Easy Putty x 600 ml. + 2 cartuchos Flow, Medium Flow) + 12 puntas de + 1 adhesivo universal.;184.1;184,10 €;503
5333;24974;FLEXITIME EASY PUTTY;Kulzer;IMPRESIÓN;Trial Kit;Flexitime Easy Putty x 600 ml. + 2 cartuchos Flow, Medium Flow) + 12 puntas de + 1 adhesivo universal.;184.1;184,10 €;503
5334;24976;FLEXITIME EASY PUTTY;Kulzer;IMPRESIÓN;Flexitime Light Flow (2 x 50 ml.);;79.9;79,90 €;503
5335;24977;FLEXITIME EASY PUTTY;Kulzer;IMPRESIÓN;Flexitime Medium Flow (2 x 50 ml.);Base x 300 ml. + activador x 300 ml.;79.9;79,90 €;503
5336;2482;FLEXITIME DYNAMIX;Kulzer;IMPRESIÓN;Putty;2 x 380 ml. + 2 puntas mezcla y anillo fijación.;242.0;242,00 €;504
5337;2485;FLEXITIME DYNAMIX;Kulzer;IMPRESIÓN;Heavy tray;2 x 380 ml. + 2 puntas mezcla y anillo fijación.;242.0;242,00 €;504
5338;3697;FLEXITIME DYNAMIX;Kulzer;IMPRESIÓN;;50 puntas amarillas Dynamix.;79.9;79,90 €;504
5339;3698;FLEXITIME DYNAMIX;Kulzer;IMPRESIÓN;;50 puntas amarillas Dynamix.;79.9;79,90 €;504
5340;3700;FLEXITIME;Kulzer;IMPRESIÓN;Kit de;verdes + 5u. puntas;47.0;47,00 €;504
5341;6262;FLEXITIME DYNAMIX;Kulzer;IMPRESIÓN;Monofase;50 puntas amarillas Dynamix.;242.0;242,00 €;504
5342;73741;SILICONAS NORMOSIL;Normon;IMPRESIÓN;Fast;1 bote de 250ml base y 1 bote;100.74;100,74 €;505
5343;73742;SILICONAS NORMOSIL;Normon;IMPRESIÓN;Normal;1 bote de 250ml base y 1 bote;100.74;100,74 €;505
5344;73743;SILICONAS NORMOSIL;Normon;IMPRESIÓN;Fast;2 cartuchos de 50ml;62.94;62,94 €;505
5345;73744;SILICONAS NORMOSIL;Normon;IMPRESIÓN;Normal;2 cartuchos de 50ml;62.94;62,94 €;505
5346;73745;SILICONAS NORMOSIL;Normon;IMPRESIÓN;Monophase;;62.94;62,94 €;505
5347;73747;SILICONAS NORMOSIL;Normon;IMPRESIÓN;Auto 380;2 cartuchos de 380ml;243.12;243,12 €;505
5348;73748;SILICONAS NORMOSIL;Normon;IMPRESIÓN;Puntas de mezcla;48 Unidades;55.38;55,38 €;505
5349;73749;SILICONAS NORMOSIL;Normon;IMPRESIÓN;Puntas intraorales;48 Unidades;32.45;32,45 €;505
5350;2410;PROVIL NOVO;Kulzer;IMPRESIÓN;;;172.6;172,60 €;506
5351;24215;PROVIL NOVO;Kulzer;IMPRESIÓN;Putty;;105.5;105,50 €;506
5352;2422;PROVIL NOVO;Kulzer;IMPRESIÓN;Putty;;101.1;101,10 €;506
5353;2442;PROVIL NOVO;Kulzer;IMPRESIÓN;Puntas de mezcla amarillas 4:1;48 puntas de mezcla;69.2;69,20 €;506
5354;2443;PROVIL NOVO;Kulzer;IMPRESIÓN;Puntas intraorales amarillas;96 puntas de mezcla;77.8;77,80 €;506
5355;2444;PROVIL NOVO;Kulzer;IMPRESIÓN;Putty;;163.3;163,30 €;506
5356;2465;PROVIL NOVO;Kulzer;IMPRESIÓN;Monofase Fast;2 Cartuchos x 100;163.3;163,30 €;506
5357;2466;PROVIL NOVO;Kulzer;IMPRESIÓN;Medium Fast;2 Cartuchos x 100;77.8;77,80 €;506
5358;2467;PROVIL NOVO;Kulzer;IMPRESIÓN;Light Fast;2 Cartuchos x 100;163.3;163,30 €;506
5359;75637;PROVIL NOVO;Kulzer;IMPRESIÓN;Medium Regular;2 Cartuchos x 100;77.8;77,80 €;506
5360;97209;PROVIL NOVO;Kulzer;IMPRESIÓN;Putty;;163.3;163,30 €;506
5361;97213;PROVIL NOVO;Kulzer;IMPRESIÓN;Putty;;163.3;163,30 €;506
5362;97564;PROVIL NOVO;Kulzer;IMPRESIÓN;Light Regular;2 Cartuchos x 100;163.3;163,30 €;506
5363;2486;PROVIL NOVO PUTTY DYNAMIX;Kulzer;IMPRESIÓN;Puntas para Dynamix (50 uds.);50 puntas amarillas Dynamix.;85.27;85,27 €;507
5364;48514;V-POSIL;Voco;IMPRESIÓN;Putty Fast;2 ud. Base x 450 ml. + 2 ud.;140.2;140,20 €;507
5365;48515;V-POSIL;Voco;IMPRESIÓN;Heavy Soft Fast;2 cartuchos x 50 ml.;66.3;66,30 €;507
5366;48516;V-POSIL;Voco;IMPRESIÓN;Light Fast;2 cartuchos x 50 ml.;66.3;66,30 €;507
5367;48517;V-POSIL;Voco;IMPRESIÓN;X-light Fast;2 cartuchos x 50 ml.;66.3;66,30 €;507
5368;48521;V-POSIL;Voco;IMPRESIÓN;Puntas de mezcla amarillas;50 unidades.;140.2;140,20 €;507
5369;48539;V-POSIL;Voco;IMPRESIÓN;Putty Fast;2 cartuchos x 380 ml.;66.3;66,30 €;507
5370;49086;V-POSIL;Voco;IMPRESIÓN;Heavy Soft Fast;1 cartucho x 380 ml.;140.2;140,20 €;507
5371;49089;V-POSIL;Voco;IMPRESIÓN;Puntas mezcladora automática;50 unidades.;60.47;60,47 €;507
5372;58508;V-POSIL;Voco;IMPRESIÓN;Mono Fast;1 cartucho x 380 ml.;140.2;140,20 €;507
5373;58509;V-POSIL;Voco;IMPRESIÓN;Mono Fast;2 cartuchos x 380 ml.;66.3;66,30 €;507
5374;58510;V-POSIL;Voco;IMPRESIÓN;Mono Fast;2 cartuchos x 50 ml.;66.3;66,30 €;507
5375;58512;V-POSIL;Voco;IMPRESIÓN;Puntas intraorales;50 unidades.;140.2;140,20 €;507
5376;58517;V-POSIL;Voco;IMPRESIÓN;Heavy Soft Fast;2 cartuchos x 380 ml.;66.3;66,30 €;507
5377;3809;AFFINIS;Coltene;IMPRESIÓN;Putty Super soft;300 ml. base + 300 ml. catalizador.;135.38;135,38 €;508
5378;3827;AFFINIS;Coltene;IMPRESIÓN;Putty Soft;300 ml. base + 300 ml. catalizador.;135.38;135,38 €;508
5379;3828;AFFINIS;Coltene;IMPRESIÓN;Regular body;2 cartuchos x 50 ml. + 12 puntas.;90.38;90,38 €;508
5380;3829;AFFINIS;Coltene;IMPRESIÓN;Light body;2 cartuchos x 50 ml. + 12 puntas.;90.38;90,38 €;508
5381;48612;AFFINIS;Coltene;IMPRESIÓN;Heavy body;2 cartuchos x 50 ml. + 12 puntas.;70.79;70,79 €;508
5382;6142;AFFINIS SYSTEM 360;Coltene;IMPRESIÓN;Heavy Body;2 ud. x Base + catalizador x 380 ml.;265.09;265,09 €;508
5383;6143;AFFINIS;Coltene;IMPRESIÓN;Regular body fast;2 cartuchos x 50 ml. + 12 puntas.;90.38;90,38 €;508
5384;6144;AFFINIS;Coltene;IMPRESIÓN;Mono body;2 cartuchos x 50 ml. + 12 puntas.;70.79;70,79 €;508
5385;6150;AFFINIS SYSTEM 360;Coltene;IMPRESIÓN;Starter Kit Heavy Body;Base + catalizador x 380 ml. + 10 puntas para mezcladora + 1 anillo de fijación;228.78;228,78 €;508
5386;61626;AFFINIS SYSTEM 360;Coltene;IMPRESIÓN;;40 puntas para mezcladora automática;60.22;60,22 €;508
5387;38107;PRESIDENT ORIGINAL FLUIDA;Coltene;IMPRESIÓN;X-tra Light body;2 cartuchos x 50;72.3;72,30 €;509
5388;38108;PRESIDENT ORIGINAL FLUIDA;Coltene;IMPRESIÓN;Light body;2 cartuchos x 50;72.3;72,30 €;509
5389;38109;PRESIDENT ORIGINAL FLUIDA;Coltene;IMPRESIÓN;Regular body;2 cartuchos x 50;72.3;72,30 €;509
5390;38110;AFFINIS PRECIOUS;Coltene;IMPRESIÓN;Putty, masilla de alta firmeza;1 base + 1 catalizador 2 x 300 ml, 2 dosificadores.;109.5;109,50 €;509
5391;38111;AFFINIS PRECIOUS;Coltene;IMPRESIÓN;Putty Soft, masilla de firmeza;1 base + 1 catalizador 2 x 300 ml, 2 dosificadores.;72.3;72,30 €;509
5392;38112;AFFINIS PRECIOUS;Coltene;IMPRESIÓN;Putty Super Soft, masilla de firmeza;1 base + 1 catalizador 2 x 300 ml, 2 dosificadores.;72.3;72,30 €;509
5393;38260;PRESIDENT ORIGINAL FLUIDA;Coltene;IMPRESIÓN;Heavy Body;2 cartuchos x;58.22;58,22 €;509
5394;54784;AFFINIS PRECIOUS;Coltene;IMPRESIÓN;Fast Putty Soft, 2 x 300 ml.;1 base + 1 catalizador 2 x 300 ml, 2 dosificadores.;58.22;58,22 €;509
5395;61390;AFFINIS HB BLACK EDITION;Coltene;IMPRESIÓN;;2 cartuchos x 75 ml.;70.79;70,79 €;509
5396;61392;AFFINIS HB BLACK EDITION;Coltene;IMPRESIÓN;Single pack;Reposición 2 x 380 de fijación.;265.09;265,09 €;509
5397;6140;AFFINIS PRECIOUS;Coltene;IMPRESIÓN;Light body plata;2 cartuchos x 50 ml. + 12 puntas de mezcla.;90.38;90,38 €;509
5398;6141;AFFINIS PRECIOUS;Coltene;IMPRESIÓN;Regular body oro;2 cartuchos x 50 ml. + 12 puntas de mezcla.;90.38;90,38 €;509
5399;3814;ADHESIVO;Coltene;IMPRESIÓN;;10 ml.;61.13;61,13 €;510
5400;3821;TIPS INTRAORALES;Coltene;IMPRESIÓN;;100 uds.;42.89;42,89 €;510
5401;38240;PUNTAS MEZCLADORAS;Coltene;IMPRESIÓN;;40 uds.;42.89;42,89 €;510
5402;42872;EXALENCE;G.C.;IMPRESIÓN;500 gr. + 500 gr.;;167.25;167,25 €;510
5403;42873;EXALENCE;G.C.;IMPRESIÓN;Extralight Regular;2 cartuchos;85.7;85,70 €;510
5404;42874;EXALENCE;G.C.;IMPRESIÓN;Extralight Fast;2 cartuchos;85.7;85,70 €;510
5405;42875;EXALENCE;G.C.;IMPRESIÓN;Light Regular;2 cartuchos;85.7;85,70 €;510
5406;42876;EXALENCE;G.C.;IMPRESIÓN;Light Fast;2 cartuchos;85.7;85,70 €;510
5407;42877;EXALENCE;G.C.;IMPRESIÓN;Monofase Regular;2 cartuchos;85.7;85,70 €;510
5408;42878;EXALENCE;G.C.;IMPRESIÓN;Monofase Fast;2 cartuchos;85.7;85,70 €;510
5409;42881;EXALENCE;G.C.;IMPRESIÓN;Monophase Regular;370 ml. + 10;185.65;185,65 €;510
5410;42882;EXALENCE;G.C.;IMPRESIÓN;;;258.1;258,10 €;510
5411;42886;EXALENCE;G.C.;IMPRESIÓN;Heavy Regular;370 ml. + 10;185.65;185,65 €;510
5412;42887;EXALENCE;G.C.;IMPRESIÓN;;;258.1;258,10 €;510
5413;42889;EXALENCE;G.C.;IMPRESIÓN;Heavy Fast;370 ml. + 10;185.65;185,65 €;510
5414;42900;EXALENCE;G.C.;IMPRESIÓN;;;258.1;258,10 €;510
5415;42901;EXALENCE;G.C.;IMPRESIÓN;;;185.65;185,65 €;510
5416;42904;OBLEAS SEPARACIONES P. IMPRESIÓN;G.C.;IMPRESIÓN;;;185.65;185,65 €;510
5417;93754;OBLEAS SEPARACIONES P. IMPRESIÓN;G.C.;IMPRESIÓN;;Caja de 30 unidades Impr ession para obtener todos los detalles y de dureza para conseguir una alta Separation Wafer.;39.45;39,45 €;510
5418;4503;EXAFLEX HIDRÓFILO PUTTY;G.C.;IMPRESIÓN;;Base + catalizador:;170.8;170,80 €;511
5419;4504;EXAFLEX HIDRÓFILO PUTTY;G.C.;IMPRESIÓN;;Injection: Base + catalizador:;59.14;59,14 €;511
5420;4505;EXAFLEX HIDRÓFILO PUTTY;G.C.;IMPRESIÓN;;Injection: Base + catalizador:;59.14;59,14 €;511
5421;46360;EXA ADVANCED;G.C.;IMPRESIÓN;Injection normal set;2 cartuchos de 48;68.5;68,50 €;511
5422;46361;EXA ADVANCED;G.C.;IMPRESIÓN;Regular normal set;2 cartuchos de 48;170.8;170,80 €;511
5423;46362;EXA ADVANCED;G.C.;IMPRESIÓN;Injection fast set;2 cartuchos de 48;68.5;68,50 €;511
5424;46363;EXA ADVANCED;G.C.;IMPRESIÓN;Regular fast set;2 cartuchos de 48;68.5;68,50 €;511
5425;4640;EXAFLEX HIDRÓFILO PUTTY;G.C.;IMPRESIÓN;;Base + catalizador:;170.8;170,80 €;511
5426;55085;DETASEAL HYDROFLOW;Detax;IMPRESIÓN;Lite Regular Set;Regular: Base + catalizador:;87.75;87,75 €;511
5427;55086;DETASEAL HYDROFLOW;Detax;IMPRESIÓN;Putty 2 x 250 ml.;Regular: Base + catalizador:;88.68;88,68 €;511
5428;55087;DETASEAL HYDROFLOW;Detax;IMPRESIÓN;Xlite Fast Set;Injection: Base + catalizador:;87.75;87,75 €;511
5429;2401;OPTOSIL P PLUS;Kulzer;IMPRESIÓN;;Bote de 900 ml.;53.7;53,70 €;513
5430;2402;ACTIVADOR PASTA PLUS;Kulzer;IMPRESIÓN;;Tubo de 60 ml. media, a base de silicona y fra- para tomas de impresiones en;29.62;29,62 €;513
5431;2403;XANTOPREN H VERDE;Kulzer;IMPRESIÓN;;Tubo de 140 ml. Muy baja viscosidad.;35.48;35,48 €;513
5432;2404;XANTOPREN H VERDE;Kulzer;IMPRESIÓN;;Tubo de 140 ml. Alta viscosidad.;35.48;35,48 €;513
5433;2405;XANTOPREN H VERDE;Kulzer;IMPRESIÓN;;Tubo de 140 ml. Baja viscosidad.;35.48;35,48 €;513
5434;2413;ACTIVADOR LÍQUIDO PLUS;Kulzer;IMPRESIÓN;;F rasco de 25 ml.;29.62;29,62 €;513
5435;2414;XANTOPREN M MUCOSA;Kulzer;IMPRESIÓN;;Tubo de 140 ml. desdentados. Viscosidad;36.85;36,85 €;513
5436;2406;OPTOSIL COMFORT;Kulzer;IMPRESIÓN;;Bote de 900 ml. Mejor mezcla.;53.7;53,70 €;514
5437;2440;OPTOSIL COMFORT;Kulzer;IMPRESIÓN;;2 Cartuchos x 50 ml.;53.7;53,70 €;514
5438;2441;OPTOSIL COMFORT;Kulzer;IMPRESIÓN;;2 Cartuchos x 50 ml. + 12 puntas de mezcla;54.7;54,70 €;514
5439;3840;SPEEDEX PUTTY;Coltene;IMPRESIÓN;Putty;Base: 910 ml.;40.58;40,58 €;514
5440;3841;SPEEDEX LIGHT;Coltene;IMPRESIÓN;;Base: 140 ml. a la diferencia existente entre la;16.34;16,34 €;514
5441;38410;SPEEDEX PUTTY;Coltene;IMPRESIÓN;Soft;Base: 910 ml.;40.58;40,58 €;514
5442;3842;SPEEDEX LIGHT;Coltene;IMPRESIÓN;;Catalizador: 60 ml.;23.58;23,58 €;514
5443;5804;ZETAPLUS PUTTY;Zhermack;IMPRESIÓN;;Tubo 60 ml.;40.12;40,12 €;515
5444;5805;Siliconas de condensación SILAPLAST FUTUR;Detax;IMPRESIÓN;;Material putty para impresiones, de muy elevada consistencia, modeable, de una consistencia inicial blanda, de dureza final y elasticidad ideal. De aplicación universal. Con fórmula;35.33;35,33 €;515
5445;5806;Siliconas de condensación SILAPLAST FUTUR;Detax;IMPRESIÓN;;Tubo de 35 ml.;26.57;26,57 €;515
5446;5808;Siliconas de condensación SILAPLAST FUTUR;Detax;IMPRESIÓN;nueva « sistema inerte » , de una;Material putty para impresiones, de muy elevada consistencia, modeable, de una consistencia inicial blanda, de dureza final y elasticidad ideal. De aplicación universal. Con fórmula;82.55;82,55 €;515
5447;6953;ZETAPLUS PUTTY;Zhermack;IMPRESIÓN;;Bote 900 ml.;40.12;40,12 €;515
5448;6954;ZETAPLUS PUTTY;Zhermack;IMPRESIÓN;;Tubo 60 ml.;40.12;40,12 €;515
5449;6955;ZETAPLUS PUTTY;Zhermack;IMPRESIÓN;;Tubo 140 ml.;20.05;20,05 €;515
5450;0302;PERMLASTIC HEAVY;Kerr;IMPRESIÓN;;Frasco de 60 ml.;36.51;36,51 €;516
5451;0303;PERMLASTIC HEAVY;Kerr;IMPRESIÓN;;Base 2 x 68 ml. + Activador 1x34 ml. + 1 block de mezclas;52.8;52,80 €;516
5452;0304;Polisulfuros;Kerr;IMPRESIÓN;;Base 2 x 68 ml. + Activador 1x34 ml. + 1 block de mezclas;52.8;52,80 €;516
5453;0305;PERMLASTIC HEAVY;Kerr;IMPRESIÓN;;Base 1 x 65 ml. + Activador 1 x 65 ml. + 1 block de mezclas.;52.8;52,80 €;516
5454;15160;SILICONA DE REGISTRO DE MORDIDA PROCLINIC;Proclinic Expert;IMPRESIÓN;;2 cartuchos x 50 ml. + 12 puntas;55.03;55,03 €;516
5455;78335;SILICONA REGISTRO DE MORDIDA;Bestdent;IMPRESIÓN;;2 cartuchos x 50 ml.+ 12 puntas;37.47;37,47 €;516
5456;2495;FLEXITIME BITE;Kulzer;IMPRESIÓN;2 Cartuchos x 50 ml. + 6 puntas;;69.78;69,78 €;517
5457;43761;OCCLUFAST ROCK;Zhermack;IMPRESIÓN;48 unidades puntas de mezcla;2 cartuchos x 50 ml. + 12 puntas de mezcla;48.21;48,21 €;517
5458;69351;OCCLUFAST+;Zhermack;IMPRESIÓN;Occlufast+;2 cartuchos x 50 ml. + 12 puntas de mezcla;72.9;72,90 €;517
5459;69352;OCCLUFAST+;Zhermack;IMPRESIÓN;Occlufast+ Color;2 cartuchos x 50 ml. + 12 puntas de mezcla;72.9;72,90 €;517
5460;6936;OCCLUFAST ROCK;Zhermack;IMPRESIÓN;2 cartuchos x 50 ml. + 12;;63.49;63,49 €;517
5461;8553;OCCLUFAST CAD;Zhermack;IMPRESIÓN;;2 cartuchos x 50;69.78;69,78 €;517
5462;2415;MEMOSIL 2;Kulzer;IMPRESIÓN;;2 cartuchos x 50 ml. + 12 puntas de matrices transparentes;92.3;92,30 €;518
5463;25030;IMPRINT 4 BITE;Solventum (3M);IMPRESIÓN;;2 cartuchos x 50;67.37;67,37 €;518
5464;46173;EXACLEAR;G.C.;IMPRESIÓN;;2 Cartuchos x;88.9;88,90 €;518
5465;48550;REGISTRADO X-TRA;Voco;IMPRESIÓN;;1 cartucho x 50 ml.;67.37;67,37 €;518
5466;69503;ELITE GLASS TRANSPARENTE;Zhermack.;IMPRESIÓN;2 Cartuchos x 50 ml. + 6 puntas;2 cartuchos x 50 ml. + 12 puntas de matrices transparentes;77.6;77,60 €;518
5467;98921;REGISTRADO X-TRA;Voco;IMPRESIÓN;;2 car tuchos x 50 ml.;65.7;65,70 €;518
5468;0932;GREENBITE APPLE;Detax;IMPRESIÓN;;2 cartuchos x 50;72.8;72,80 €;519
5469;56986;LUXABITE;DMG.;IMPRESIÓN;;1 cartucho de 50;116.74;116,74 €;519
5470;70104;LUXABITE;DMG.;IMPRESIÓN;Luxabite Tips automix. 25;1 cartucho de 50;31.42;31,42 €;519
5471;73746;SILICONA NORMOSIL OCLUSION;Normon;IMPRESIÓN;Oclusión;2 cartuchos de 50ml.;33.09;33,09 €;519
5472;99748;MEMOREG 2;Kulzer;IMPRESIÓN;;2 cartuchos x 50 ml.;99.4;99,40 €;519
5473;H00176;ELITE TRANSPARENTE 50ML +6 PUNTAS MEZCLA;Zhermack;IMPRESIÓN;;Silicona fluida, transparente final (72 Shore;70.15;70,15 €;519
5474;H00178;TRANSIL F;Ivoclar;IMPRESIÓN;2 x 50ml y 2 x 6 puntas;Silicona de adición, viscosidad media (tipo 2). El fraguado ambiente. Uso extraoral.;70.15;70,15 €;519
5475;2697;IMPREGUM F -DOBLE-;Solventum (3M);IMPRESIÓN;Puntas mezcla blancas 50 uds.;Impresión monofase, presionar. 2 Bases x 120 ml. + 2 Activador;76.99;76,99 €;520
5476;4540;PERMADYNE GARANT FLUIDO;Solventum (3M);IMPRESIÓN;;4 Cartuchos x 48 ml.+;223.24;223,24 €;520
5477;45642;IMPREGUM F -DOBLE-;Solventum (3M);IMPRESIÓN;Puntas intraorales;Impresión monofase, presionar. 2 Bases x 120 ml. + 2 Activador;47.82;47,82 €;520
5478;4570;IMPREGUM F -DOBLE-;Solventum (3M);IMPRESIÓN;;Impresión monofase, presionar. 2 Bases x 120 ml. + 2 Activador;149.7;149,70 €;520
5479;4571;PERMADYNE SÓLIDO NARANJA;Solventum (3M);IMPRESIÓN;;2 Bases x 120 ml. + 2 Activador x 15 ml. + block de mezcla.;161.11;161,11 €;520
5480;4572;PERMADYNE SÓLIDO NARANJA;Solventum (3M);IMPRESIÓN;;2 Bases x 120 ml. + 2 Activador 24 puntas mezcladoras. x 15 ml. + block de mezcla.;208.25;208,25 €;520
5481;5898;IMPREGUM F -DOBLE-;Solventum (3M);IMPRESIÓN;4 X 50 ml. + a puntas de mezcla;Impresión monofase, presionar. 2 Bases x 120 ml. + 2 Activador;160.09;160,09 €;520
5482;5899;IMPREGUM F -DOBLE-;Solventum (3M);IMPRESIÓN;4 X 50 ml. + 20 puntas de mezcla;Impresión monofase, presionar. 2 Bases x 120 ml. + 2 Activador;223.24;223,24 €;520
5483;44420;JERINGA PARA ELASTÓMEROS;Solventum (3M);IMPRESIÓN;Dispositivo llenado rojo;12 unidades , de plástico.;12.08;12,08 €;521
5484;4502;ADHESIVO POLIÉTER;Solventum (3M);IMPRESIÓN;;Frasco de 17 ml.;29.18;29,18 €;521
5485;4530;JERINGA PARA ELASTÓMEROS;Solventum (3M);IMPRESIÓN;Metálica. Completa con;12 unidades , de plástico.;56.93;56,93 €;521
5486;45309;JERINGA PARA ELASTÓMEROS;Solventum (3M);IMPRESIÓN;Transparente;12 unidades , de plástico.;72.97;72,97 €;521
5487;4531;BOQUILLAS PARA JERINGA DE ELASTÓMEROS;Solventum (3M);IMPRESIÓN;;12 unidades , de plástico.;12.08;12,08 €;521
5488;4546;CATALIZADOR IMPREGUM;Solventum (3M);IMPRESIÓN;;15 ml.;20.52;20,52 €;521
5489;59014;ADHESIVO CONTACT TRAY PARA POLIÉTER;Solventum (3M);IMPRESIÓN;;Frasco de 17 ml.;29.18;29,18 €;521
5490;93516;JERINGA PARA ELASTÓMEROS;Stabyl;IMPRESIÓN;Jeringa para elastómeros: Jeringa;;259.0;259,00 €;521
5491;93517;JERINGA PARA ELASTÓMEROS;Stabyl;IMPRESIÓN;Boquilla Metal para Jeringa;;56.93;56,93 €;521
5492;93518;JERINGA PARA ELASTÓMEROS;Stabyl;IMPRESIÓN;Boquilla Metal especial Polieter;;56.93;56,93 €;521
5493;59001;IMPREGUM PENTA SUPER QUICK MEDIUM BODY;Solventum (3M);IMPRESIÓN;;"2 x base de 300 ml.;";338.31;338,31 €;522
5494;59002;IMPREGUM PENTA SUPER QUICK BODY PACK AHORRO;Solventum (3M);IMPRESIÓN;;6 x base de 300 ml,;914.05;914,05 €;522
5495;59003;IMPREGUM PENTA SUPER BODY;Solventum (3M);IMPRESIÓN;;4 cartuchos de 6 x catalizador de 60 ml. moradas y 5 puntas de mezcla Garant;338.31;338,31 €;522
5496;59008;PUNTAS DE MEZCLA GARANT MORADAS;Solventum (3M);IMPRESIÓN;50 uds.;;166.0;166,00 €;522
5497;59012;IMPREGUM PENTA SUPER QUICK HEAVY BODY;Solventum (3M);IMPRESIÓN;;2 bases x 300 ml.;338.31;338,31 €;522
5498;59013;CARTUCHO VACÍO IMPREGUM PENTA SUPER QUICK HEAVY BODY;Solventum (3M);IMPRESIÓN;;;65.56;65,56 €;522
5499;45423;IMPREGUM PENTA INTRODUCCIÓN;Solventum (3M);IMPRESIÓN;1 x Base tubular de 300 ml.,;;261.84;261,84 €;524
5500;4543;IMPREGUM PENTA INTRODUCCIÓN;Solventum (3M);IMPRESIÓN;2 x 300 ml. Base Tubular +;;324.46;324,46 €;524
5501;4545;IMPREGUM PENTA INTRODUCCIÓN;Solventum (3M);IMPRESIÓN;;Más fácil de retirar;330.62;330,62 €;524
5502;45783;IMPREGUM PENTA INTRODUCCIÓN;Solventum (3M);IMPRESIÓN;Estuche Introducción: 1 x Base;Más fácil de retirar;261.67;261,67 €;524
5503;4579;IMPREGUM PENTA INTRODUCCIÓN;Solventum (3M);IMPRESIÓN;2 x 300 ml. Base Tubular;Más fácil de retirar;327.25;327,25 €;524
5504;58853;IMPREGUM PENTA INTRODUCCIÓN;Solventum (3M);IMPRESIÓN;Estuche Introducción;;264.21;264,21 €;524
5505;5886;IMPREGUM PENTA INTRODUCCIÓN;Solventum (3M);IMPRESIÓN;2 x 300 ml. Base Tubular;;324.46;324,46 €;524
5506;5887;IMPREGUM PENTA INTRODUCCIÓN;Solventum (3M);IMPRESIÓN;2 x 300 ml. Base Tubular;Más fácil de retirar;324.46;324,46 €;524
5507;5888;PERMADYNE PENTA H ENVASE NORMAL;Solventum (3M);IMPRESIÓN;2 x 300 ml. Base Tubular;2 x 300 ml. Base;261.67;261,67 €;524
5508;5900;PERMADYNE PENTA H ENVASE NORMAL;Solventum (3M);IMPRESIÓN;1 x 300 ml. Base;2 x 300 ml. Base;327.25;327,25 €;524
5509;0350;BARRAS ROJAS;Kerr;IMPRESIÓN;;15 barras. Para juntas periféricas.;23.44;23,44 €;525
5510;0351;BARRAS ROJAS;Kerr;IMPRESIÓN;;15 barras. Para r egistro mordida.;35.38;35,38 €;525
5511;2128;PLANCHAS ROJAS-ALTA FUSIÓN;Hoffmann;IMPRESIÓN;;6 Planchas circulares. eugenol de óxido de zinc indicado para de impresión individuales para la pos- completas y fijaciones temporales de;17.95;17,95 €;525
5512;2131;CAVEX OUTLINE SIN EUGENOL;Cavex;IMPRESIÓN;;Base + catalizador;22.15;22,15 €;525
5513;63507;BARRAS ROJAS;Kerr;IMPRESIÓN;Red COMP cakes PKG;15 barras. Para r egistro mordida.;35.38;35,38 €;525
5514;7661;BARRAS VERDES-BAJA FUSIÓN;Hoffmann;IMPRESIÓN;;12 Barras.;23.44;23,44 €;525
5515;96043;REPIN;Pentron;IMPRESIÓN;;1 tubo de 300 g pasta + 1 tubo de 125 g;19.24;19,24 €;525
5516;01148;YESO ORTODONCIA;Proclinic;IMPRESIÓN;5 kg.;Extrablanco. Yeso duro tipo III para Desde la realización de modelos de ortodoncia. Desde;47.61;47,61 €;526
5517;01149;YESO NATURAL DURÍSIMO;Proclinic;IMPRESIÓN;;Yeso extra duro rock tipo IV. Para muñones y otros trabajos de precisión. Color Dorado.;42.09;42,09 €;526
5518;0160;YESO DURO TIPO IV;Proclinic;IMPRESIÓN;4 kg.;Yeso para esqueléticos de tipo IV. Para la realización de modelos en protésis esqueléticos y prótesis removible.;40.81;40,81 €;526
5519;0199;YESO ORTODONCIA;Proclinic;IMPRESIÓN;Caja 25 kg.;Extrablanco. Yeso duro tipo III para Desde la realización de modelos de ortodoncia. Desde;111.38;111,38 €;526
5520;H62010;YESO DURO TIPO IV;Proclinic;IMPRESIÓN;Caja 25 kg.;Yeso para esqueléticos de tipo IV. Para la realización de modelos en protésis esqueléticos y prótesis removible.;120.45;120,45 €;526
5521;H62011;YESO NATURAL DURO TIPO III;Proclinic;IMPRESIÓN;Amarillo. Caja de 25 Kg.;Yeso especial natural tipo III para prótesis removible. Desde;79.2;79,20 €;526
5522;H62012;YESO NATURAL DURO TIPO III;Proclinic;IMPRESIÓN;Azul. Caja de 25 Kg.;Yeso especial natural tipo III para prótesis removible. Desde;79.2;79,20 €;526
5523;H62013;YESO NATURAL DURO TIPO III;Proclinic;IMPRESIÓN;Rosa. Caja de 25 Kg;Yeso especial natural tipo III para prótesis removible. Desde;79.2;79,20 €;526
5524;H62027;YESO NATURAL DURO TIPO III;Proclinic;IMPRESIÓN;Amarillo 5 Kg.;Yeso especial natural tipo III para prótesis removible. Desde;25.77;25,77 €;526
5525;H62028;YESO NATURAL DURO TIPO III;Proclinic;IMPRESIÓN;Azul 5 Kg.;Yeso especial natural tipo III para prótesis removible. Desde;25.77;25,77 €;526
5526;H62029;YESO NATURAL DURO TIPO III;Proclinic;IMPRESIÓN;Rosa 5 Kg.;Yeso especial natural tipo III para prótesis removible. Desde;42.09;42,09 €;526
5527;H32020;EXTRADURO TIPO IV;Proclinic;IMPRESIÓN;Marrón dorado. Bidón 18 Kg.;Yeso natural extraduro;140.41;140,41 €;527
5528;H62017;NATURAL DURO;Proclinic;IMPRESIÓN;Marfil. Bidón 6 Kg.;Yeso para esqueléticos P ara la realización de modelos esqueléticos y prótesis;38.99;38,99 €;527
5529;H62018;NATURAL DURO;Proclinic;IMPRESIÓN;Marfil. Bidón 25 Kg.;Yeso para esqueléticos P ara la realización de modelos esqueléticos y prótesis;123.91;123,91 €;527
5530;H62020;EXTRADURO TIPO IV;Proclinic;IMPRESIÓN;Gris. Bidón 6 Kg.;Yeso natural extraduro;42.04;42,04 €;527
5531;H62025;EXTRABLANCO ORTODONCIA;Proclinic;IMPRESIÓN;Bidón 6 Kg.;Escayolas para ortodoncia. Tipo IV.;62.7;62,70 €;527
5532;H62030;YESO BÁSICO TIPO III;Proclinic;IMPRESIÓN;Caja de 25 Kg.;Verde. Tipo III.;68.28;68,28 €;527
5533;0333;VEL-MIX STONE;Kerr;IMPRESIÓN;Lata de 6 Kg. Rosa.;Yeso tipo IV;66.13;66,13 €;528
5534;0335;VEL-MIX STONE;Kerr;IMPRESIÓN;Envase de 25 Kg. Rosa.;Yeso tipo IV;166.25;166,25 €;528
5535;03355;VEL-MIX STONE;Kerr;IMPRESIÓN;Envase de 25 Kg. Blanco.;Yeso tipo IV;166.25;166,25 €;528
5536;25660;YESO DURO ROSA BESTDENT;Bestdent;IMPRESIÓN;Yeso Duro Tipo IV. 6 Kg.;Azul. Envase de 20 Kg. Tipo III colocación permiten;44.53;44,53 €;528
5537;25661;YESO DURO ROSA BESTDENT;Bestdent;IMPRESIÓN;Yeso Duro Tipo IV. Caja 25;Azul. Envase de 20 Kg. Tipo III colocación permiten;90.98;90,98 €;528
5538;4325;SHERA ALPIN;Shera;IMPRESIÓN;;Azul. Envase de 20 Kg. Tipo III colocación permiten;91.5;91,50 €;528
5539;4349;KIMBERLIT EXTRADURO;Protechno;IMPRESIÓN;;Dorado . Envase;82.0;82,00 €;528
5540;4373;YESO ORTOGUIX ECO-PACK;Protechno;IMPRESIÓN;6 bolsas x 2 kg.;Extrablanco.;57.4;57,40 €;528
5541;H00095;KIMBERLIT EXTRADURO;Protechno;IMPRESIÓN;Bidón de 18 Kg.;Dorado . Envase;71.9;71,90 €;528
5542;H00099;RUBINIT ESCAYOLA;Pr otechno;IMPRESIÓN;Bidón 18 Kg.;Color Rosa. Tipo;71.9;71,90 €;528
5543;H00121;YESO ORTOGUIX ECO-PACK;Protechno;IMPRESIÓN;Bidón 18 kg.;Extrablanco.;83.0;83,00 €;528
5544;0334;SNOW-WHITE - PLASTER;Kerr;IMPRESIÓN;4 Kg;Extrablanco. Fraguado rápido;47.46;47,46 €;529
5545;0337;SNOW-WHITE - PLASTER;Kerr;IMPRESIÓN;18 Kg;Extrablanco. Fraguado rápido;124.34;124,34 €;529
5546;4175;NORITAKE EXTRADURO;Noritake;IMPRESIÓN;;3 Kg. Clase IV.;47.68;47,68 €;529
5547;45201;FUJI-ROCK;GC.;IMPRESIÓN;Bidón 5 kg. Golden brown;Tipo IV/4.;56.75;56,75 €;529
5548;H00125;YESO ORTODONCIA EXTRADURO;Leone;IMPRESIÓN;Bidón 5 Kg.;Color blanco. Tipo óptima textura de superficie, ya sea;35.45;35,45 €;529
5549;H00127;YESO ORTODONCIA EXTRADURO;Leone;IMPRESIÓN;Bidón 25 Kg.;Color blanco. Tipo óptima textura de superficie, ya sea;107.82;107,82 €;529
5550;H00486;FUJI-ROCK;GC.;IMPRESIÓN;Bidón 12 kg. Golden brown;Tipo IV/4.;109.1;109,10 €;529
5551;H00496;FUJI-ROCK;GC.;IMPRESIÓN;Bidón 5 kg. Topaz beige;Tipo IV/4.;62.55;62,55 €;529
5552;H00516;FUJIROCK EP PREMIUM;G.C.;IMPRESIÓN;Bidón 4 kg. Pastel Yellow;Tipo IV.;51.15;51,15 €;529
5553;H00517;FUJIROCK EP PREMIUM;G.C.;IMPRESIÓN;Bidón 11 kg. Pastel Yellow;Tipo IV.;111.35;111,35 €;529
5554;H00518;FUJIROCK EP PREMIUM;G.C.;IMPRESIÓN;Bidón 4 kg. Polar White;Tipo IV.;51.15;51,15 €;529
5555;H00519;FUJIROCK EP PREMIUM;G.C.;IMPRESIÓN;Bidón 4 kg. Inca Brown;Tipo IV.;51.15;51,15 €;529
5556;H00520;FUJIROCK EP PREMIUM;G.C.;IMPRESIÓN;Bidón 4 kg. Titan grey;Tipo IV.;51.15;51,15 €;529
5557;4296;HILO ULTRAPAK;Ultradent;IMPRESIÓN;N. 2 verde;Envase con 244 cm.;19.7;19,70 €;530
5558;78287;HILO RETRACTOR TEJIDO;Proclinic;IMPRESIÓN;Nº 000;;18.79;18,79 €;530
5559;78288;HILO RETRACTOR TEJIDO;Proclinic;IMPRESIÓN;Nº 00;;18.54;18,54 €;530
5560;78289;HILO RETRACTOR TEJIDO;Proclinic;IMPRESIÓN;Nº 0;;17.54;17,54 €;530
5561;78290;HILO RETRACTOR TEJIDO;Proclinic;IMPRESIÓN;Nº 1;;17.54;17,54 €;530
5562;78291;HILO RETRACTOR TEJIDO;Bestdent;IMPRESIÓN;Nº000 – Grosor: 0.3 mm.;Longitud de hilo: 254 cm.;18.23;18,23 €;530
5563;78292;HILO RETRACTOR TEJIDO;Bestdent;IMPRESIÓN;Nº00 – Grosor: 0.5 mm.;Longitud de hilo: 254 cm.;16.61;16,61 €;530
5564;78293;HILO RETRACTOR TEJIDO;Bestdent;IMPRESIÓN;Nº0 – Grosor: 0.7 mm.;Longitud de hilo: 254 cm.;15.94;15,94 €;530
5565;78294;HILO RETRACTOR TEJIDO;Bestdent;IMPRESIÓN;Nº1 – Grosor: 0.8 mm.;Longitud de hilo: 254 cm.;15.94;15,94 €;530
5566;78295;HILO RETRACTOR TEJIDO;Proclinic;IMPRESIÓN;Nº 2;;18.79;18,79 €;530
5567;96560;HILO ULTRAPAK;Ultradent;IMPRESIÓN;N. 000 negro;Envase con 244 cm.;24.0;24,00 €;530
5568;96561;HILO ULTRAPAK;Ultradent;IMPRESIÓN;N. 00 amarillo;Envase con 244 cm.;21.1;21,10 €;530
5569;96562;HILO ULTRAPAK;Ultradent;IMPRESIÓN;N. 0 violeta;Envase con 244 cm.;19.7;19,70 €;530
5570;96563;HILO ULTRAPAK;Ultradent;IMPRESIÓN;N. 1 azul;Envase con 244 cm.;19.7;19,70 €;530
5571;98729;HILO ULTRAPAK;Ultradent;IMPRESIÓN;N. 3 rojo;Envase con 244 cm.;19.7;19,70 €;530
5572;1923;RACESTYPTINE LÍQUIDO;Septodont;IMPRESIÓN;;Cloruro de Aluminio. 13 ml.;43.0;43,00 €;531
5573;4182;STAY PUT;Roeko;IMPRESIÓN;Fino Nº 1;Hilo de algodón de alambre ultrafino.Se y no se mueve Sin impregnar. 183;22.57;22,57 €;531
5574;4183;STAY PUT;Roeko;IMPRESIÓN;Medio Nº 2;Hilo de algodón de alambre ultrafino.Se y no se mueve Sin impregnar. 183;22.57;22,57 €;531
5575;4184;STAY PUT;Roeko;IMPRESIÓN;Grueso Nº 3;Hilo de algodón de alambre ultrafino.Se y no se mueve Sin impregnar. 183;22.57;22,57 €;531
5576;4200;STAY PUT;Roeko;IMPRESIÓN;Xfino Nº 0;Hilo de algodón de alambre ultrafino.Se y no se mueve Sin impregnar. 183;22.57;22,57 €;531
5577;63731;HILO RETRACTOR IMPREGNADO;Maison Dentaire;IMPRESIÓN;;;32.1;32,10 €;531
5578;10006;VISCOSTAT CLEAR;Ultradent;IMPRESIÓN;Tips Dento-Infusor Metal (20 uds.);;19.7;19,70 €;532
5579;4291;VISCOSTAT;Ultradent;IMPRESIÓN;Viscostat reposición 30 ml.;;70.5;70,50 €;532
5580;5587;LÍQUIDO ALUSOL;Dentaflux;IMPRESIÓN;;20 ml. Cloruro;17.76;17,76 €;532
5581;59550;VISCOSTAT CLEAR;Ultradent;IMPRESIÓN;Tips Dento-Infusor Metal (100;;84.7;84,70 €;532
5582;7676;HEMOCOR;Dentaflux;IMPRESIÓN;;Hemocor. 20 ml.;22.08;22,08 €;532
5583;98632;ASTRINGEDENT;Ultradent;IMPRESIÓN;;Astrigedent Bote;70.5;70,50 €;532
5584;98979;VISCOSTAT CLEAR;Ultradent;IMPRESIÓN;Viscostat Clear reposición 30ml.;;73.1;73,10 €;532
5585;1931;EXPASYL CÁPSULAS;Acteon;IMPRESIÓN;20 unidades.;;251.3;251,30 €;533
5586;1961;EXPASYL CÁPSULAS;Acteon;IMPRESIÓN;40 uds.;Serrado. Para colocar 1 ud.;79.2;79,20 €;533
5587;1989;EXPASYL CÁPSULAS;Acteon;IMPRESIÓN;100 uds.;;139.4;139,40 €;533
5588;80547;INSTRUMENTO PARA HILO RETRACTOR;Bestdent;IMPRESIÓN;;;19.93;19,93 €;533
5589;98411;INSTRUMENTO FISCHER;Ultradent;IMPRESIÓN;Normal;Serrado. Para colocar 1 ud.;50.7;50,70 €;533
5590;99925;INSTRUMENTO FISCHER;Ultradent;IMPRESIÓN;Pequeño;Serrado. Para colocar 1 ud.;50.7;50,70 €;533
5591;19019;RACEGEL;Septodont;IMPRESIÓN;3 Jeringas x 1,4 g.+ 20 puntas.;Cápsulas de 0,3 gr;123.0;123,00 €;534
5592;48810;PASTA DE RETRACCIÓN;Voco;IMPRESIÓN;25 unidades;Cápsulas de 0,3 gr;79.1;79,10 €;534
5593;48811;PASTA DE RETRACCIÓN;Voco;IMPRESIÓN;100 unidades;Cápsulas de 0,3 gr;237.3;237,30 €;534
5594;73207;EXPASYL EXACT;Acteon;IMPRESIÓN;50 cápsulas;Cápsulas de 0,3 gr;361.15;361,15 €;534
5595;73208;EXPASYL EXACT;Acteon;IMPRESIÓN;20 cápsulas;Cápsulas de 0,3 gr;159.34;159,34 €;534
5596;74955;Produto Dentário;;IMPRESIÓN;;Ref.;90.01;90,01 €;534
5597;74956;Produto Dentário;;IMPRESIÓN;;Ref.;90.01;90,01 €;534
5598;2147;COMPRECAP;Roeko;IMPRESIÓN;;Aprietatubos para aprovechar la acumulables a las ofertas mensuales totalidad del producto. sobre PVP. Consulta condiciones.;22.36;22,36 €;535
5599;24935;RETRAXIL;Kulzer;IMPRESIÓN;Starter Kit;4 jeringas x 1 gr + 2 dispositivos de enrosque + 20 cánulas;71.8;71,80 €;535
5600;24936;RETRAXIL;Kulzer;IMPRESIÓN;Value Pack;20 jeringas x 1 gr + 10 dispositivos de enrosque + 100 cánulas;256.0;256,00 €;535
5601;24937;RETRAXIL;Kulzer;IMPRESIÓN;Dispositivos de enrosque (20 uds);20 jeringas x 1 gr + 10 dispositivos de enrosque + 100 cánulas;25.1;25,10 €;535
5602;24938;RETRAXIL;Kulzer;IMPRESIÓN;Cánulas (100 uds);20 jeringas x 1 gr + 10 dispositivos de enrosque + 100 cánulas;113.8;113,80 €;535
5603;6523;COMPRECAP;Roeko;IMPRESIÓN;N. 3 (010 mm)- 120 uds.;;27.78;27,78 €;535
5604;6524;COMPRECAP;Roeko;IMPRESIÓN;N. 5 (014 mm)- 60 uds.;Aprietatubos para aprovechar la acumulables a las ofertas mensuales totalidad del producto. sobre PVP. Consulta condiciones.;23.42;23,42 €;535
5605;0176;CERAS;Proclinic Desde;IMPRESIÓN;Cera modelar rosa. 450 gr.;;17.8;17,80 €;536
5606;01762;CERAS;Proclinic Desde;IMPRESIÓN;Cera modelar rosa, climas cálidos. 450 gr.;;17.8;17,80 €;536
5607;2048;PAPEL DE MEZCLA GRANDE;MGK;IMPRESIÓN;;Tamaño: 19 x 12;7.66;7,66 €;536
5608;H20802;CERAS;Proclinic Desde;IMPRESIÓN;Cera rosa modelar, climas cálidos 2.500 gr.;;53.9;53,90 €;536
5609;H20812;CERAS;Proclinic Desde;IMPRESIÓN;Cera modelar rosa 2.500 gr.;;53.9;53,90 €;536
5610;2014;CERA ROSA MODELAR PLANCHAS;Reus;IMPRESIÓN;;Rectangular. 450;20.03;20,03 €;537
5611;2015;CERA ARTICULAR AMARILLA;Reus;IMPRESIÓN;;Cuadrada, 4 mm. 10 planchas de 4;19.18;19,18 €;537
5612;60150;CERA ROSA MODELAR PLANCHAS;Bestdent;IMPRESIÓN;Normal.;20 planchas.;12.6;12,60 €;537
5613;601501;CERA ARTICULAR ROSA DURA;Bestdent;IMPRESIÓN;;20 planchas (450;15.22;15,22 €;537
5614;60151;CERA ROSA MODELAR PLANCHAS;Bestdent;IMPRESIÓN;Clima cálido.;20 planchas.;12.6;12,60 €;537
5615;60152;CERA ROSA MODELAR PLANCHAS;Bestdent;IMPRESIÓN;;500 gr.;14.76;14,76 €;537
5616;H01032;CERA ROSA MODELAR PLANCHAS;Reus;IMPRESIÓN;Caja de 2,5 kg.;Rectangular. 450;69.27;69,27 €;537
5617;H01033;CERA ROSA MODELAR PLANCHAS;Reus;IMPRESIÓN;Caja de 2,5 kg.;Rectangular. 450;69.27;69,27 €;537
5618;H20012;CERA ARTICULAR EN ARCADA;Proclinic;IMPRESIÓN;Amarilla-suave;Cera preformada en forma de arcada, acorta el tiempo para realizar los registros de mordida. Cuentan con un canal anatómico para un encerado fácil. Disponible en 2 durezas.;19.0;19,00 €;537
5619;H20014;CERA ARTICULAR EN ARCADA;Proclinic;IMPRESIÓN;Roja-media;Cera preformada en forma de arcada, acorta el tiempo para realizar los registros de mordida. Cuentan con un canal anatómico para un encerado fácil. Disponible en 2 durezas.;19.0;19,00 €;537
5620;H20810;CERA ARTICULAR BARRAS;Proclinic;IMPRESIÓN;;500 gr.;15.22;15,22 €;537
5621;H20814;CERA ARTICULAR BARRAS;Proclinic;IMPRESIÓN;Amarillas;500 gr.;15.22;15,22 €;537
5622;1730;SQUARE WAX ROPES (BARRAS;Hygenic;IMPRESIÓN;;44 barras. Utility.;24.39;24,39 €;538
5623;1734;BITE WAFERS (AZUL LAMINADA);Hygenic;IMPRESIÓN;;24 planchas en forma de arcada. altas. Sus características son punto de fusión superior, una rigidez;36.96;36,96 €;538
5624;2011;CERA ARTICULAR AMARILLA;Reus;IMPRESIÓN;;50 barras de 1 Necesita calentarse;24.39;24,39 €;538
5625;63580;CERA BOXING WAX REGULAR;Hygenic;IMPRESIÓN;;450 gr.;63.5;63,50 €;538
5626;6814;CERA ARTICULAR AMARILLA;Reus;IMPRESIÓN;;50 barras de 1 Necesita calentarse;20.03;20,03 €;538
5627;6815;SQUARE WAX ROPES (BARRAS;Hygenic;IMPRESIÓN;;44 barras. Utility.;23.97;23,97 €;538
5628;6816;CERA BOXING WAX REGULAR;Hygenic;IMPRESIÓN;;450 gr.;30.66;30,66 €;538
5629;0710;CUCHILLO DE CERA 1435;Carl Martin;IMPRESIÓN;;Pequeño, mango;21.8;21,80 €;539
5630;0768;ESPÁTULA DE CERA LE CRON;Carl Martin;IMPRESIÓN;;Grande, mang o madera.;21.8;21,80 €;539
5631;4980;CUCHILLO DE CERA 5200-2;Asa;IMPRESIÓN;;Grande, mang o madera.;25.9;25,90 €;539
5632;83175;ALMINAX WAX;KEMDENT;IMPRESIÓN;;250 g (10 planchas);15.99;15,99 €;539
5633;83176;ALMINAX WAFERS;KEMDENT;IMPRESIÓN;;20 unidades;15.99;15,99 €;539
5634;0828;CUBETAS PARCIALES IZQUIERDA;Hager & Werken;IMPRESIÓN;;2 unidades. acero ahora!;33.79;33,79 €;542
5635;74560;CUBETAS PARCIALES PERFORADAS;G.C.;IMPRESIÓN;Nº30 Superior Izq. Inferior Derecho;2 unidades. acero ahora!;35.35;35,35 €;542
5636;74561;CUBETAS PARCIALES PERFORADAS;G.C.;IMPRESIÓN;Nº31 Sup.Derecho, Inf. Izquierdo;2 unidades. acero ahora!;35.35;35,35 €;542
5637;4901;ESTUCHE;;IMPRESIÓN;;;176.45;176,45 €;543
5638;4906;ESTUCHE;;IMPRESIÓN;;;19.62;19,62 €;543
5639;4907;ESTUCHE;;IMPRESIÓN;L3;;19.62;19,62 €;543
5640;4908;ESTUCHE;;IMPRESIÓN;;;19.62;19,62 €;543
5641;4909;ESTUCHE;;IMPRESIÓN;L4;;19.62;19,62 €;543
5642;4910;ESTUCHE;;IMPRESIÓN;;;19.62;19,62 €;543
5643;4911;ESTUCHE;;IMPRESIÓN;L5;;19.62;19,62 €;543
5644;4983;ESTUCHE;;IMPRESIÓN;;;102.04;102,04 €;543
5645;4984;REPOSICIÓN Superiores;;IMPRESIÓN;;;19.62;19,62 €;543
5646;4985;ASA Inferiores;;IMPRESIÓN;L2;;19.62;19,62 €;543
5647;4986;ASA Inferiores;;IMPRESIÓN;L2;;11.8;11,80 €;543
5648;4987;ASA Inferiores;;IMPRESIÓN;;;11.8;11,80 €;543
5649;59390;PERFORADA Inferiores;;IMPRESIÓN;;;11.8;11,80 €;543
5650;59391;PERFORADA Inferiores;;IMPRESIÓN;L3;;11.8;11,80 €;543
5651;59392;PERFORADA Inferiores;;IMPRESIÓN;L4;;11.8;11,80 €;543
5652;59393;PERFORADA Inferiores;;IMPRESIÓN;;;11.8;11,80 €;543
5653;59394;PERFORADA Inferiores;;IMPRESIÓN;;;11.8;11,80 €;543
5654;59395;PERFORADA Inferiores;;IMPRESIÓN;L1;;11.8;11,80 €;543
5655;59396;PERFORADA Inferiores;;IMPRESIÓN;L5;;11.8;11,80 €;543
5656;59397;REPOSICIÓN Superiores;;IMPRESIÓN;L6;;11.8;11,80 €;543
5657;59398;REPOSICIÓN Superiores;;IMPRESIÓN;;;11.8;11,80 €;543
5658;59399;REPOSICIÓN Superiores;;IMPRESIÓN;;;11.8;11,80 €;543
5659;80200;CON;Bestdent;IMPRESIÓN;;;11.8;11,80 €;543
5660;80223;REPOSICIÓN CUBETAS;Bestdent;IMPRESIÓN;;1 unidad. Lisa Perforada;110.7;110,70 €;543
5661;80259;REPOSICIÓN CUBETAS;Bestdent;IMPRESIÓN;;;16.75;16,75 €;543
5662;80260;REPOSICIÓN CUBETAS;Bestdent;IMPRESIÓN;;;16.75;16,75 €;543
5663;80264;REPOSICIÓN CUBETAS;Bestdent;IMPRESIÓN;;;125.63;125,63 €;543
5664;80265;REPOSICIÓN CUBETAS;Bestdent;IMPRESIÓN;;;125.63;125,63 €;543
5665;80266;REPOSICIÓN CUBETAS;Bestdent;IMPRESIÓN;;;16.75;16,75 €;543
5666;80267;REPOSICIÓN CUBETAS;Bestdent;IMPRESIÓN;;;16.75;16,75 €;543
5667;16073;CUBETA MIRATRAY 3 EN 1;Hager & Werken;IMPRESIÓN;Cuadrante - Amarilla (36 uds.);10 unidades. Con Superiores;21.7;21,70 €;544
5668;16074;CUBETA MIRATRAY 3 EN 1;Hager & Werken;IMPRESIÓN;Anterior - Púrpura (32 uds.);10 unidades. Con Superiores;49.62;49,62 €;544
5669;16075;CUBETA MIRATRAY 3 EN 1;Hager & Werken;IMPRESIÓN;Arcada Completa - Azul (28 uds.);10 unidades. Con Superiores;49.62;49,62 €;544
5670;38310;CUBETAS PRESIDENT;Coltene;IMPRESIÓN;G Nº1;Plástico rígido transparente.Con que las hacen rígidas como las metálicas. Para todo tipo de materiales. 12 uds. Superiores;21.7;21,70 €;544
5671;38320;CUBETAS PRESIDENT;Coltene;IMPRESIÓN;G Nº2;Plástico rígido transparente.Con que las hacen rígidas como las metálicas. Para todo tipo de materiales. 12 uds. Superiores;25.16;25,16 €;544
5672;38330;CUBETAS PRESIDENT;Coltene;IMPRESIÓN;M Nº3;Plástico rígido transparente.Con que las hacen rígidas como las metálicas. Para todo tipo de materiales. 12 uds. Superiores;21.7;21,70 €;544
5673;38340;CUBETAS PRESIDENT;Coltene;IMPRESIÓN;M Nº4;Plástico rígido transparente.Con que las hacen rígidas como las metálicas. Para todo tipo de materiales. 12 uds. Superiores;25.16;25,16 €;544
5674;38350;CUBETAS PRESIDENT;Coltene;IMPRESIÓN;P Nº5;Plástico rígido transparente.Con que las hacen rígidas como las metálicas. Para todo tipo de materiales. 12 uds. Superiores;21.7;21,70 €;544
5675;38360;CUBETAS PRESIDENT;Coltene;IMPRESIÓN;P Nº6;Plástico rígido transparente.Con que las hacen rígidas como las metálicas. Para todo tipo de materiales. 12 uds. Superiores;21.7;21,70 €;544
5676;38370;CUBETAS PRESIDENT;Coltene;IMPRESIÓN;PARCIAL: S-Izda / I-Dcha - Nº;Plástico rígido transparente.Con que las hacen rígidas como las metálicas. Para todo tipo de materiales. 12 uds. Superiores;21.7;21,70 €;544
5677;38380;CUBETAS PRESIDENT;Coltene;IMPRESIÓN;PARCIAL: S-Dcha / I-Izda - Nº;Plástico rígido transparente.Con que las hacen rígidas como las metálicas. Para todo tipo de materiales. 12 uds. Superiores;21.7;21,70 €;544
5678;38390;CUBETAS PRESIDENT;Coltene;IMPRESIÓN;ANTERIOR - Nº9;Plástico rígido transparente.Con que las hacen rígidas como las metálicas. Para todo tipo de materiales. 12 uds. Superiores;25.16;25,16 €;544
5679;39020;CUBETAS DE IMPRESIÓN;Solventum (3M);IMPRESIÓN;S;10 unidades. Con Superiores;25.16;25,16 €;544
5680;39030;CUBETAS DE IMPRESIÓN;Solventum (3M);IMPRESIÓN;M;10 unidades. Con Superiores;25.16;25,16 €;544
5681;39040;CUBETAS DE IMPRESIÓN;Solventum (3M);IMPRESIÓN;L;10 unidades. Con Superiores;25.16;25,16 €;544
5682;39050;CUBETAS DE IMPRESIÓN;Solventum (3M);IMPRESIÓN;S;10 unidades. Con Superiores;25.16;25,16 €;544
5683;39060;CUBETAS DE IMPRESIÓN;Solventum (3M);IMPRESIÓN;M;10 unidades. Con Superiores;25.16;25,16 €;544
5684;39070;CUBETAS DE IMPRESIÓN;Solventum (3M);IMPRESIÓN;L;10 unidades. Con Superiores;25.16;25,16 €;544
5685;4350;CUBETA DE NÍQUEL PARA;G.C;IMPRESIÓN;7;1 unidad. Con reborde.;35.35;35,35 €;544
5686;4351;CUBETA DE NÍQUEL PARA;G.C;IMPRESIÓN;9;1 unidad. Con reborde.;35.35;35,35 €;544
5687;4352;CUBETA DE NÍQUEL PARA;G.C;IMPRESIÓN;14;1 unidad. Con reborde.;35.35;35,35 €;544
5688;4353;CUBETA DE NÍQUEL PARA;G.C;IMPRESIÓN;22;1 unidad. Con reborde.;35.35;35,35 €;544
5689;4354;CUBETA DE NÍQUEL PARA;G.C;IMPRESIÓN;24;1 unidad. Con reborde.;35.35;35,35 €;544
5690;4355;CUBETA DE NÍQUEL PARA;G.C;IMPRESIÓN;28;1 unidad. Con reborde.;35.35;35,35 €;544
5691;4625;CUBETAS COE SPACER;G.C.;IMPRESIÓN;G 1D Superiores;12 uds .;24.13;24,13 €;544
5692;4626;CUBETAS COE SPACER;G.C.;IMPRESIÓN;M 4D Superiores;12 uds .;24.13;24,13 €;544
5693;4627;CUBETAS COE SPACER;G.C.;IMPRESIÓN;;12 uds .;24.13;24,13 €;544
5694;4628;CUBETAS COE SPACER;G.C.;IMPRESIÓN;G 20 D Inferiores;12 uds .;7.61;7,61 €;544
5695;4629;CUBETAS COE SPACER;G.C.;IMPRESIÓN;M 21 D Inferiores;12 uds .;7.61;7,61 €;544
5696;4630;CUBETAS COE SPACER;G.C.;IMPRESIÓN;P 22 D Inferiores;12 uds .;7.61;7,61 €;544
5697;4631;CUBETAS COE SPACER;G.C.;IMPRESIÓN;Parcial dcha.-sup./izq.-inf.;12 uds .;7.61;7,61 €;544
5698;4632;CUBETAS COE SPACER;G.C.;IMPRESIÓN;Parcial izq.-sup./dcha.-Inf.;12 uds .;7.61;7,61 €;544
5699;4633;CUBETAS COE SPACER;G.C.;IMPRESIÓN;Anterior - 32 D;12 uds .;7.61;7,61 €;544
5700;54537;CUBETAS DE PLÁSTICO;Bestdent;IMPRESIÓN;Superiores grandes;Un solo uso. Bolsa Color azul.;7.61;7,61 €;544
5701;54538;CUBETAS DE PLÁSTICO;Bestdent;IMPRESIÓN;Inferiores grandes;Un solo uso. Bolsa Color azul.;7.61;7,61 €;544
5702;54539;CUBETAS DE PLÁSTICO;Bestdent;IMPRESIÓN;Superiores medianas;Un solo uso. Bolsa Color azul.;7.61;7,61 €;544
5703;54540;CUBETAS DE PLÁSTICO;Bestdent;IMPRESIÓN;Inferiores medianas;Un solo uso. Bolsa Color azul.;7.61;7,61 €;544
5704;54541;CUBETAS DE PLÁSTICO;Bestdent;IMPRESIÓN;Superiores pequeñas;Un solo uso. Bolsa Color azul.;35.35;35,35 €;544
5705;54542;CUBETAS DE PLÁSTICO;Bestdent;IMPRESIÓN;Inferiores pequeñas;Un solo uso. Bolsa Color azul.;35.35;35,35 €;544
5706;54543;CUBETAS DE PLÁSTICO;Bestdent;IMPRESIÓN;parciales sup.izda./inf.dcha;Un solo uso. Bolsa Color azul.;35.35;35,35 €;544
5707;54544;CUBETAS DE PLÁSTICO;Bestdent;IMPRESIÓN;Parciales sup.der./inf.izda;Un solo uso. Bolsa Color azul.;7.61;7,61 €;544
5708;54545;CUBETAS DE PLÁSTICO;Bestdent;IMPRESIÓN;Anteriores;Un solo uso. Bolsa Color azul.;7.61;7,61 €;544
5709;0816;CUBETAS DE PLÁSTICO MIRATRAY “UN USO”;Hager & Werken;IMPRESIÓN;Surtido 50 uds.;Perforadas. Esterilizables. Termomoldeables. Mango angulado.;36.67;36,67 €;545
5710;0824;CUBETAS DE PLÁSTICO MINITRAY;Hager & Werken;IMPRESIÓN;;Caja de 50 uds. Perforadas. Para Manipulación con;31.99;31,99 €;545
5711;08240;CUBETAS DE PLÁSTICO MIRATRAY “UN USO”;Hager & Werken;IMPRESIÓN;S3 50 uds.;Perforadas. Esterilizables. Termomoldeables. Mango angulado.;36.67;36,67 €;545
5712;08241;CUBETAS DE PLÁSTICO MIRATRAY “UN USO”;Hager & Werken;IMPRESIÓN;S2 50 uds.;Perforadas. Esterilizables. Termomoldeables. Mango angulado.;36.67;36,67 €;545
5713;18754;CUBETAS DE PLÁSTICO MIRATRAY “UN USO”;Hager & Werken;IMPRESIÓN;I2 50 uds.;Perforadas. Esterilizables. Termomoldeables. Mango angulado.;36.67;36,67 €;545
5714;18755;CUBETAS DE PLÁSTICO MIRATRAY “UN USO”;Hager & Werken;IMPRESIÓN;I3 50 uds.;Perforadas. Esterilizables. Termomoldeables. Mango angulado.;36.67;36,67 €;545
5715;52594;CUBETAS DE PLÁSTICO MIRATRAY “UN USO”;Hager & Werken;IMPRESIÓN;Surtido Parciales. 100 uds.;Perforadas. Esterilizables. Termomoldeables. Mango angulado.;82.71;82,71 €;545
5716;53593;CUBETAS MIRATRAY IMPLANT;Hager & Werken;IMPRESIÓN;Nº 3. 6 uds.;Caja de 50 uds. Perforadas. Para Manipulación con;53.15;53,15 €;545
5717;55591;CUBETAS MIRATRAY IMPLANT;Hager & Werken;IMPRESIÓN;Nº 1. 6 uds.;Caja de 50 uds. Perforadas. Para Manipulación con;53.15;53,15 €;545
5718;56590;CUBETAS MIRATRAY IMPLANT;Hager & Werken;IMPRESIÓN;Nº 3. 6 uds.;;53.15;53,15 €;545
5719;57589;CUBETAS MIRATRAY IMPLANT;Hager & Werken;IMPRESIÓN;Nº 2. 6 uds.;;53.15;53,15 €;545
5720;58588;CUBETAS MIRATRAY IMPLANT;Hager & Werken;IMPRESIÓN;Nº 1. 6 uds.;;53.15;53,15 €;545
5721;59587;CUBETAS MIRATRAY IMPLANT;Hager & Werken;IMPRESIÓN;Kit 6 uds. (3 Sup.+3 Inf.);;53.15;53,15 €;545
5722;59589;CUBETAS DE PLÁSTICO MIRATRAY “UN USO”;Hager & Werken;IMPRESIÓN;S1 12 uds.;Perforadas. Esterilizables. Termomoldeables. Mango angulado.;9.09;9,09 €;545
5723;59590;CUBETAS DE PLÁSTICO MIRATRAY “UN USO”;Hager & Werken;IMPRESIÓN;I1 12 uds.;Perforadas. Esterilizables. Termomoldeables. Mango angulado.;9.09;9,09 €;545
5724;96449;CUBETAS DE PLÁSTICO MIRATRAY “UN USO”;Hager & Werken;IMPRESIÓN;I3 12 uds.;Perforadas. Esterilizables. Termomoldeables. Mango angulado.;9.09;9,09 €;545
5725;96997;CUBETAS BITE TRAY;Pacific Dental;IMPRESIÓN;Bite Tray Recto. Caja 50 uds.;;9.43;9,43 €;545
5726;96999;CUBETAS BITE TRAY;Pacific Dental;IMPRESIÓN;Soportes Bite Tray. Caja 4 uds.;;31.99;31,99 €;545
5727;0929;SUPERFORM COLOR;Vannini;IMPRESIÓN;;5 Superiores + 5 inferiores. Moldeables, sin reborde.;36.23;36,23 €;546
5728;2045;SUPERFORM COLOR;Vannini;IMPRESIÓN;;Realizadas en policarbonato. Esterilizables. 24 uds. +;111.08;111,08 €;546
5729;49191;SUPERFORM COLOR;Vannini;IMPRESIÓN;;5 Superiores + 5 inferiores. Moldeables, sin reborde.;42.27;42,27 €;546
5730;49192;SUPERFORM COLOR;Vannini;IMPRESIÓN;;;42.27;42,27 €;546
5731;49193;SUPERFORM COLOR;Vannini;IMPRESIÓN;;5 Superiores + 5 inferiores. Moldeables, sin reborde.;42.27;42,27 €;546
5732;49194;SUPERFORM COLOR;Vannini;IMPRESIÓN;;5 Superiores + 5 inferiores. Moldeables, sin reborde.;36.23;36,23 €;546
5733;49195;SUPERFORM COLOR;Vannini;IMPRESIÓN;;5 Superiores + 5 inferiores. Moldeables, sin reborde.;42.27;42,27 €;546
5734;49196;SUPERFORM COLOR;Vannini;IMPRESIÓN;;5 Superiores + 5 inferiores. Moldeables, sin reborde.;42.27;42,27 €;546
5735;49197;SUPERFORM COLOR;Vannini;IMPRESIÓN;;5 Superiores + 5 inferiores. Moldeables, sin reborde.;27.1;27,10 €;546
5736;49198;SUPERFORM COLOR;Vannini;IMPRESIÓN;;;42.27;42,27 €;546
5737;49199;SUPERFORM COLOR;Vannini;IMPRESIÓN;;5 Superiores + 5 inferiores. Moldeables, sin reborde.;42.27;42,27 €;546
5738;49200;SUPERFORM COLOR;Vannini;IMPRESIÓN;;5 Superiores + 5 inferiores. Moldeables, sin reborde.;42.27;42,27 €;546
5739;49201;SUPERFORM COLOR;Vannini;IMPRESIÓN;;5 Superiores + 5 inferiores. Moldeables, sin reborde.;42.27;42,27 €;546
5740;49202;SUPERFORM COLOR;Vannini;IMPRESIÓN;;5 Superiores + 5 inferiores. Moldeables, sin reborde.;42.27;42,27 €;546
5741;49203;KIT ESTUCHE;Asa;IMPRESIÓN;Kit;;42.27;42,27 €;546
5742;49210;SUPERFORM COLOR;Vannini;IMPRESIÓN;;;27.1;27,10 €;546
5743;49211;SUPERFORM COLOR;Vannini;IMPRESIÓN;;;27.1;27,10 €;546
5744;49212;SUPERFORM COLOR;Vannini;IMPRESIÓN;;;27.1;27,10 €;546
5745;49214;SUPERFORM COLOR;Vannini;IMPRESIÓN;;;27.1;27,10 €;546
5746;49216;SUPERFORM COLOR;Vannini;IMPRESIÓN;;;27.1;27,10 €;546
5747;2271;PLANCHAS BASE;Silver Line;IMPRESIÓN;Rosas superiores;Caja 100 unidades.;92.57;92,57 €;547
5748;49867;INSTRUMENTO PUTTY CUT;Zhermack;IMPRESIÓN;Instrumento Recortador Putty;1 kg.;15.3;15,30 €;547
5749;59484;ALGITRAY BIODEGRADABLE;Zhermack;IMPRESIÓN;;1 kg.;57.55;57,55 €;547
5750;87210;SPRAY DISOLVENTE NARANJA;Hager & Werken;IMPRESIÓN;;200 ml;12.35;12,35 €;547
5751;H00011;DESINCRUSTADOR YESO/ALGINATO GREEN CLEAN CAVEX;Cavex;IMPRESIÓN;;1 Kg. PH neutro. Ecológico, biodeg radable.Aroma;28.8;28,80 €;547
5752;H00707;PLANCHAS BASE;Silver Line;IMPRESIÓN;;Caja 100 unidades.;92.57;92,57 €;547
5753;0938;PLANCHAS CLEAR RÍGIDAS;;IMPRESIÓN;2 mm. (.080);25 uds. Transparentes rígidas. Retenedores de ortodoncia, férulas de descarga rígidas y planchas de cirugía según grosor.;70.38;70,38 €;548
5754;21924;PLANCHAS BESTDENT;Bestdent;IMPRESIÓN;Planchas Clear;Caja;36.55;36,55 €;548
5755;21925;PLANCHAS BESTDENT;Bestdent;IMPRESIÓN;Planchas Clear;Caja;53.7;53,70 €;548
5756;21926;PLANCHAS BESTDENT;Bestdent;IMPRESIÓN;Planchas Clear;Caja;64.52;64,52 €;548
5757;21927;PLANCHAS BESTDENT;Bestdent;IMPRESIÓN;Planchas Mouthguard;Caja;61.96;61,96 €;548
5758;21928;PLANCHAS BESTDENT;Bestdent;IMPRESIÓN;Planchas Mouthguard;Caja;67.69;67,69 €;548
5759;21929;PLANCHAS BESTDENT;Bestdent;IMPRESIÓN;Planchas Mouthguard;Caja;917.0;917,00 €;548
5760;8760;PLANCHAS BLANCAS RÍGIDAS;;IMPRESIÓN;3 mm (.125) 12 uds. Cubetas;Blancas rígidas.;25.86;25,86 €;548
5761;8776;MÁQUINA TERMOFORMADORA;Dentaflux;IMPRESIÓN;;Aparato termo moldeador preparado de cubetas, aparatos de ortodoncia,;917.0;917,00 €;548
5762;8779;PLANCHAS TEMPORARY;Dentaflux;IMPRESIÓN;Transparentes. Rígidas.;0,5 mm (,020). 50 uds. Provisionales y retenedores;64.57;64,57 €;548
5763;8780;PLANCHAS TEMPORARY;Dentaflux;IMPRESIÓN;(.120);0,5 mm (,020). 50 uds. Provisionales y retenedores;51.27;51,27 €;548
5764;8783;PLANCHAS TEMPORARY;Dentaflux;IMPRESIÓN;2 mm (.080) 25 uds. Planchas base.;0,5 mm (,020). 50 uds. Provisionales y retenedores;43.97;43,97 €;548
5765;8784;PLANCHAS TEMPORARY;Dentaflux;IMPRESIÓN;2 mm. (.080);0,5 mm (,020). 50 uds. Provisionales y retenedores;43.97;43,97 €;548
5766;8785;PLANCHAS TEMPORARY;Dentaflux;IMPRESIÓN;1´5 mm. (.060);;42.44;42,44 €;548
5767;8786;H100027 PLANCHAS MOUTHGUARD;;IMPRESIÓN;1´0 mm. (.040);12 u. Transparentes férulas según grosor.;37.99;37,99 €;548
5768;8788;PLANCHAS CLEAR RÍGIDAS;;IMPRESIÓN;1´0 mm. (.040);25 uds. Transparentes rígidas. Retenedores de ortodoncia, férulas de descarga rígidas y planchas de cirugía según grosor.;53.78;53,78 €;548
5769;8789;PLANCHAS CLEAR RÍGIDAS;;IMPRESIÓN;1´5 mm. (.060);25 uds. Transparentes rígidas. Retenedores de ortodoncia, férulas de descarga rígidas y planchas de cirugía según grosor.;70.85;70,85 €;548
5770;H00741;PLANCHAS TERMOFORMABLES BLANCAS - 060;Dentaflux;IMPRESIÓN;Planchas base blancas 1,5 mm. (060);25 unidades. Planchas base blancas Aplicaciones: registro de mordida.;17.44;17,44 €;548
5771;H100022;PLANCHAS CLEAR RÍGIDAS;;IMPRESIÓN;Caja x 12 unidades. 3,0 mm (120);25 uds. Transparentes rígidas. Retenedores de ortodoncia, férulas de descarga rígidas y planchas de cirugía según grosor.;34.87;34,87 €;548
5772;H100027;PLANCHAS TEMPORARY;Dentaflux;IMPRESIÓN;4 mm. (150);0,5 mm (,020). 50 uds. Provisionales y retenedores;64.57;64,57 €;548
5773;49209;Hollenback Tallador;;IMPRESIÓN;black;;177.59;177,59 €;553
5774;49213;SUPERFORM COLOR;Vannini;IMPRESIÓN;Nº 27;;27.1;27,10 €;553
5775;49215;SUPERFORM COLOR;Vannini;IMPRESIÓN;Nº 28;;27.1;27,10 €;553
5776;49217;SUPERFORM COLOR;Vannini;IMPRESIÓN;Nº 29;;27.1;27,10 €;553
5777;59681;Porta-agujas;;IMPRESIÓN;Castroviejo curvo;;;Sob consulta;553
5778;59683;Porta-agujas;;IMPRESIÓN;Mayo;;;Sob consulta;553
5779;59685;Porta-agujas;;IMPRESIÓN;;;;Sob consulta;553
5780;59686;Porta-agujas;;IMPRESIÓN;;;;Sob consulta;553
5781;59687;Porta-agujas;;IMPRESIÓN;;;;Sob consulta;553
5782;59691;Locklin Microcirugía;Proclinic;IMPRESIÓN;Kirkland;;;Sob consulta;553
5783;59692;Locklin Microcirugía;Proclinic;IMPRESIÓN;Orban;;;Sob consulta;553
5784;59694;Locklin Microcirugía;Proclinic;IMPRESIÓN;;;;Sob consulta;553
5785;59695;Locklin Microcirugía;Proclinic;IMPRESIÓN;;;;Sob consulta;553
5786;59697;Locklin Microcirugía;Proclinic;IMPRESIÓN;;;;Sob consulta;553
5787;59698;Locklin Microcirugía;Proclinic;IMPRESIÓN;periodoncia;;;Sob consulta;553
5788;59699;Locklin Microcirugía;Proclinic;IMPRESIÓN;;;;Sob consulta;553
5789;59700;Locklin Microcirugía;Proclinic;IMPRESIÓN;Microcirugía curva;;19.11;19,11 €;553
5790;59701;Locklin;Proclinic;IMPRESIÓN;Microcirugía recta;;74.27;74,27 €;553
5791;59702;OSTEÓTOMO;Proclinic;IMPRESIÓN;Para Suturas;;95.64;95,64 €;553
5792;59703;OSTEÓTOMO;Proclinic;IMPRESIÓN;;;95.64;95,64 €;553
5793;59704;Osteótomo con tope curvo OSTEÓTOMO;Proclinic;IMPRESIÓN;Para coronas;;15.29;15,29 €;553
5794;59705;Diagnóstico;Proclinic;IMPRESIÓN;Espejo N.4 C.S.;;21.22;21,22 €;553
5795;59706;PINZA ADSON;Proclinic;IMPRESIÓN;Espejo N.4 S.S.;;21.22;21,22 €;553
5796;59707;PINZA ADSON;Proclinic;IMPRESIÓN;Espejo N.5 C.S.;;;Sob consulta;553
5797;59720;PINZAS MOSQUITO RECTA DIENTES;Proclinic;IMPRESIÓN;;;22.51;22,51 €;553
5798;59726;PINZAS PARA FRAGMENTOS;Proclinic;IMPRESIÓN;Jeringas;;67.42;67,42 €;553
5799;59727;PINZAS PARA FRAGMENTOS;Proclinic;IMPRESIÓN;Para Dentina N.1;;;Sob consulta;553
5800;59729;R ef.: 59728 Para;;IMPRESIÓN;Para Dentina N.3;;;Sob consulta;553
5801;59730;R ef.: 59728 Para;;IMPRESIÓN;;;;Sob consulta;553
5802;59731;R ef.: 59728 Para;;IMPRESIÓN;;;;Sob consulta;553
5803;59732;R ef.: 59728 Para;;IMPRESIÓN;;;;Sob consulta;553
5804;59733;R ef.: 59728 Para;;IMPRESIÓN;;;;Sob consulta;553
5805;59734;R ef.: 59728 Para;;IMPRESIÓN;;;;Sob consulta;553
5806;59735;Ud.;;IMPRESIÓN;Cleoide-Discoide;;;Sob consulta;553
5807;59736;Ud.;;IMPRESIÓN;;;;Sob consulta;553
5808;59737;Ud.;;IMPRESIÓN;;;;Sob consulta;553
5809;59738;Ud.;;IMPRESIÓN;;;;Sob consulta;553
5810;59739;Ud.;;IMPRESIÓN;Modeladores;;;Sob consulta;553
5811;59740;Ud.;;IMPRESIÓN;;;;Sob consulta;553
5812;59742;Ud.;;IMPRESIÓN;Alveolar N.2;;;Sob consulta;553
5813;59743;Ud.;;IMPRESIÓN;Alveolar N.3;;;Sob consulta;553
5814;59744;CUBETAS PERFORADAS REBORDE GIRATORIAS;Proclinic;IMPRESIÓN;;2 unidades: 1 para;;Sob consulta;553
5815;59745;CUBETAS PERFORADAS REBORDE GIRATORIAS;Proclinic;IMPRESIÓN;;2 unidades: 1 para;;Sob consulta;553
5816;59746;CUBETAS PERFORADAS REBORDE GIRATORIAS;Proclinic;IMPRESIÓN;Excavador N.18;2 unidades: 1 para;;Sob consulta;553
5817;59748;CUBETAS PERFORADAS REBORDE GIRATORIAS;Proclinic;IMPRESIÓN;Goldstein N.2;2 unidades: 1 para;24.02;24,02 €;553
5818;59749;CUBETAS PARCIALES DERECHA +;Proclinic;IMPRESIÓN;Goldstein N.3;2 unidades;25.08;25,08 €;553
5819;59750;10 uds. KIT CUBETAS PERFORADAS CON REBORDE;Proclinic Estuche con 10 cubetas;IMPRESIÓN;10 Ud.;10 unidades y con reborde retentivo. Contiene 5 cubetas superiores y 5 cubetas inferiores. Tamaños: U1, U2, U3, U4, U5 y L1, L2, L3, L4, L5. Tamaños: U1, U2, U3, U4, U5 y L1, L2, L3, L4, L5.;134.87;134,87 €;553
5820;59751;CINCELES;Hu-Friedy;IMPRESIÓN;N.1;;125.07;125,07 €;553
5821;59752;CINCELES;Hu-Friedy;IMPRESIÓN;N.7;;27.34;27,34 €;553
5822;59753;CINCELES;Hu-Friedy;IMPRESIÓN;N.13;;27.34;27,34 €;553
5823;59754;N.18;;IMPRESIÓN;N.1 N.22 1/2L;;;Sob consulta;553
5824;59755;N.18;;IMPRESIÓN;N.2 N.22 1/2R;;;Sob consulta;553
5825;59756;CUCHILLO PARA CERA;Proclinic;IMPRESIÓN;N.3 N.33;20 unidades;;Sob consulta;553
5826;59757;CUCHILLO PARA CERA;Proclinic;IMPRESIÓN;Pinza papel;20 unidades;15.99;15,99 €;553
5827;59758;Mosquito Mosquito;Proclinic;IMPRESIÓN;Mosquito curva;;18.79;18,79 €;553
5828;59759;CUCHILLOS;Proclinic;IMPRESIÓN;;;17.36;17,36 €;553
5829;59760;Kit;Proclinic;IMPRESIÓN;mango plástico;;24.15;24,15 €;553
5830;59762;CURE;Proclinic;IMPRESIÓN;Curvo N. 5C;;24.15;24,15 €;553
5831;59763;CURE;Proclinic;IMPRESIÓN;Df N. 5;;24.15;24,15 €;553
5832;59765;Recto Recto;Proclinic;IMPRESIÓN;Recto N. 5R;;24.15;24,15 €;553
5833;59766;Recto Recto;Proclinic;IMPRESIÓN;Coupland N.2;;28.59;28,59 €;553
5834;59767;Recto Recto;Proclinic;IMPRESIÓN;Pott dcho.;;28.59;28,59 €;553
5835;59768;Recto Recto;Proclinic;IMPRESIÓN;Recto muy fino;;31.95;31,95 €;553
5836;59773;Sindesmotomo;;IMPRESIÓN;Chompret N. 1;;;Sob consulta;553
5837;59775;Sindesmotomo;;IMPRESIÓN;Aluminio;;;Sob consulta;553
5838;59777;Sindesmotomo;;IMPRESIÓN;Aluminio;;;Sob consulta;553
5839;59778;Sindesmotomo;;IMPRESIÓN;Gracey 3/4;;;Sob consulta;553
5840;59780;Sindesmotomo;;IMPRESIÓN;;;;Sob consulta;553
5841;59782;YESO ORTODONCIA;Proclinic;IMPRESIÓN;;;;Sob consulta;553
5842;59783;YESO ORTODONCIA;Proclinic;IMPRESIÓN;;;;Sob consulta;553
5843;59784;YESO ORTODONCIA;Proclinic;IMPRESIÓN;;;;Sob consulta;553
5844;59787;YESO ORTODONCIA;Proclinic;IMPRESIÓN;;;;Sob consulta;553
5845;59788;YESO ORTODONCIA;Proclinic;IMPRESIÓN;Sonda Williams;;;Sob consulta;553
5846;59789;YESO ORTODONCIA;Proclinic;IMPRESIÓN;Cirugía;;16.43;16,43 €;553
5847;59790;YESO ORTODONCIA;Proclinic;IMPRESIÓN;Mango Bisturí;;;Sob consulta;553
5848;59805;PORTA HUESO;Proclinic;IMPRESIÓN;mm metálico;;104.18;104,18 €;553
5849;59806;CURVO TUNGSTENO;Proclinic;IMPRESIÓN;Adson con diente;;180.3;180,30 €;553
5850;59807;PORTA-AGUJAS HALSEY TUNGSTENO;Proclinic;IMPRESIÓN;Adson sin diente;;83.17;83,17 €;553
5851;59809;PORTA-AGUJAS MAYO;Proclinic;IMPRESIÓN;Albrecht;;44.25;44,25 €;553
5852;59810;PORTA-AGUJAS RYDER TUNGSTENO;Proclinic;IMPRESIÓN;Cirugía con diente;;81.27;81,27 €;553
5853;59811;PORTA-CLAMPS;Proclinic;IMPRESIÓN;Espátula negra;;147.47;147,47 €;553
5854;59817;autoestático;Bestdent;IMPRESIÓN;Farabeuf;;36.9;36,90 €;553
5855;59818;MEDIDOR IWANSON;Bestdent;IMPRESIÓN;N.72;;36.9;36,90 €;553
5856;59819;MEDIDOR IWANSON;Bestdent;IMPRESIÓN;Minesota;Doble. Con puntas 2 desmontables.;36.9;36,90 €;553
5857;59823;SINDESMÓTOMO CHOMPRET;Proclinic;IMPRESIÓN;1 Espaciador N.2;3 uds.;168.73;168,73 €;553
5858;59825;composite Espátula;;IMPRESIÓN;composite Felt;;;Sob consulta;553
5859;59826;composite Espátula;;IMPRESIÓN;Obturación;;;Sob consulta;553
5860;59827;N.5;;IMPRESIÓN;N.1 N.7 Niños;;;Sob consulta;553
5861;59828;Steglitz fragmentos;Proclinic;IMPRESIÓN;;;134.19;134,19 €;553
5862;59830;TIJERA CURVA;Proclinic;IMPRESIÓN;;;44.54;44,54 €;553
5863;59832;TIJERA ENCÍA LOCKLIN;Proclinic;IMPRESIÓN;Plano liso N.1;;33.62;33,62 €;553
5864;59833;TIJERA IRIS CURVA SUPER CORTE;Proclinic;IMPRESIÓN;corte Bolas N.3;;61.96;61,96 €;553
5865;59834;TIJERA IRIS RECTA SUPER CORTE;Proclinic;IMPRESIÓN;corte Bolas N.4;;33.22;33,22 €;553
5866;59835;corte;Proclinic;IMPRESIÓN;Markley N.2;;19.11;19,11 €;553
5867;59836;Plano;Proclinic;IMPRESIÓN;Plano rayado N.3;;44.73;44,73 €;553
5868;59838;TIJERAS MICROCIRUGÍA;Proclinic;IMPRESIÓN;curva;;48.9;48,90 €;553
5869;59839;TIJERA MICROCIRUGÍA RECTA;Proclinic;IMPRESIÓN;recta;;48.9;48,90 €;553
5870;59840;TIJERA PARA SUTURAR;Proclinic;IMPRESIÓN;Plano rayado N.2;;29.58;29,58 €;553
5871;59844;Portamalgamas retrogrado;;IMPRESIÓN;1/2 N.6 Niños;;;Sob consulta;553
5872;59845;Portamalgamas retrogrado;;IMPRESIÓN;N. 4 retrogrado curvo;;;Sob consulta;553
5873;59846;N. 4;;IMPRESIÓN;N. 5 Tofflemire;;;Sob consulta;553
5874;59847;N. 4;;IMPRESIÓN;N.1 Niños;;;Sob consulta;553
5875;59848;N. 4;;IMPRESIÓN;N.3 Niños;;;Sob consulta;553
5876;59849;Mango Mango;Proclinic;IMPRESIÓN;N.4 Niños;Serrado. Para colocar 1 ud.;;Sob consulta;553
5877;59850;Mango Mango;Proclinic;IMPRESIÓN;Mango Bisturí;Serrado. Para colocar 1 ud.;19.95;19,95 €;553
5878;59851;Gracey 7/8;Proclinic;IMPRESIÓN;aro 7/8 light;;17.15;17,15 €;553
5879;59852;JERINGA ASPIRACIÓN 3 AROS;Proclinic;IMPRESIÓN;aros Gracey;Sistema de doble gancho. ud.;17.15;17,15 €;553
5880;59853;JERINGA AUTOASPIRANTE;Proclinic;IMPRESIÓN;13/14 light;;58.34;58,34 €;553
5881;59854;JERINGA AUTOASPIRANTE;Proclinic;IMPRESIÓN;;;;Sob consulta;553
5882;59855;Separadores;Proclinic;IMPRESIÓN;Abrebocas;;42.82;42,82 €;553
5883;59856;LEVANTAPUENTES CROWN CLICK;Proclinic;IMPRESIÓN;Branemarck;Martillo + 5 puntas;165.69;165,69 €;553
5884;59857;LEVANTAPUENTES CROWN CLICK;Proclinic;IMPRESIÓN;mezcla hueso;Martillo + 5 puntas;;Sob consulta;553
5885;59858;Sindesmotomo;;IMPRESIÓN;curvo Sindesmotomo;;;Sob consulta;553
5886;59859;Sindesmotomo;;IMPRESIÓN;N.3 Chompret N. 3;;;Sob consulta;553
5887;59860;MANGOS;Proclinic;IMPRESIÓN;C.S. Aluminio;;10.13;10,13 €;553
5888;59861;MANGOS;Proclinic;IMPRESIÓN;Aluminio;;10.18;10,18 €;553
5889;59887;ARCO DE YOUNG METÁLICO;Proclinic;IMPRESIÓN;Sonda Goldman;;158.9;158,90 €;553
5890;59888;Aspiración Autoaspirante;;IMPRESIÓN;puentes;;;Sob consulta;553
5891;59889;Aspiración Autoaspirante;;IMPRESIÓN;;;;Sob consulta;553
5892;59890;Aspiración Autoaspirante;;IMPRESIÓN;;;;Sob consulta;553
5893;59891;BOLA-ESPÁTULA CON TITANIO;Proclinic;IMPRESIÓN;;;;Sob consulta;553
5894;59892;BOLA-ESPÁTULA CON TITANIO;Proclinic;IMPRESIÓN;;;14.83;14,83 €;553
5895;59893;BOLA-ESPÁTULA CON TITANIO;Proclinic;IMPRESIÓN;Levantapuentes;;;Sob consulta;553
5896;59894;BOLA-ESPÁTULA CON TITANIO;Proclinic;IMPRESIÓN;Levantapuentes;;;Sob consulta;553
5897;59895;BOLA-ESPÁTULA CON TITANIO;Proclinic;IMPRESIÓN;Crown Click;;;Sob consulta;553
5898;59896;BOLA-ESPÁTULA CON TITANIO;Proclinic;IMPRESIÓN;N.1 Punta Corta;;;Sob consulta;553
5899;59897;BOLA-ESPÁTULA CON TITANIO;Proclinic;IMPRESIÓN;N.2 Punta Garfio;;;Sob consulta;553
5900;59898;BOLA-ESPÁTULA CON TITANIO;Proclinic;IMPRESIÓN;N.3 Punta Larga;;;Sob consulta;553
5901;59899;BOLA-ESPÁTULA CON TITANIO;Proclinic;IMPRESIÓN;;;;Sob consulta;553
5902;59900;BOLA-ESPÁTULA CON TITANIO;Proclinic;IMPRESIÓN;;;;Sob consulta;553
5903;59901;BOLA-ESPÁTULA CON TITANIO;Proclinic;IMPRESIÓN;;;;Sob consulta;553
5904;59902;BOLA-ESPÁTULA CON TITANIO;Proclinic;IMPRESIÓN;;;;Sob consulta;553
5905;59903;Produto Dentário;;IMPRESIÓN;;;;Sob consulta;553
5906;59904;Produto Dentário;;IMPRESIÓN;;;;Sob consulta;553
5907;59905;Produto Dentário;;IMPRESIÓN;;;;Sob consulta;553
5908;59906;Produto Dentário;;IMPRESIÓN;;;;Sob consulta;553
5909;59907;Produto Dentário;;IMPRESIÓN;;;;Sob consulta;553
5910;59908;espátula Portamalgamas;;IMPRESIÓN;;;;Sob consulta;553
5911;59909;espátula Portamalgamas;;IMPRESIÓN;;;;Sob consulta;553
5912;59912;espátula Portamalgamas;;IMPRESIÓN;;;;Sob consulta;553
5913;59913;espátula Portamalgamas;;IMPRESIÓN;;;;Sob consulta;553
5914;59914;espátula Portamalgamas;;IMPRESIÓN;;;;Sob consulta;553
5915;59915;espátula Portamalgamas;;IMPRESIÓN;;;;Sob consulta;553
5916;59916;espátula Portamalgamas;;IMPRESIÓN;;;;Sob consulta;553
5917;59917;espátula Portamalgamas;;IMPRESIÓN;;;;Sob consulta;553
5918;59918;espátula Portamalgamas;;IMPRESIÓN;;;;Sob consulta;553
5919;59919;espátula Portamalgamas;Proclinic;IMPRESIÓN;Portamalgamas;;19.19;19,19 €;553
5920;59922;Curvo;;IMPRESIÓN;Curvo 2mm;;;Sob consulta;553
5921;59923;Curvo;;IMPRESIÓN;;;;Sob consulta;553
5922;59924;Curvo;;IMPRESIÓN;Curvo 4mm;;;Sob consulta;553
5923;59925;Curvo;;IMPRESIÓN;Freer 3,3mm;;;Sob consulta;553
5924;59926;N.86 N.89;;IMPRESIÓN;N.90;;;Sob consulta;553
5925;59928;N.86 N.89;;IMPRESIÓN;;;;Sob consulta;553
5926;59929;N.86 N.89;;IMPRESIÓN;;;;Sob consulta;553
5927;59930;N.86 N.89;;IMPRESIÓN;;;;Sob consulta;553
5928;59931;Bruñidor;;IMPRESIÓN;;;;Sob consulta;553
5929;59932;Bruñidor;;IMPRESIÓN;;;;Sob consulta;553
5930;59934;Bruñidor;;IMPRESIÓN;Bruñidor N.1;;;Sob consulta;553
5931;59935;Bruñidor;;IMPRESIÓN;Dappen amalgama;;;Sob consulta;553
5932;59936;Bruñidor;;IMPRESIÓN;;;;Sob consulta;553
5933;59937;Ápices Ápices;Proclinic;IMPRESIÓN;;;;Sob consulta;553
5934;59938;Ápices Ápices;Proclinic;IMPRESIÓN;Ápices izdo.;;24.15;24,15 €;553
5935;59939;Ápices Ápices;Proclinic;IMPRESIÓN;N.22;;;Sob consulta;553
5936;59940;R ef.: 59949 Mango anatómico;Proclinic;IMPRESIÓN;N.1 anatómico S.S.;;66.41;66,41 €;553
5937;59944;MOSQUITO CURVA DIENTES;Proclinic;IMPRESIÓN;;12,5 cm;27.4;27,40 €;553
5938;59946;MOSQUITO CURVA DIENTES;Proclinic;IMPRESIÓN;y talladores;12,5 cm;;Sob consulta;553
5939;59950;N.1;Proclinic;IMPRESIÓN;Mango espejo C.S.;;55.86;55,86 €;553
5940;59953;PINZA DE CIRUGÍA CURVA;Proclinic;IMPRESIÓN;Mango espejo;;18.4;18,40 €;553
5941;59954;TIJERA ENCÍA;Proclinic;IMPRESIÓN;Bolas N.2;;44.54;44,54 €;553
5942;59958;Goldman;Proclinic;IMPRESIÓN;Molt-Busser;;58.39;58,39 €;553
5943;87875;Pich Pich;Proclinic;IMPRESIÓN;Pich doble;;22.16;22,16 €;553
5944;09201;ESPEJOS PURE;Prodont;INSTRUMENTAL;Nº 4 S.S.;;76.56;76,56 €;554
5945;09202;ESPEJOS PURE;Prodont;INSTRUMENTAL;Nº 5 C.S.;;95.37;95,37 €;554
5946;2018;ESPEJOS PLANOS Nº 5 C. S.;Mestra;INSTRUMENTAL;;P ara mangos standard. Rosca Cone Socket. Nº 5 C.S. Caja de 12 unidades.;95.37;95,37 €;554
5947;6894;ESPEJOS PLANOS Nº 5 C.S.;Prodont;INSTRUMENTAL;;Para mangos standard. Caja de 12 unidades.;60.06;60,06 €;554
5948;0911;ESPEJOS DOBLE CARA FRONT;Prodont;INSTRUMENTAL;;Para mangos standard. Diseño en C.A.;122.54;122,54 €;555
5949;2019;ESPEJOS DE AUMENTO Nº 5 C. S.;Hahnenkratt;INSTRUMENTAL;;Para mangos standard. Rosca Cone Socket. Nº 5 C.S. Caja de 12 unidades.;29.48;29,48 €;555
5950;20491;ESPEJOS PLANOS Nº5 C.S;Bestdent;INSTRUMENTAL;Nº 5 C.S.;12 uds .;26.83;26,83 €;555
5951;2066;ESPEJOS PLANOS S.S.;Prodont;INSTRUMENTAL;Nº 5 S.S.;Para mangos standard.;30.95;30,95 €;555
5952;4981;ESPEJOS PLANOS ASA DENTAL;Asa Dental;INSTRUMENTAL;Nº 4;Caja de 12 unidades.;30.95;30,95 €;555
5953;59959;ESPEJOS N 5 C.S RODIO;Proclinic;INSTRUMENTAL;;;122.54;122,54 €;555
5954;99696;ESPEJOS PLANOS ASA DENTAL;Asa Dental;INSTRUMENTAL;Nº 5;Caja de 12 unidades.;30.95;30,95 €;555
5955;0920;ESPEJOS TITANIO;Prodont;INSTRUMENTAL;;Espejos Titanium Caja de 12 uds.;60.06;60,06 €;556
5956;10150;ESPEJO RELAX FRONT SURFACE;Hahnenkratt;INSTRUMENTAL;Surtido de colores;10 unidades;41.94;41,94 €;556
5957;10151;ESPEJO RELAX FRONT SURFACE;Hahnenkratt;INSTRUMENTAL;Gris;10 unidades;41.94;41,94 €;556
5958;2073;ESPEJOS PLANOS DE RODIO SURFACE Nº 5 C. S.;Prodont;INSTRUMENTAL;;Para mangos standard. Caja de 12 uds.;60.06;60,06 €;556
5959;9137;ESPEJOS PLANOS RODIO FRONT SURFACE;Hu-Friedy;INSTRUMENTAL;Nº.5 - 12 uds. Rosca S.S.;Para mangos standard. Rosca Cone Socket.;75.32;75,32 €;556
5960;9140;ESPEJOS PLANOS RODIO FRONT SURFACE;Hu-Friedy;INSTRUMENTAL;Nº.5 - 12 uds. Rosca C.S.;Para mangos standard. Rosca Cone Socket.;84.28;84,28 €;556
5961;9247;ESPEJOS PLANOS RODIO FRONT SURFACE;Hu-Friedy;INSTRUMENTAL;Nº.4 - 12 uds. Rosca S.S.;Para mangos standard. Rosca Cone Socket.;75.32;75,32 €;556
5962;22653;ESPEJO MIRA DUO;Hager & Werken;INSTRUMENTAL;;Espejo lado visión 1.1, del otro contorno y mango de plástico mesa (soporte de mesa;13.32;13,32 €;557
5963;46284;MANGOS;Proclinic;INSTRUMENTAL;Mango;;9.27;9,27 €;557
5964;59862;MANGOS;Proclinic;INSTRUMENTAL;Mango de espejo;;9.27;9,27 €;557
5965;59863;MANGOS;Proclinic;INSTRUMENTAL;Mango;;10.18;10,18 €;557
5966;59961;MANGOS;Proclinic;INSTRUMENTAL;Mango;;10.13;10,13 €;557
5967;63937;ESPEJO DE MANO MOLAR MOLLIE;Bader;INSTRUMENTAL;;1 unidad;23.28;23,28 €;557
5968;80556;ESPEJO DE MANO MOLAR MOLLIE;Bader;INSTRUMENTAL;;;10.35;10,35 €;557
5969;0529;Produto Dentário;Hu-Friedy;INSTRUMENTAL;Mango Cone Socket Silver Line;;13.22;13,22 €;558
5970;06920;Produto Dentário;Hu-Friedy;INSTRUMENTAL;Mango Cone Socket. Acero;;24.6;24,60 €;558
5971;2604;Produto Dentário;LM;INSTRUMENTAL;Mango de espejo 28;;11.2;11,20 €;558
5972;26040;Produto Dentário;LM;INSTRUMENTAL;Mango de espejo Gris 28 XSI;;11.2;11,20 €;558
5973;4201;Mangos para espejos;Mestra;INSTRUMENTAL;Acero inoxidable.;;16.4;16,40 €;558
5974;4202;Mangos para espejos;Mestra;INSTRUMENTAL;Aluminio. Rosca C.S.;;9.84;9,84 €;558
5975;4928;Produto Dentário;Asa Dental;INSTRUMENTAL;Octogonal . Rosca C.S.;;8.74;8,74 €;558
5976;9138;inoxidable. Octogonal.;Hu-Friedy;INSTRUMENTAL;Mango Cone Socket. Acero;;26.9;26,90 €;558
5977;9355;Produto Dentário;LM;INSTRUMENTAL;Mango azul Ergosingle 25 - S.S;;16.4;16,40 €;558
5978;93552;Produto Dentário;LM;INSTRUMENTAL;Mango azul Ergosingle 28 - C.S;;16.4;16,40 €;558
5979;93553;Produto Dentário;LM;INSTRUMENTAL;Mango rojo Ergosingle 28 - C.S;;16.4;16,40 €;558
5980;18951;FONDO NEGRO/CONTRASTE PARA FOTOGRAFÍA DE SILICONA;Nichrominox;INSTRUMENTAL;;Contraste hecho para adaptarse. Muy confortable para las fotografías y elimina aquellos elementos en la imagen. Pueden ser limpiados por autoclavables 134º.;51.99;51,99 €;559
5981;75854;ESPEJOS ANGULADOS ACERO INOXIDABLE;Bestdent;INSTRUMENTAL;Oclusal adulto y niño redondeado;;81.59;81,59 €;559
5982;75855;ESPEJOS ANGULADOS ACERO INOXIDABLE;Bestdent;INSTRUMENTAL;Oclusal adulto y niño ancho;;81.59;81,59 €;559
5983;75856;ESPEJOS ANGULADOS ACERO INOXIDABLE;Bestdent;INSTRUMENTAL;Adulto oclusal y bucal (medi-;;81.59;81,59 €;559
5984;75857;ESPEJOS ANGULADOS ACERO INOXIDABLE;Bestdent;INSTRUMENTAL;Niño oclusal y bucal (medidas:;;81.59;81,59 €;559
5985;7886;ESPEJOS FOTOGRÁFICOS;Prodont;INSTRUMENTAL;Oclusal adulto.;;58.9;58,90 €;559
5986;7887;ESPEJOS FOTOGRÁFICOS;Prodont;INSTRUMENTAL;Oclusal niño.;;58.9;58,90 €;559
5987;7888;ESPEJOS FOTOGRÁFICOS;Prodont;INSTRUMENTAL;Oclusal lingual.;;58.9;58,90 €;559
5988;7889;ESPEJOS FOTOGRÁFICOS;Prodont;INSTRUMENTAL;Oclusal lateral.;;58.9;58,90 €;559
5989;82020;ESPEJOS FOTOGRÁFICOS;Prodont;INSTRUMENTAL;Espejo fotográfico oclusal grande;;58.9;58,90 €;559
5990;L97960;FONDO NEGRO/CONTRASTE PARA FOTOGRAFÍA DE SILICONA;Nichrominox;INSTRUMENTAL;;el paciente, da contraste a para que no son necesarios las fotografías cualquier proceso y son en la autoclavables134ºC.;51.99;51,99 €;559
5991;L97961;FONDO NEGRO/CONTRASTE PARA LABIO PARA FOTOGRAFÍA DE SILICONA;Nichrominox;INSTRUMENTAL;Grande. 1 unidad.;Contraste hecho de silicona. Puede doblarse para adaptarse. Muy confortable para el paciente, da contraste a las fotografías y elimina aquellos elementos que no son necesarios a en la imagen. Pueden ser limpiados por cualquier proceso y son autoclavables134ºC. son;37.85;37,85 €;559
5992;L97962;FONDO NEGRO/CONTRASTE PARA LABIO PARA FOTOGRAFÍA DE SILICONA;Nichrominox;INSTRUMENTAL;Pequeño. 1 unidad;Contraste hecho de silicona. Puede doblarse para adaptarse. Muy confortable para el paciente, da contraste a las fotografías y elimina aquellos elementos que no son necesarios a en la imagen. Pueden ser limpiados por cualquier proceso y son autoclavables134ºC. son;51.99;51,99 €;559
5993;0919;MANGO PARA ESPEJOS FOTOGRÁFICOS;Prodont;INSTRUMENTAL;;;87.9;87,90 €;560
5994;59957;SONDA DE EXPLO- RACIÓN DOBLE 4/6;Proclinic;INSTRUMENTAL;Set 4 unidades;;45.24;45,24 €;560
5995;59992;SONDA DE EXPLO- RACIÓN DOBLE 4/6;Proclinic;INSTRUMENTAL;1 unidad;;13.65;13,65 €;560
5996;L3305;FONDO NEGRO/CONTRASTE PARA FOTO- GRAFÍA;Yamaura Dental Corporation (YDM);INSTRUMENTAL;Anterior grande;El Fondo Negro o Contraste es la de silicona. Puede doblarse herramienta imprescindible para la fotografía dental para poder el paciente, da contraste a distinguir bien todas las piezas. que no son necesarios;46.55;46,55 €;560
5997;L3306;FONDO NEGRO/CONTRASTE PARA FOTO- GRAFÍA;Yamaura Dental Corporation (YDM);INSTRUMENTAL;Posterior;El Fondo Negro o Contraste es la de silicona. Puede doblarse herramienta imprescindible para la fotografía dental para poder el paciente, da contraste a distinguir bien todas las piezas. que no son necesarios;51.99;51,99 €;560
5998;L3307;FONDO NEGRO/CONTRASTE PARA FOTO- GRAFÍA;Yamaura Dental Corporation (YDM);INSTRUMENTAL;Anterior pequeño;El Fondo Negro o Contraste es la de silicona. Puede doblarse herramienta imprescindible para la fotografía dental para poder el paciente, da contraste a distinguir bien todas las piezas. que no son necesarios;46.55;46,55 €;560
5999;L97963;FONDO NEGRO/CONTRASTE PARA FOTOGRAFÍA DE SILICONA;Nichrominox;INSTRUMENTAL;Grande;Contraste hecho para adaptarse. Muy confortable para las fotografías y elimina aquellos elementos en la imagen. Pueden ser limpiados por autoclavables 134 ºC.;37.85;37,85 €;560
6000;L97964;FONDO NEGRO/CONTRASTE PARA FOTOGRAFÍA DE SILICONA;Nichrominox;INSTRUMENTAL;Pequeño;Contraste hecho para adaptarse. Muy confortable para las fotografías y elimina aquellos elementos en la imagen. Pueden ser limpiados por autoclavables 134 ºC.;37.85;37,85 €;560
6001;0762;EXPLORACIÓN DOBLE 16/23;Proclinic;INSTRUMENTAL;Carl Martin. 1083/6.;;11.45;11,45 €;561
6002;46280;Sondas y exploradores;;INSTRUMENTAL;Nº23;;10.96;10,96 €;561
6003;46281;Sondas y exploradores;;INSTRUMENTAL;Nº6;;10.96;10,96 €;561
6004;46282;Sondas y exploradores;;INSTRUMENTAL;Nº9;;10.96;10,96 €;561
6005;49157;EXPLORACIÓN DOBLE 16/23;Proclinic;INSTRUMENTAL;Asa Dental. Explorador Nº. 23;;8.94;8,94 €;561
6006;49158;EXPLORACIÓN DOBLE 16/23;Proclinic;INSTRUMENTAL;Asa Dental. Explorador Nº.6;;8.94;8,94 €;561
6007;49159;EXPLORACIÓN DOBLE 16/23;Proclinic;INSTRUMENTAL;Asa Dental. Explorador Nº.9;;8.94;8,94 €;561
6008;9130;EXPLORACIÓN DOBLE 16/23;Proclinic;INSTRUMENTAL;;;23.0;23,00 €;561
6009;9251;EXPLORACIÓN DOBLE 16/23;Proclinic;INSTRUMENTAL;;;23.0;23,00 €;561
6010;9253;EXPLORACIÓN DOBLE 16/23;Proclinic;INSTRUMENTAL;;;23.0;23,00 €;561
6011;9274;EXPLORACIÓN DOBLE 16/23;Proclinic;INSTRUMENTAL;;;23.0;23,00 €;561
6012;93326;EXPLORACIÓN DOBLE 16/23;Proclinic;INSTRUMENTAL;;;33.2;33,20 €;561
6013;93331;EXPLORACIÓN DOBLE 16/23;Proclinic;INSTRUMENTAL;;;34.4;34,40 €;561
6014;0525;SONDAS EXPLORACIÓN;Bestdent;INSTRUMENTAL;Silver Line. Sonda-Explorador Silver Nº. 5;4 unidades.;15.53;15,53 €;562
6015;0526;SONDAS EXPLORACIÓN;Bestdent;INSTRUMENTAL;Silver Line. Sonda-Explorador Silver TU17/23;4 unidades.;15.53;15,53 €;562
6016;0527;SONDAS EXPLORACIÓN;Bestdent;INSTRUMENTAL;Silver Line. Sonda-Explorador Silver Nº. 23;4 unidades.;13.23;13,23 €;562
6017;0528;SONDAS EXPLORACIÓN;Bestdent;INSTRUMENTAL;Silver Line. Explorador Endo Silver DG16;4 unidades.;17.83;17,83 €;562
6018;0587;SONDAS EXPLORACIÓN;Bestdent;INSTRUMENTAL;Hu-Friedy. TU 17/23 S.T. Mango redondo;4 unidades.;34.4;34,40 €;562
6019;0613;SONDAS EXPLORACIÓN;Bestdent;INSTRUMENTAL;Hu-Friedy. TU 17/23. Mango redondo.;4 unidades.;33.2;33,20 €;562
6020;0653;SONDAS EXPLORACIÓN;Bestdent;INSTRUMENTAL;Hu-Friedy. Explorador DG 16 Endodoncia;4 unidades.;40.8;40,80 €;562
6021;06531;SONDAS EXPLORACIÓN;Bestdent;INSTRUMENTAL;Hu-Friedy. Explorador DG 16;4 unidades.;42.6;42,60 €;562
6022;0654;SONDAS EXPLORACIÓN;Bestdent;INSTRUMENTAL;Hu-Friedy. Explorador DG 16/17;4 unidades.;40.8;40,80 €;562
6023;06860;SONDAS EXPLORACIÓN;Bestdent;INSTRUMENTAL;Hu-Friedy. Explorador Briault 11 Mango 31;4 unidades.;33.2;33,20 €;562
6024;06880;SONDAS EXPLORACIÓN;Bestdent;INSTRUMENTAL;Hu-Friedy. Explorador DG 16/23;4 unidades.;40.8;40,80 €;562
6025;25606;SONDAS EXPLORACIÓN;Bestdent;INSTRUMENTAL;Hu-Friedy. EX56. Mango Satin Steel.;4 unidades.;33.2;33,20 €;562
6026;2601;SONDAS EXPLORACIÓN;Bestdent;INSTRUMENTAL;LM. Explorador 17-23;4 unidades.;19.0;19,00 €;562
6027;2602;SONDAS EXPLORACIÓN;Bestdent;INSTRUMENTAL;LM. Explorador centrado 17c-23;4 unidades.;19.0;19,00 €;562
6028;26021;SONDAS EXPLORACIÓN;Bestdent;INSTRUMENTAL;LM. Explorador 9-17c;4 unidades.;19.0;19,00 €;562
6029;49161;SONDAS EXPLORACIÓN;Bestdent;INSTRUMENTAL;Asa Dental. Explorador nº 23/17.;4 unidades.;14.65;14,65 €;562
6030;80210;SONDAS EXPLORACIÓN;Bestdent;INSTRUMENTAL;;4 unidades.;40.71;40,71 €;562
6031;9129;SONDAS EXPLORACIÓN;Bestdent;INSTRUMENTAL;Hu-Friedy. EX56. Mango Satin Steel.;4 unidades.;34.4;34,40 €;562
6032;9313;SONDAS EXPLORACIÓN;Bestdent;INSTRUMENTAL;Hu-Friedy. Explorador EXD57;4 unidades.;39.0;39,00 €;562
6033;0524;Produto Dentário;;INSTRUMENTAL;Silver Line. Sonda Parodontal Silver CP-12;;22.43;22,43 €;564
6034;0588;Produto Dentário;;INSTRUMENTAL;Hu-Friedy. Sonda CP 11 Mango 6. Marcas: 3 - 6 - 8 -;;41.5;41,50 €;564
6035;0589;Produto Dentário;;INSTRUMENTAL;Hu-Friedy. Sonda CP 12 S.T. Con mango Satin Steel.;;41.5;41,50 €;564
6036;0627;Produto Dentário;;INSTRUMENTAL;Hu-Friedy. “WILLIAMS”.;;35.5;35,50 €;564
6037;0628;Produto Dentário;;INSTRUMENTAL;Hu-Friedy. Sonda CP 11 Marcas: 3 - 6 - 8 - 11 mm.;;39.5;39,50 €;564
6038;0648;mm. Extremo de bolita.;;INSTRUMENTAL;Hu-Friedy. Sonda CP 11,5B Marcas: 3,5 - 5, 5 - 8, 5 - 11,5;;39.5;39,50 €;564
6039;0649;mm. Extremo de bolita.;;INSTRUMENTAL;Hu-Friedy. Sonda CP 12 Marcas: 3 - 6 -9 - 12 mm.;;39.5;39,50 €;564
6040;2603;Produto Dentário;;INSTRUMENTAL;LM. Sonda 550B Extremo de bolita. Mango de silicona.;;41.5;41,50 €;564
6041;49160;Produto Dentário;;INSTRUMENTAL;Asa Dental. Sonda Periodoncia O.M.S.;;39.5;39,50 €;564
6042;4961;Produto Dentário;;INSTRUMENTAL;Asa Dental. CP 11. Marcas: 3 - 6 - 8 - 11 mm.;;22.39;22,39 €;564
6043;9146;Produto Dentário;;INSTRUMENTAL;Hu-Friedy. Sonda CP 11,5B. Mango Satin Steel;;41.5;41,50 €;564
6044;9147;Produto Dentário;;INSTRUMENTAL;Hu-Friedy. Sonda CP 8;;39.5;39,50 €;564
6045;9148;Produto Dentário;;INSTRUMENTAL;Hu-Friedy. Sonda CP15.;;39.5;39,50 €;564
6046;9160;Produto Dentário;;INSTRUMENTAL;Hu-Friedy. Sonda PQ2N color;;64.5;64,50 €;564
6047;9161;Produto Dentário;;INSTRUMENTAL;Hu-Friedy. Sonda PQOW;;35.5;35,50 €;564
6048;9271;Sondas de periodoncia;;INSTRUMENTAL;Hu-Friedy. Sonda PC15;;41.5;41,50 €;564
6049;93322;Marcas: 1 - 2 - 3 - 4 - 5 - 7 - 8 - 9 - 10 mm.;;INSTRUMENTAL;Sonda Williams marcas negras;;41.5;41,50 €;564
6050;93324;Marcas: 1 - 2 - 3 - 4 - 5 - 7 - 8 - 9 - 10 mm.;;INSTRUMENTAL;Silver Line. Sonda CP 11;;43.3;43,30 €;564
6051;93329;Marcas: 1 - 2 - 3 - 4 - 5 - 7 - 8 - 9 - 10 mm.;;INSTRUMENTAL;Silver Line. North California;;22.39;22,39 €;564
6052;9345;Produto Dentário;;INSTRUMENTAL;Silver Line. Sonda Parodontal Silver 3,5-5,5-8;;39.5;39,50 €;564
6053;93555;Produto Dentário;;INSTRUMENTAL;LM. Sonda 23-530B;;43.3;43,30 €;564
6054;93556;Produto Dentário;;INSTRUMENTAL;LM. Sonda 23-52B. Marcas: 2 - 4 - 6 - 8 - 10 - 12 mm.;;43.3;43,30 €;564
6055;93557;Produto Dentário;;INSTRUMENTAL;LM. 23-520B. Marcas: 2-4-6-8-10-12 mm. Extremo bolita.;;43.3;43,30 €;564
6056;0702;Produto Dentário;;INSTRUMENTAL;Carl;;24.0;24,00 €;565
6057;0795;Produto Dentário;;INSTRUMENTAL;Carl Martin. Meriam Estriada 773.;;16.07;16,07 €;565
6058;49150;Pinzas;;INSTRUMENTAL;Asa Dental. Pinza nº. 1 FLAGG;;16.07;16,07 €;565
6059;49152;Pinzas;;INSTRUMENTAL;Asa;;16.07;16,07 €;565
6060;80203;PINZA MERIAM;Bestdent;INSTRUMENTAL;Meriam 16 cm -Bestdent;;10.36;10,36 €;565
6061;0579;Produto Dentário;;INSTRUMENTAL;Hu-Friedy. Meriam DP18;;30.66;30,66 €;566
6062;0656;Produto Dentário;;INSTRUMENTAL;Hu-Friedy. Cierre DP18L.;;27.72;27,72 €;566
6063;06930;Produto Dentário;;INSTRUMENTAL;Hu-Friedy. College DP17;;28.7;28,70 €;566
6064;0703;Produto Dentário;;INSTRUMENTAL;Carl Martin. Con Cierre 651. Acanalada;;43.5;43,50 €;566
6065;49151;para endodoncia.;;INSTRUMENTAL;Asa Dental. Pinza nº 2;;16.07;16,07 €;566
6066;49153;para endodoncia.;;INSTRUMENTAL;Asa Dental. Pinza con cierre nº 2;;28.7;28,70 €;566
6067;59960;OBTURADOR ALGODONES;Asa Dental;INSTRUMENTAL;;1 unidad;14.46;14,46 €;566
6068;80224;OBTURADOR ALGODONES;Asa Dental;INSTRUMENTAL;;1 unidad;13.45;13,45 €;566
6069;9119;Pinzas;;INSTRUMENTAL;Hu-Friedy. College DP2;;27.72;27,72 €;566
6070;9120;Pinzas;;INSTRUMENTAL;Hu-Friedy. College DP3;;29.68;29,68 €;566
6071;0807;ESPEJOS DESECHABLES BRILLANT;Hager & Werken;INSTRUMENTAL;;Espejos de plástico con Envasados individualmente. Esterilizables Envase de 100 uds.;53.32;53,32 €;567
6072;0854;KIT INSTRUMENTAL ESTÉRIL;Medistock;INSTRUMENTAL;;Caja de 10 Kits con: en frío. Front Surface. + Pinza Meriam con + Explorador con Espátula;53.32;53,32 €;567
6073;46285;KIT INSTRUMENTAL ESTÉRIL;Medistock;INSTRUMENTAL;Sonda 23;Caja de 10 Kits con: en frío. Front Surface. + Pinza Meriam con + Explorador con Espátula;24.84;24,84 €;567
6074;46286;KIT DE CONTROL ESTÉRIL;Medistock;INSTRUMENTAL;Sonda 6;Caja de 20 kits con espejo + sonda. Espejo con Espátula;24.84;24,84 €;567
6075;46287;KIT DE CONTROL ESTÉRIL;Medistock;INSTRUMENTAL;Sonda 9;Caja de 20 kits con espejo + sonda. Espejo con Espátula;24.84;24,84 €;567
6076;69854;KIT DE CONTROL ESTÉRIL;Medistock;INSTRUMENTAL;;Caja de 20 kits con espejo + sonda. Espejo con Espátula;21.86;21,86 €;567
6077;49188;KIT DIAGNÓSTICO;Asa Dental;INSTRUMENTAL;Kit diagnóstico: Espejo + Pinza + Sonda 6;;31.32;31,32 €;568
6078;49189;KIT DIAGNÓSTICO;Asa Dental;INSTRUMENTAL;Kit diagnóstico: Espejo + Pinza + Sonda 9;;31.32;31,32 €;568
6079;49190;KIT DIAGNÓSTICO;Asa Dental;INSTRUMENTAL;Kit diagnóstico: Espejo + Pinza+ Sonda 23;;31.32;31,32 €;568
6080;46269;Produto Dentário;;INSTRUMENTAL;Cureta Columbia 2R/2L (dientes anteriores);;28.59;28,59 €;569
6081;46275;Produto Dentário;;INSTRUMENTAL;;;31.95;31,95 €;569
6082;46276;Produto Dentário;;INSTRUMENTAL;;;31.95;31,95 €;569
6083;46277;Produto Dentário;;INSTRUMENTAL;;;31.95;31,95 €;569
6084;46278;Produto Dentário;;INSTRUMENTAL;;;31.95;31,95 €;569
6085;59769;Produto Dentário;;INSTRUMENTAL;;;31.95;31,95 €;569
6086;59770;Produto Dentário;;INSTRUMENTAL;;;31.95;31,95 €;569
6087;59772;Produto Dentário;;INSTRUMENTAL;;;31.95;31,95 €;569
6088;59945;Produto Dentário;;INSTRUMENTAL;;;31.95;31,95 €;569
6089;46272;CURE;Proclinic;INSTRUMENTAL;Cureta Aluminio Gracey 13/14 (caras distales molares);;24.15;24,15 €;570
6090;46273;CURE;Proclinic;INSTRUMENTAL;Cureta Aluminio Gracey 15/16 (caras distales molares);;24.15;24,15 €;570
6091;46274;CURE;Proclinic;INSTRUMENTAL;Cureta Aluminio Gracey 17/18 (caras distales molares);;24.15;24,15 €;570
6092;59764;CURE;Proclinic;INSTRUMENTAL;Cureta Aluminio Gracey 7/8;;24.15;24,15 €;570
6093;80557;CURETAS GRACEY;Bestdent;INSTRUMENTAL;13/14;;27.75;27,75 €;571
6094;80558;CURETAS GRACEY;Bestdent;INSTRUMENTAL;4R/4L;;27.75;27,75 €;571
6095;80559;CURETAS GRACEY;Bestdent;INSTRUMENTAL;11/12;;28.07;28,07 €;571
6096;80560;CURETAS GRACEY;Bestdent;INSTRUMENTAL;13/14;;28.07;28,07 €;571
6097;80561;CURETAS GRACEY;Bestdent;INSTRUMENTAL;3/4;;28.07;28,07 €;571
6098;80562;CURETAS GRACEY;Bestdent;INSTRUMENTAL;7/8;;28.07;28,07 €;571
6099;80563;CURETAS GRACEY;Bestdent;INSTRUMENTAL;5/6;;28.07;28,07 €;571
6100;0580;CURETAS;Hu-Friedy;INSTRUMENTAL;Columbia 13/14. Mango Satin Steel;;62.5;62,50 €;572
6101;0581;CURETAS;Hu-Friedy;INSTRUMENTAL;Columbia 4R/4L. Mango Satin Steel;;62.5;62,50 €;572
6102;0582;CURETAS;Hu-Friedy;INSTRUMENTAL;Gracey 3/4. Mango Satin Steel;;62.5;62,50 €;572
6103;0583;CURETAS;Hu-Friedy;INSTRUMENTAL;Gracey 5/6. Mango Satin Steel;;62.5;62,50 €;572
6104;0584;CURETAS;Hu-Friedy;INSTRUMENTAL;Gracey 7/8. Mango Satin Steel;;62.5;62,50 €;572
6105;05850;CURETAS;Hu-Friedy;INSTRUMENTAL;Gracey 11/12. Mango Satin Steel;;62.5;62,50 €;572
6106;05860;CURETAS;Hu-Friedy;INSTRUMENTAL;Gracey 13/14. Mango Satin Steel;;62.5;62,50 €;572
6107;0629;CURETAS;Hu-Friedy;INSTRUMENTAL;Columbia 2R/2L. Mango octogonal;;60.5;60,50 €;572
6108;0630;CURETAS;Hu-Friedy;INSTRUMENTAL;Columbia 4R/4L. Mango octogonal;;60.5;60,50 €;572
6109;0631;CURETAS;Hu-Friedy;INSTRUMENTAL;Columbia 13/14. Mango octogonal;;60.5;60,50 €;572
6110;0632;CURETAS;Hu-Friedy;INSTRUMENTAL;Gracey 3/4. Mango octogonal;;60.5;60,50 €;572
6111;0633;CURETAS;Hu-Friedy;INSTRUMENTAL;Gracey 11/12. Mango octogonal;;60.5;60,50 €;572
6112;0634;CURETAS;Hu-Friedy;INSTRUMENTAL;Gracey 13/14. Mango octogonal;;60.5;60,50 €;572
6113;0640;CURETAS;Hu-Friedy;INSTRUMENTAL;Gracey 5/6. Mango octogonal;;60.5;60,50 €;572
6114;0641;CURETAS;Hu-Friedy;INSTRUMENTAL;Gracey 7/8. Mango octogonal;;60.5;60,50 €;572
6115;0642;CURETAS;Hu-Friedy;INSTRUMENTAL;Gracey 9/10. Mango octogonal;;60.5;60,50 €;572
6116;9177;CURETAS;Hu-Friedy;INSTRUMENTAL;Gracey 1/2. Mango octogonal;;60.5;60,50 €;572
6117;9178;CURETAS;Hu-Friedy;INSTRUMENTAL;Gracey 1/2. Mango Satin Steel;;62.5;62,50 €;572
6118;9173;CURETAS GRACEY;Hu-Friedy;INSTRUMENTAL;Gracey 7/8. Mini Five. Mango Satin Steel;;62.5;62,50 €;573
6119;9226;CURETAS GRACEY;Hu-Friedy;INSTRUMENTAL;Gracey 1/2. Mini Five. Mango Satin Steel;;62.5;62,50 €;573
6120;9228;CURETAS GRACEY;Hu-Friedy;INSTRUMENTAL;Gracey 11/12. Mini Five. Mango Satin Steel;;62.5;62,50 €;573
6121;9229;CURETAS GRACEY;Hu-Friedy;INSTRUMENTAL;Gracey 13/14. Mini Five. Mango Satin Steel;;62.5;62,50 €;573
6122;93321;CURETAS GRACEY;Hu-Friedy;INSTRUMENTAL;Cureta;;63.5;63,50 €;573
6123;93323;CURETAS GRACEY;Hu-Friedy;INSTRUMENTAL;Cureta;;63.5;63,50 €;573
6124;93328;CURETAS GRACEY;Hu-Friedy;INSTRUMENTAL;Cureta;;63.5;63,50 €;573
6125;93330;CURETAS GRACEY;Hu-Friedy;INSTRUMENTAL;Cureta;;63.5;63,50 €;573
6126;0531;INSTRUMENTOS SILVER;Hu-Friedy;INSTRUMENTAL;Cureta Gracey 5/6 Silver;;27.6;27,60 €;574
6127;0532;INSTRUMENTOS SILVER;Hu-Friedy;INSTRUMENTAL;Cureta Gracey 7/8 Silver;;27.6;27,60 €;574
6128;0533;INSTRUMENTOS SILVER;Hu-Friedy;INSTRUMENTAL;Cureta Gracey 11/12 Silver;;27.6;27,60 €;574
6129;0534;INSTRUMENTOS SILVER;Hu-Friedy;INSTRUMENTAL;Cureta Gracey 13/14 Silver;;27.6;27,60 €;574
6130;0564;INSTRUMENTOS SILVER;Hu-Friedy;INSTRUMENTAL;Cureta Gracey 3/4 Silver;;27.6;27,60 €;574
6131;18702;INSTRUMENTOS SILVER;Hu-Friedy;INSTRUMENTAL;Cureta Gracey 17/18 Silver;;27.6;27,60 €;574
6132;93315;INSTRUMENTOS SILVER;Hu-Friedy;INSTRUMENTAL;Cureta Columbia 4R/4L Silver;;27.6;27,60 €;574
6133;93318;INSTRUMENTOS SILVER;Hu-Friedy;INSTRUMENTAL;Cureta Columbia 13/14 Silver;;27.6;27,60 €;574
6134;99691;INSTRUMENTOS SILVER;Hu-Friedy;INSTRUMENTAL;Cureta Gracey 1/2 Silver;;27.6;27,60 €;574
6135;08700;CURETAS;LM;INSTRUMENTAL;Cureta Gracey 1/2 rígida;;50.6;50,60 €;575
6136;08701;CURETAS;LM;INSTRUMENTAL;Cureta Gracey 7/8 rígida;;50.6;50,60 €;575
6137;08702;CURETAS;LM;INSTRUMENTAL;Cureta Gracey 11/12 rígida;;50.6;50,60 €;575
6138;08703;CURETAS;LM;INSTRUMENTAL;Cureta Gracey 13/14 rígida;;50.6;50,60 €;575
6139;4254;CURETAS;LM;INSTRUMENTAL;Cureta columbia 13/14;;50.6;50,60 €;575
6140;4257;CURETAS;LM;INSTRUMENTAL;Cureta Syntette Mini 215-216M;;56.9;56,90 €;575
6141;4260;CURETAS;LM;INSTRUMENTAL;Cureta Gracey 1/2;;50.6;50,60 €;575
6142;4261;CURETAS;LM;INSTRUMENTAL;Cureta Gracey 3/4;;50.6;50,60 €;575
6143;4262;CURETAS;LM;INSTRUMENTAL;Cureta Gracey P3/P4;;50.6;50,60 €;575
6144;4263;CURETAS;LM;INSTRUMENTAL;Cureta Gracey 5/6;;50.6;50,60 €;575
6145;4264;CURETAS;LM;INSTRUMENTAL;Cureta Gracey 7/8;;50.6;50,60 €;575
6146;4265;CURETAS;LM;INSTRUMENTAL;Cureta Gracey 9/10;;50.6;50,60 €;575
6147;4266;CURETAS;LM;INSTRUMENTAL;Cureta Gracey 11/12;;50.6;50,60 €;575
6148;4267;CURETAS;LM;INSTRUMENTAL;Cureta Gracey 11/12 mini;;50.6;50,60 €;575
6149;4268;CURETAS;LM;INSTRUMENTAL;Cureta Gracey 13/14 mini;;50.6;50,60 €;575
6150;4283;CURETAS;LM;INSTRUMENTAL;Cureta Gracey 13/14;;50.6;50,60 €;575
6151;43437;CURETAS;LM;INSTRUMENTAL;Cureta columbia 2L-2R;;50.6;50,60 €;575
6152;93558;CURETAS;LM;INSTRUMENTAL;Cureta Gracey mini 1/2;;50.6;50,60 €;575
6153;93559;CURETAS;LM;INSTRUMENTAL;Cureta Gracey 7/8 mini;;50.6;50,60 €;575
6154;93562;CURETAS;LM;INSTRUMENTAL;Cureta Syntette 215-216M;;56.9;56,90 €;575
6155;93563;CURETAS;LM;INSTRUMENTAL;Cureta Mini Langer 1/2;;50.6;50,60 €;575
6156;93564;CURETAS;LM;INSTRUMENTAL;Cureta Mini Langer 3/4;;50.6;50,60 €;575
6157;93565;CURETAS;LM;INSTRUMENTAL;Cureta Mini Langer 5/6;;50.6;50,60 €;575
6158;9619;CURETAS;LM;INSTRUMENTAL;Cureta Gracey 15/16 mini;;50.6;50,60 €;575
6159;96907;CURETAS;LM;INSTRUMENTAL;Cureta Gracey 17/18;;50.6;50,60 €;575
6160;99743;CURETAS;LM;INSTRUMENTAL;Cureta columbia 4L/4R;;50.6;50,60 €;575
6161;0662;CURETAS;Hu-Friedy;INSTRUMENTAL;Towner - Jacquette;;60.5;60,50 €;576
6162;0775;CURETAS;Hu-Friedy;INSTRUMENTAL;Osteo - Trimer 1004;;43.85;43,85 €;576
6163;9187;CURETAS;Hu-Friedy;INSTRUMENTAL;Raspador SH 6/7;;60.5;60,50 €;576
6164;9188;CURETAS;Hu-Friedy;INSTRUMENTAL;Raspador Morse;;60.5;60,50 €;576
6165;99187;DIAMOND LM;;INSTRUMENTAL;Mini Syntette;;83.3;83,30 €;576
6166;99188;DIAMOND LM;;INSTRUMENTAL;Microhoz;;76.7;76,70 €;576
6167;99189;DIAMOND LM;;INSTRUMENTAL;Minihoz SD;;76.7;76,70 €;576
6168;99190;Curetas sharp diamond;;INSTRUMENTAL;Mini Gracey;;76.7;76,70 €;576
6169;99191;Curetas sharp diamond;;INSTRUMENTAL;Mini Gracey;;76.7;76,70 €;576
6170;99192;Curetas sharp diamond;;INSTRUMENTAL;Mini Gracey 15/16 SD;;83.3;83,30 €;576
6171;99193;Curetas sharp diamond;;INSTRUMENTAL;Mini Gracey 7/8 SD;;76.7;76,70 €;576
6172;99194;Curetas sharp diamond;;INSTRUMENTAL;Mini Gracey 13/14 SD;;76.7;76,70 €;576
6173;99195;Curetas sharp diamond;;INSTRUMENTAL;Mini Gracey 17-18 SD;;76.7;76,70 €;576
6174;49171;CURETAS;Asa;INSTRUMENTAL;Gracey;;33.86;33,86 €;578
6175;49172;CURETAS;Asa;INSTRUMENTAL;Gracey;;33.86;33,86 €;578
6176;49173;CURETAS;Asa;INSTRUMENTAL;Gracey;;33.86;33,86 €;578
6177;49174;CURETAS;Asa;INSTRUMENTAL;Cureta;;22.67;22,67 €;578
6178;4950;CURETAS;Asa;INSTRUMENTAL;Estuche;;141.74;141,74 €;578
6179;4951;CURETAS;Asa;INSTRUMENTAL;Gracey;;33.86;33,86 €;578
6180;49510;CURETAS;Asa;INSTRUMENTAL;Gracey;;33.86;33,86 €;578
6181;4952;CURETAS;Asa;INSTRUMENTAL;Gracey;;33.86;33,86 €;578
6182;4953;CURETAS;Asa;INSTRUMENTAL;Gracey;;33.86;33,86 €;578
6183;9213;Produto Dentário;;INSTRUMENTAL;Raspador en Hoz U15/30;;66.5;66,50 €;578
6184;9329;Produto Dentário;;INSTRUMENTAL;Raspador en Hoz 6/7;;66.5;66,50 €;578
6185;9330;Produto Dentário;;INSTRUMENTAL;Raspador en Hoz 204S;;66.5;66,50 €;578
6186;93314;Interproximal Posteriores;;INSTRUMENTAL;Raspador en Hoz 204SD;;66.5;66,50 €;578
6187;93316;Superficies Distales;;INSTRUMENTAL;Raspador en Hoz SM23 Posterior;;66.5;66,50 €;578
6188;99730;Produto Dentário;;INSTRUMENTAL;Raspador en Hoz Jacquette;;66.5;66,50 €;578
6189;11301;CURETAS GRACEY COLORES EVEREDGE;;INSTRUMENTAL;Cureta Gracey 9/10 Color rojo;;66.5;66,50 €;579
6190;11304;CURETAS GRACEY COLORES EVEREDGE;;INSTRUMENTAL;Cureta Gracey 3/4 Color negro;;66.5;66,50 €;579
6191;11305;CURETAS GRACEY COLORES EVEREDGE;;INSTRUMENTAL;Cureta Gracey 1/2 Color gris;;66.5;66,50 €;579
6192;70306;Produto Dentário;;INSTRUMENTAL;Cureta Gracey 11/12 After Five naranja;;66.5;66,50 €;579
6193;70307;Produto Dentário;;INSTRUMENTAL;Cureta Gracey 13/14 After Five azul;;66.5;66,50 €;579
6194;9202;COLUMBIA EVEREDGE;;INSTRUMENTAL;Cureta Gracey 3/4 Everedge;;66.5;66,50 €;579
6195;9203;COLUMBIA EVEREDGE;;INSTRUMENTAL;Cureta Gracey 5/6 Everedge;;66.5;66,50 €;579
6196;9204;COLUMBIA EVEREDGE;;INSTRUMENTAL;Cureta Gracey 7/8 Everedge;;66.5;66,50 €;579
6197;9205;COLUMBIA EVEREDGE;;INSTRUMENTAL;Cureta Gracey 9/10 Everedge;;66.5;66,50 €;579
6198;9206;COLUMBIA EVEREDGE;;INSTRUMENTAL;Cureta Gracey 11/12 Everedge;;66.5;66,50 €;579
6199;9207;COLUMBIA EVEREDGE;;INSTRUMENTAL;Cureta Gracey 13/14 Everedge;;66.5;66,50 €;579
6200;9210;COLUMBIA EVEREDGE;;INSTRUMENTAL;Cureta Columbia 2R/2L - Anteriores;;66.5;66,50 €;579
6201;9211;COLUMBIA EVEREDGE;;INSTRUMENTAL;Cureta Columbia 4R/4L - Posteriores;;66.5;66,50 €;579
6202;9212;COLUMBIA EVEREDGE;;INSTRUMENTAL;Cureta Columbia 13/14 - Universal;;66.5;66,50 €;579
6203;9295;GRACEY EVEREDGE;;INSTRUMENTAL;Cureta Gracey 1/2 Everedge;;66.5;66,50 €;579
6204;93309;Produto Dentário;;INSTRUMENTAL;Cureta Gracey 13/14 Color azul;;66.5;66,50 €;579
6205;93310;Produto Dentário;;INSTRUMENTAL;Cureta Gracey 11/12 Color naranja;;66.5;66,50 €;579
6206;93311;Produto Dentário;;INSTRUMENTAL;Cureta Gracey 5/6 Color amarillo;;66.5;66,50 €;579
6207;93312;Produto Dentário;;INSTRUMENTAL;Cureta Gracey 7/8 Color verde;;66.5;66,50 €;579
6208;99735;Produto Dentário;;INSTRUMENTAL;Cureta Gracey 17/18 azul;;66.5;66,50 €;579
6209;99736;Produto Dentário;;INSTRUMENTAL;Cureta Gracey 15/16 After Five naranja;;66.5;66,50 €;579
6210;0682;GRACEY MICRO MINI-FIVE;;INSTRUMENTAL;Cureta Gracey Micro Mini-Five 11/12;;66.5;66,50 €;580
6211;0683;GRACEY MICRO MINI-FIVE;;INSTRUMENTAL;Cureta Gracey Micro Mini-Five 13/14;;66.5;66,50 €;580
6212;70304;Produto Dentário;;INSTRUMENTAL;Mini/Five 7/8 verde;;66.5;66,50 €;580
6213;70305;Produto Dentário;;INSTRUMENTAL;Mini/Five 5/6 amarillo;;66.5;66,50 €;580
6214;90616;GRACEY MINI-FIVE;;INSTRUMENTAL;Mini/Five 13/14 azul;;66.5;66,50 €;580
6215;90617;GRACEY MINI-FIVE;;INSTRUMENTAL;Mini/Five 1/2 gris;;66.5;66,50 €;580
6216;92022;Produto Dentário;;INSTRUMENTAL;Mini/Five 11/12;;66.5;66,50 €;580
6217;0643;CURETAS RÍGIDAS;Hu-Friedy;INSTRUMENTAL;Columbia Rígida 13/14. Mango octogonal;;62.5;62,50 €;581
6218;0644;CURETAS RÍGIDAS;Hu-Friedy;INSTRUMENTAL;Gracey Rígida 5/6. Mango octogonal;;60.5;60,50 €;581
6219;0645;CURETAS RÍGIDAS;Hu-Friedy;INSTRUMENTAL;Gracey Rígida 5/6. Mango octogonal;;60.5;60,50 €;581
6220;0646;CURETAS RÍGIDAS;Hu-Friedy;INSTRUMENTAL;Gracey Rígida 11/12. Mango octogonal;;60.5;60,50 €;581
6221;0647;CURETAS RÍGIDAS;Hu-Friedy;INSTRUMENTAL;Gracey Rígida 13/14. Mango octogonal;;60.5;60,50 €;581
6222;18780;CURETAS RÍGIDAS;Hu-Friedy;INSTRUMENTAL;Cureta Gracey 17 /18 Mango Satin Steel;;62.5;62,50 €;581
6223;9230;CURETAS RÍGIDAS;Hu-Friedy;INSTRUMENTAL;Gracey Rígida 1/2. Mango Satin Steel;;62.5;62,50 €;581
6224;9231;CURETAS RÍGIDAS;Hu-Friedy;INSTRUMENTAL;Gracey Rígida 11/12. Mango Everedge;;66.5;66,50 €;581
6225;9232;CURETAS RÍGIDAS;Hu-Friedy;INSTRUMENTAL;Gracey Rígida 11/12. Mango Satin Steel;;62.5;62,50 €;581
6226;9234;CURETAS RÍGIDAS;Hu-Friedy;INSTRUMENTAL;Gracey Rígida 13/14. Mango Satin Steel;;60.5;60,50 €;581
6227;9235;CURETAS RÍGIDAS;Hu-Friedy;INSTRUMENTAL;Gracey Rígida 5/6. Mango Everedge;;66.5;66,50 €;581
6228;9236;CURETAS RÍGIDAS;Hu-Friedy;INSTRUMENTAL;Gracey Rígida 5/6. Mango Satin Steel;;62.5;62,50 €;581
6229;9237;CURETAS RÍGIDAS;Hu-Friedy;INSTRUMENTAL;Gracey Rígida 7/8. Mango Satin Steel;;62.5;62,50 €;581
6230;9239;CURETAS RÍGIDAS;Hu-Friedy;INSTRUMENTAL;Gracey Rígida 9/10. Mango Satin Steel;;62.5;62,50 €;581
6231;9340;CURETAS RÍGIDAS;Hu-Friedy;INSTRUMENTAL;Gracey Rígida 13/14. Mango Everedge;;66.5;66,50 €;581
6232;9341;CURETAS RÍGIDAS;Hu-Friedy;INSTRUMENTAL;Gracey Rígida 11/12. Mango Everedge;;66.5;66,50 €;581
6233;96909;CURETAS RÍGIDAS;Hu-Friedy;INSTRUMENTAL;Gracey Rígida 7/8. Mango Everedge;;66.5;66,50 €;581
6234;1626;CURETAS IMPLANT;Kerr;INSTRUMENTAL;Universal Implant (2u.);2 Unidades;69.79;69,79 €;582
6235;16260;CURETAS IMPLANT;Kerr;INSTRUMENTAL;Universal Implant (5u.);2 Unidades;143.41;143,41 €;582
6236;90601;KIT INTRO MANTENIMIENTO;Hu-Friedy;INSTRUMENTAL;;Con curetas Implacare H6/H7, 1 set de puntas tipo Columbia 4R/4L, Colorvue, 1 set de puntas Nº11, 1 set de puntas;143.9;143,90 €;582
6237;90602;KIT INTRO MANTENIMIENTO;Hu-Friedy;INSTRUMENTAL;Kit Sondas nº11 (3-6-8-11);Con curetas Implacare H6/H7, 1 set de puntas tipo Columbia 4R/4L, Colorvue, 1 set de puntas Nº11, 1 set de puntas;102.2;102,20 €;582
6238;90603;KIT INTRO MANTENIMIENTO;Hu-Friedy;INSTRUMENTAL;Kit Sondas nº12 (3-6-9-12);Con curetas Implacare H6/H7, 1 set de puntas tipo Columbia 4R/4L, Colorvue, 1 set de puntas Nº11, 1 set de puntas;102.2;102,20 €;582
6239;90604;KIT INTRO MANTENIMIENTO;Hu-Friedy;INSTRUMENTAL;Kit Sondas Williams (1-2-3-5-7-8-9-10);Con curetas Implacare H6/H7, 1 set de puntas tipo Columbia 4R/4L, Colorvue, 1 set de puntas Nº11, 1 set de puntas;102.2;102,20 €;582
6240;90605;KIT INTRO MANTENIMIENTO;Hu-Friedy;INSTRUMENTAL;Sondas UNC12.(1-2-3-4-5-6-7-8-9-10-11-12);Con curetas Implacare H6/H7, 1 set de puntas tipo Columbia 4R/4L, Colorvue, 1 set de puntas Nº11, 1 set de puntas;102.2;102,20 €;582
6241;90606;KIT INTRO MANTENIMIENTO;Hu-Friedy;INSTRUMENTAL;Kit Sondas nº11 (3-6-8-11);Con curetas Implacare H6/H7, 1 set de puntas tipo Columbia 4R/4L, Colorvue, 1 set de puntas Nº11, 1 set de puntas;167.5;167,50 €;582
6242;90607;KIT INTRO MANTENIMIENTO;Hu-Friedy;INSTRUMENTAL;Kit Sondas nº12 (3-6-9-12);Con curetas Implacare H6/H7, 1 set de puntas tipo Columbia 4R/4L, Colorvue, 1 set de puntas Nº11, 1 set de puntas;167.5;167,50 €;582
6243;90608;KIT INTRO MANTENIMIENTO;Hu-Friedy;INSTRUMENTAL;Rep. nº11 COLORVUE (3-6-8-11);Con curetas Implacare H6/H7, 1 set de puntas tipo Columbia 4R/4L, Colorvue, 1 set de puntas Nº11, 1 set de puntas;136.6;136,60 €;582
6244;90609;KIT INTRO MANTENIMIENTO;Hu-Friedy;INSTRUMENTAL;Rep. nº12 COLORVUE (3-6-9-12);Con curetas Implacare H6/H7, 1 set de puntas tipo Columbia 4R/4L, Colorvue, 1 set de puntas Nº11, 1 set de puntas;136.6;136,60 €;582
6245;90611;KIT INTRO MANTENIMIENTO;Hu-Friedy;INSTRUMENTAL;Rep. nº11 COLORVUE UNC12;Con curetas Implacare H6/H7, 1 set de puntas tipo Columbia 4R/4L, Colorvue, 1 set de puntas Nº11, 1 set de puntas;136.6;136,60 €;582
6246;90612;KIT INTRO MANTENIMIENTO;Hu-Friedy;INSTRUMENTAL;Mango para sondas COLORVUE;Con curetas Implacare H6/H7, 1 set de puntas tipo Columbia 4R/4L, Colorvue, 1 set de puntas Nº11, 1 set de puntas;26.2;26,20 €;582
6247;90613;KIT INTRO MANTENIMIENTO;Hu-Friedy;INSTRUMENTAL;Punta nº12;Con curetas Implacare H6/H7, 1 set de puntas tipo Columbia 4R/4L, Colorvue, 1 set de puntas Nº11, 1 set de puntas;34.5;34,50 €;582
6248;90614;KIT INTRO MANTENIMIENTO;Hu-Friedy;INSTRUMENTAL;Punta nº11;Con curetas Implacare H6/H7, 1 set de puntas tipo Columbia 4R/4L, Colorvue, 1 set de puntas Nº11, 1 set de puntas;167.5;167,50 €;582
6249;90615;KIT INTRO MANTENIMIENTO;Hu-Friedy;INSTRUMENTAL;Punta Williams;Con curetas Implacare H6/H7, 1 set de puntas tipo Columbia 4R/4L, Colorvue, 1 set de puntas Nº11, 1 set de puntas;167.5;167,50 €;582
6250;9109;CURETAS IMPLANT;Kerr;INSTRUMENTAL;;;102.0;102,00 €;582
6251;9110;CURETAS IMPLANT;Kerr;INSTRUMENTAL;;;100.0;100,00 €;582
6252;9111;CURETAS IMPLANT;Kerr;INSTRUMENTAL;;;100.0;100,00 €;582
6253;9112;CURETAS IMPLANT;Kerr;INSTRUMENTAL;Cureta Miller 10;;100.0;100,00 €;582
6254;9113;CURETAS IMPLANT;Kerr;INSTRUMENTAL;Cureta Miller 11;;100.0;100,00 €;582
6255;9114;CURETAS IMPLANT;Kerr;INSTRUMENTAL;Cureta Molt 2/4;;100.0;100,00 €;582
6256;98930;Produto Dentário;;INSTRUMENTAL;Cureta Lucas CL856;;102.0;102,00 €;582
6257;0661;CUCHILLOS;Proclinic;INSTRUMENTAL;Crane-Kaplan Hu-Friedy - kck 3. Doble.;;102.2;102,20 €;583
6258;4255;CURETA RASPADOR LM;LM;INSTRUMENTAL;Microhoz 301-302;;50.6;50,60 €;583
6259;4256;CUCHILLOS DE PERIODONCIA;LM;INSTRUMENTAL;Minihoz 311-312;Ergomax;50.6;50,60 €;583
6260;42689;CUCHILLOS DE PERIODONCIA;Asa Dental;INSTRUMENTAL;lM Sickle 313-314;;50.6;50,60 €;583
6261;49175;CUCHILLOS DE PERIODONCIA;Asa Dental;INSTRUMENTAL;Mini scaler crane-kaplan;;22.67;22,67 €;583
6262;9134;CUCHILLOS;Proclinic;INSTRUMENTAL;Zingheim 1;;100.0;100,00 €;583
6263;10260;LLAVES PARA INSERTOS;Proclinic;INSTRUMENTAL;Llave de metal para Mectron Proclinic;;49.0;49,00 €;584
6264;10261;LLAVES PARA INSERTOS;Proclinic;INSTRUMENTAL;Llave plástico para NSK Proclinic;;27.0;27,00 €;584
6265;10262;LLAVES PARA INSERTOS;Proclinic;INSTRUMENTAL;Llave plástico para Sirona Proclinic;;27.0;27,00 €;584
6266;10269;LLAVES PARA INSERTOS;Proclinic;INSTRUMENTAL;Llave plástico para Satelec Proclinic;;27.0;27,00 €;584
6267;10270;LLAVES PARA INSERTOS;Proclinic;INSTRUMENTAL;Llave plástico para EMS Proclinic;;27.0;27,00 €;584
6268;10271;LLAVES PARA INSERTOS;Proclinic;INSTRUMENTAL;Llave plástico para Kavo Proclinic;;27.0;27,00 €;584
6269;70123;INSERTOS PARA ULTRASONIDOS;Proclinic;INSTRUMENTAL;Inserto Nº6 Proclinic (para Kavo);Envase 1 unidad. PROFILAXIS;116.0;116,00 €;584
6270;70124;INSERTOS PARA ULTRASONIDOS;Proclinic;INSTRUMENTAL;Inserto Nº7 Proclinic (para Kavo);Envase 1 unidad. PROFILAXIS;116.0;116,00 €;584
6271;70125;INSERTOS PARA ULTRASONIDOS;Proclinic;INSTRUMENTAL;Inserto Nº8 Proclinic (para Kavo);Envase 1 unidad. PROFILAXIS;116.0;116,00 €;584
6272;70126;INSERTOS PARA ULTRASONIDOS;Proclinic;INSTRUMENTAL;Inserto Nº60 Proclinic (para Kavo);Envase 1 unidad. PROFILAXIS;116.0;116,00 €;584
6273;70127;INSERTOS PARA ULTRASONIDOS;Proclinic;INSTRUMENTAL;Inserto Nº61 Proclinic (Para Kavo);Envase 1 unidad. PROFILAXIS;116.0;116,00 €;584
6274;70128;INSERTOS PARA ULTRASONIDOS;Proclinic;INSTRUMENTAL;Inserto Nº62Proclinic (para Kavo);Envase 1 unidad. PROFILAXIS;116.0;116,00 €;584
6275;70129;INSERTOS PARA ULTRASONIDOS;Proclinic;INSTRUMENTAL;Inserto Nº9 Proclinic (para Kavo);Envase 1 unidad. PROFILAXIS;116.0;116,00 €;584
6276;70130;INSERTOS PARA ULTRASONIDOS;Proclinic;INSTRUMENTAL;Inserto Nº10 Proclinic (para Kavo);Envase 1 unidad. PROFILAXIS;116.0;116,00 €;584
6277;70131;INSERTOS PARA ULTRASONIDOS;Proclinic;INSTRUMENTAL;Inserto Nº11 Proclinic (para Kavo);Envase 1 unidad. PROFILAXIS;116.0;116,00 €;584
6278;70132;INSERTOS PARA ULTRASONIDOS;Proclinic;INSTRUMENTAL;Inserto G1 Proclinic (para NSK);Envase 1 unidad. PROFILAXIS;116.0;116,00 €;584
6279;95087;INSERTOS PARA ULTRASONIDOS;Proclinic;INSTRUMENTAL;Inserto N. 1Proclinic (para Satelec);Envase 1 unidad. PROFILAXIS;116.0;116,00 €;584
6280;95088;INSERTOS PARA ULTRASONIDOS;Proclinic;INSTRUMENTAL;;Envase 1 unidad. PROFILAXIS;116.0;116,00 €;584
6281;95089;INSERTOS PARA ULTRASONIDOS;Proclinic;INSTRUMENTAL;Inserto N. 1S Proclinic (para Satelec);Envase 1 unidad. PROFILAXIS;116.0;116,00 €;584
6282;95090;INSERTOS PARA ULTRASONIDOS;Proclinic;INSTRUMENTAL;Inserto N. 10 P Proclinic (para Satelec);Envase 1 unidad. PROFILAXIS;116.0;116,00 €;584
6283;95091;INSERTOS PARA ULTRASONIDOS;Proclinic;INSTRUMENTAL;Inserto N. 10 X Proclinic (para Satelec);Envase 1 unidad. PROFILAXIS;116.0;116,00 €;584
6284;95092;INSERTOS PARA ULTRASONIDOS;Proclinic;INSTRUMENTAL;Inserto N. 10 Z Proclinic (para Satelec);Envase 1 unidad. PROFILAXIS;116.0;116,00 €;584
6285;95095;INSERTOS PARA ULTRASONIDOS;Proclinic;INSTRUMENTAL;Inserto S1 Proclinic (para Mectron);Envase 1 unidad. PROFILAXIS;116.0;116,00 €;584
6286;95096;INSERTOS PARA ULTRASONIDOS;Proclinic;INSTRUMENTAL;Inserto S2 Proclinic (para Mectron);Envase 1 unidad. PROFILAXIS;116.0;116,00 €;584
6287;95097;INSERTOS PARA ULTRASONIDOS;Proclinic;INSTRUMENTAL;Inserto Nº5 Proclinic (para Kavo);Envase 1 unidad. PROFILAXIS;116.0;116,00 €;584
6288;95098;INSERTOS PARA ULTRASONIDOS;Proclinic;INSTRUMENTAL;Inserto A Proclinic (para Ems);Envase 1 unidad. PROFILAXIS;116.0;116,00 €;584
6289;95100;INSERTOS PARA ULTRASONIDOS;Proclinic;INSTRUMENTAL;Inserto Ps Proclinic (para Ems);Envase 1 unidad. PROFILAXIS;116.0;116,00 €;584
6290;95113;LLAVES PARA INSERTOS;Proclinic;INSTRUMENTAL;Llave de metal para Satelec Proclinic;;27.0;27,00 €;584
6291;95115;LLAVES PARA INSERTOS;Proclinic;INSTRUMENTAL;;;27.0;27,00 €;584
6292;95116;LLAVES PARA INSERTOS;Proclinic;INSTRUMENTAL;Llave de metal para Kavo Proclinic;;27.0;27,00 €;584
6293;08711;INSERTOS PARA ULTRASONIDOS;Ems;INSTRUMENTAL;;;140.4;140,40 €;586
6294;87290;INSERTOS PARA ULTRASONIDOS;Dentsply;INSTRUMENTAL;Cavitron Fsi-1000 25K Recta;;200.93;200,93 €;588
6295;8754;INSERTOS PARA ULTRASONIDOS;Dentsply;INSTRUMENTAL;Cavitron Fsi-10 30K Recta;;200.93;200,93 €;588
6296;87541;INSERTOS PARA ULTRASONIDOS;Dentsply;INSTRUMENTAL;Cavitron Fsi-Pwr-Fitgrip-100 30K;;200.93;200,93 €;588
6297;87542;INSERTOS PARA ULTRASONIDOS;Dentsply;INSTRUMENTAL;Cavitron Thinsert Fitgrip 30K;;200.93;200,93 €;588
6298;87543;INSERTOS PARA ULTRASONIDOS;Dentsply;INSTRUMENTAL;Cavitron Fsi-Pwr-Fitgrip 10 30K;;200.93;200,93 €;588
6299;87544;INSERTOS PARA ULTRASONIDOS;Dentsply;INSTRUMENTAL;Cavitron;;36.51;36,51 €;588
6300;87545;INSERTOS PARA ULTRASONIDOS;Dentsply;INSTRUMENTAL;Cavitron Thinsert 30K;;200.93;200,93 €;588
6301;87546;INSERTOS PARA ULTRASONIDOS;Dentsply;INSTRUMENTAL;Cavitron Fsi-Sli-1000Str. 25K;;204.99;204,99 €;588
6302;87547;INSERTOS PARA ULTRASONIDOS;Dentsply;INSTRUMENTAL;Cavitron Fsi-Sli-1000Str. 30K;;200.93;200,93 €;588
6303;87548;INSERTOS PARA ULTRASONIDOS;Dentsply;INSTRUMENTAL;Cavitron Fsi-Sli-10 Recta 25K;;204.99;204,99 €;588
6304;87549;INSERTOS PARA ULTRASONIDOS;Dentsply;INSTRUMENTAL;Cavitron Fsi-Sli-10R Right 25K;;204.99;204,99 €;588
6305;87550;INSERTOS PARA ULTRASONIDOS;Dentsply;INSTRUMENTAL;Cavitron Fsi-Sli-10R Right 30K;;200.93;200,93 €;588
6306;87551;INSERTOS PARA ULTRASONIDOS;Dentsply;INSTRUMENTAL;Cavitron Fsi-Sli-10L Left 25K;;204.99;204,99 €;588
6307;87552;INSERTOS PARA ULTRASONIDOS;Dentsply;INSTRUMENTAL;Cavitron Fsi-Sli-10L Left 30K;;200.93;200,93 €;588
6308;87553;INSERTOS PARA ULTRASONIDOS;Dentsply;INSTRUMENTAL;Cavitron Fsi-Sli-10 (1 L/1R) 25K (2 uds.);;36.51;36,51 €;588
6309;87554;INSERTOS PARA ULTRASONIDOS;Dentsply;INSTRUMENTAL;Cavitron Fsi-Sli-10 (1 L/1R) 30K (2 uds.);;370.08;370,08 €;588
6310;87555;INSERTOS PARA ULTRASONIDOS;Dentsply;INSTRUMENTAL;Cavitron Fsi-Sli 10 (Str 1L/1R) 25K(3 uds.);;208.11;208,11 €;588
6311;87556;INSERTOS PARA ULTRASONIDOS;Dentsply;INSTRUMENTAL;Cavitron Fsi-Sli 10 (Str 1L/1R) 30K(3 uds.);;200.83;200,83 €;588
6312;87557;INSERTOS PARA ULTRASONIDOS;Dentsply;INSTRUMENTAL;Cavitron Fsi-Sli-Fitgrip-10S 30K;;200.93;200,93 €;588
6313;87558;INSERTOS PARA ULTRASONIDOS;Dentsply;INSTRUMENTAL;Cavitron Fsi-Sli-Fitgrip-10L 30K;;200.93;200,93 €;588
6314;87559;INSERTOS PARA ULTRASONIDOS;Dentsply;INSTRUMENTAL;Cavitron Fsi-Sli-Fitgrip-10R 30K;;200.93;200,93 €;588
6315;87563;INSERTOS PARA ULTRASONIDOS;Dentsply;INSTRUMENTAL;Cavitron Fsi-Sli-Fitgrip-1000 30K;;200.93;200,93 €;588
6316;87564;INSERTOS PARA ULTRASONIDOS;Dentsply;INSTRUMENTAL;Cavitron Fsi-10 25K;;200.93;200,93 €;588
6317;87565;INSERTOS PARA ULTRASONIDOS;Dentsply;INSTRUMENTAL;Cavitron Fsi-100 25K;;200.93;200,93 €;588
6318;87566;INSERTOS PARA ULTRASONIDOS;Dentsply;INSTRUMENTAL;Cavitron Fsi-100 30K;;200.93;200,93 €;588
6319;87567;INSERTOS PARA ULTRASONIDOS;Dentsply;INSTRUMENTAL;Cavitron Fsi-3 Thin Beavertail 25K;;200.93;200,93 €;588
6320;87568;INSERTOS PARA ULTRASONIDOS;Dentsply;INSTRUMENTAL;Cavitron Fsi-3 Thin Beavertail 30K;;200.93;200,93 €;588
6321;87569;INSERTOS PARA ULTRASONIDOS;Dentsply;INSTRUMENTAL;Cavitron Fsi-Pwr-Fitgrip 3 30K;;200.93;200,93 €;588
6322;87570;INSERTOS PARA ULTRASONIDOS;Dentsply;INSTRUMENTAL;Cavitron Fsi-Pwr-Fitgrip-1000 30K;;200.93;200,93 €;588
6323;87571;INSERTOS PARA ULTRASONIDOS;Dentsply;INSTRUMENTAL;Cavitron Jet Air Polishing Insert;;200.93;200,93 €;588
6324;88160;INSERTOS PARA ULTRASONIDOS;Dentsply;INSTRUMENTAL;Cavitron Fsi-Sli-10 Recta 30K;;200.93;200,93 €;588
6325;8959;INSERTOS PARA ULTRASONIDOS;Dentsply;INSTRUMENTAL;Cavitron Softtip Implant 30K;;208.11;208,11 €;588
6326;8973;INSERTOS PARA ULTRASONIDOS;Dentsply;INSTRUMENTAL;Cavitron Fsi-1000 30K Recta;;200.93;200,93 €;588
6327;95136;INSERTOS PARA ULTRASONIDOS;Dentsply;INSTRUMENTAL;Cavitron;;200.83;200,83 €;588
6328;10263;LLAVES PARA INSERTOS;Bestdent;INSTRUMENTAL;Llave plástico para Satelec;1 unidad;24.0;24,00 €;590
6329;10264;LLAVES PARA INSERTOS;Bestdent;INSTRUMENTAL;Llave plástico para EMS;1 unidad;24.0;24,00 €;590
6330;10265;LLAVES PARA INSERTOS;Bestdent;INSTRUMENTAL;Llave plástico para Kavo;1 unidad;24.0;24,00 €;590
6331;10266;LLAVES PARA INSERTOS;Bestdent;INSTRUMENTAL;Llave de metal para Mectron;1 unidad;46.0;46,00 €;590
6332;10267;LLAVES PARA INSERTOS;Bestdent;INSTRUMENTAL;Llave plástico para NSK;1 unidad;24.0;24,00 €;590
6333;10268;LLAVES PARA INSERTOS;Bestdent;INSTRUMENTAL;Llave plástico para Sirona;1 unidad;24.0;24,00 €;590
6334;0535;EXCAVADORES;Silver Line;INSTRUMENTAL;;;24.15;24,15 €;598
6335;0536;EXCAVADORES;Silver Line;INSTRUMENTAL;;;24.15;24,15 €;598
6336;0537;EXCAVADORES;Silver Line;INSTRUMENTAL;;;24.15;24,15 €;598
6337;0538;EXCAVADORES;Silver Line;INSTRUMENTAL;;;24.15;24,15 €;598
6338;0539;EXCAVADORES;Silver Line;INSTRUMENTAL;;;24.15;24,15 €;598
6339;0540;EXCAVADORES;Silver Line;INSTRUMENTAL;;;24.15;24,15 €;598
6340;0541;EXCAVADORES;Silver Line;INSTRUMENTAL;;;20.7;20,70 €;598
6341;38291;FÓRCEPS RETRACCIÓN TEJIDOS LASNER;Laschal;INSTRUMENTAL;;1 u.;470.0;470,00 €;598
6342;80578;HOJAS DE BISTURÍ BESTDENT;Bestdent;INSTRUMENTAL;N.10;100 unidades;23.68;23,68 €;633
6343;80579;HOJAS DE BISTURÍ BESTDENT;Bestdent;INSTRUMENTAL;N.11;100 unidades;23.68;23,68 €;633
6344;80580;HOJAS DE BISTURÍ BESTDENT;Bestdent;INSTRUMENTAL;N.12;100 unidades;23.68;23,68 €;633
6345;80581;HOJAS DE BISTURÍ BESTDENT;Bestdent;INSTRUMENTAL;N.15;100 unidades;23.68;23,68 €;633
6346;80582;HOJAS DE BISTURÍ BESTDENT;Bestdent;INSTRUMENTAL;N.15C;100 unidades;23.68;23,68 €;633
6347;0722;FÓRCEPS;Carl Martin;INSTRUMENTAL;·;;107.09;107,09 €;652
6348;0724;FÓRCEPS;Carl Martin;INSTRUMENTAL;·;;107.09;107,09 €;652
6349;0725;FÓRCEPS;Carl Martin;INSTRUMENTAL;·;;128.95;128,95 €;652
6350;0726;FÓRCEPS;Carl Martin;INSTRUMENTAL;·;;109.72;109,72 €;652
6351;0727;FÓRCEPS;Carl Martin;INSTRUMENTAL;·;;109.72;109,72 €;652
6352;0729;FÓRCEPS;Carl Martin;INSTRUMENTAL;·;;109.72;109,72 €;652
6353;0731;FÓRCEPS;Carl Martin;INSTRUMENTAL;·;;109.72;109,72 €;652
6354;0732;FÓRCEPS;Carl Martin;INSTRUMENTAL;·;;128.79;128,79 €;652
6355;0733;FÓRCEPS;Carl Martin;INSTRUMENTAL;·;;111.92;111,92 €;652
6356;0734;FÓRCEPS;Carl Martin;INSTRUMENTAL;·;;143.29;143,29 €;652
6357;0730;FÓRCEPS;Carl Martin;INSTRUMENTAL;·;;104.51;104,51 €;653
6358;0737;FÓRCEPS;Carl Martin;INSTRUMENTAL;·;;140.87;140,87 €;653
6359;59509;FÓRCEPS;Carl Martin;INSTRUMENTAL;·;;146.61;146,61 €;653
6360;59510;FÓRCEPS;Carl Martin;INSTRUMENTAL;·;;146.61;146,61 €;653
6361;59941;PINZAS PARA FRAGMENTOS;Proclinic;INSTRUMENTAL;Pinza Steglitz recta;;66.41;66,41 €;653
6362;0718;FÓRCEPS;Carl Martin;INSTRUMENTAL;·;;107.09;107,09 €;654
6363;0719;FÓRCEPS;Carl Martin;INSTRUMENTAL;·;;107.09;107,09 €;654
6364;0720;FÓRCEPS;Carl Martin;INSTRUMENTAL;·;;107.09;107,09 €;654
6365;0721;FÓRCEPS;Carl Martin;INSTRUMENTAL;·;;107.09;107,09 €;654
6366;0723;FÓRCEPS;Carl Martin;INSTRUMENTAL;·;;104.51;104,51 €;654
6367;26854;FÓRCEPS;Hu-Friedy;INSTRUMENTAL;·;;187.32;187,32 €;655
6368;26855;FÓRCEPS;Hu-Friedy;INSTRUMENTAL;·;;186.2;186,20 €;655
6369;26856;FÓRCEPS;Hu-Friedy;INSTRUMENTAL;·;;186.2;186,20 €;655
6370;26857;FÓRCEPS;Hu-Friedy;INSTRUMENTAL;·;;186.2;186,20 €;655
6371;26858;FÓRCEPS;Hu-Friedy;INSTRUMENTAL;·;;181.02;181,02 €;655
6372;80232;FÓRCEPS;Bestdent;INSTRUMENTAL;;;48.95;48,95 €;656
6373;80233;FÓRCEPS;Bestdent;INSTRUMENTAL;;;48.95;48,95 €;656
6374;80234;FÓRCEPS;Bestdent;INSTRUMENTAL;;;48.95;48,95 €;656
6375;80237;FÓRCEPS;Bestdent;INSTRUMENTAL;;;48.95;48,95 €;656
6376;80238;FÓRCEPS;Bestdent;INSTRUMENTAL;;;50.95;50,95 €;656
6377;80239;FÓRCEPS;Bestdent;INSTRUMENTAL;;;48.95;48,95 €;656
6378;80240;FÓRCEPS;Bestdent;INSTRUMENTAL;;;48.95;48,95 €;656
6379;80241;FÓRCEPS;Bestdent;INSTRUMENTAL;;;48.95;48,95 €;656
6380;80242;FÓRCEPS;Bestdent;INSTRUMENTAL;;;48.95;48,95 €;656
6381;80243;FÓRCEPS;Bestdent;INSTRUMENTAL;;;48.95;48,95 €;656
6382;80284;FÓRCEPS;Bestdent;INSTRUMENTAL;;;58.95;58,95 €;656
6383;80285;FÓRCEPS;Bestdent;INSTRUMENTAL;;;62.95;62,95 €;656
6384;80286;FÓRCEPS;Bestdent;INSTRUMENTAL;;;62.95;62,95 €;656
6385;80554;FÓRCEPS;Bestdent;INSTRUMENTAL;;;50.95;50,95 €;656
6386;80555;FÓRCEPS;Bestdent;INSTRUMENTAL;;;50.95;50,95 €;656
6387;49121;FÓRCEPS;Asa Dental;INSTRUMENTAL;·;;96.0;96,00 €;657
6388;49122;FÓRCEPS;Asa Dental;INSTRUMENTAL;·;;96.0;96,00 €;657
6389;49123;FÓRCEPS;Asa Dental;INSTRUMENTAL;·;;96.0;96,00 €;657
6390;49124;FÓRCEPS;Asa Dental;INSTRUMENTAL;·;;96.0;96,00 €;657
6391;49125;FÓRCEPS;Asa Dental;INSTRUMENTAL;·;;93.17;93,17 €;657
6392;49126;FÓRCEPS;Asa Dental;INSTRUMENTAL;·;;93.37;93,37 €;657
6393;49127;FÓRCEPS;Asa Dental;INSTRUMENTAL;·;;96.0;96,00 €;657
6394;49128;FÓRCEPS;Asa Dental;INSTRUMENTAL;·;;96.0;96,00 €;657
6395;49129;FÓRCEPS;Asa Dental;INSTRUMENTAL;·;;96.0;96,00 €;657
6396;49130;FÓRCEPS;Asa Dental;INSTRUMENTAL;·;;96.0;96,00 €;657
6397;49131;FÓRCEPS;Asa Dental;INSTRUMENTAL;·;;93.37;93,37 €;657
6398;59672;Fórceps FÓRCEPS PARA NIÑOS;Proclinic;INSTRUMENTAL;·;;71.95;71,95 €;658
6399;59673;Fórceps FÓRCEPS PARA NIÑOS;Proclinic;INSTRUMENTAL;·;;71.95;71,95 €;658
6400;59674;Fórceps FÓRCEPS PARA NIÑOS;Proclinic;INSTRUMENTAL;·;;69.21;69,21 €;658
6401;59675;Fórceps FÓRCEPS PARA NIÑOS;Proclinic;INSTRUMENTAL;·;;71.95;71,95 €;658
6402;59676;Fórceps FÓRCEPS PARA NIÑOS;Proclinic;INSTRUMENTAL;·;;69.21;69,21 €;658
6403;59677;Fórceps FÓRCEPS PARA NIÑOS;Proclinic;INSTRUMENTAL;·;;69.21;69,21 €;658
6404;59678;Fórceps FÓRCEPS PARA NIÑOS;Proclinic;INSTRUMENTAL;·;;69.21;69,21 €;658
6405;0735;FÓRCEPS PARA;Carl Martin;INSTRUMENTAL;Caninos superiores;;125.07;125,07 €;659
6406;0736;FÓRCEPS PARA;Carl Martin;INSTRUMENTAL;Incisivos inferiores;;125.07;125,07 €;659
6407;49208;MARTILLO QUIRÚRGICO;Asa Dental;INSTRUMENTAL;;19,5 cm.;81.33;81,33 €;659
6408;9165;CINCELES;Hu-Friedy;INSTRUMENTAL;Cincel;;125.07;125,07 €;659
6409;0766;Produto Dentário;;INSTRUMENTAL;Martin;;54.2;54,20 €;660
6410;0767;Produto Dentário;;INSTRUMENTAL;Martin;;54.2;54,20 €;660
6411;49176;CUCHARILLA ALVEOLAR;Bestdent;INSTRUMENTAL;;1 ud.;23.63;23,63 €;660
6412;49177;CUCHARILLA ALVEOLAR;Bestdent;INSTRUMENTAL;;1 ud.;23.63;23,63 €;660
6413;80535;CUCHARILLAS;Carl Martin;INSTRUMENTAL;Nº1;;23.42;23,42 €;660
6414;80536;CUCHARILLAS;Carl Martin;INSTRUMENTAL;Nº2;;23.42;23,42 €;660
6415;80537;CUCHARILLAS;Carl Martin;INSTRUMENTAL;Nº3;;23.42;23,42 €;660
6416;0765;MOSQUITO RECTA;Carl Martin;INSTRUMENTAL;;12,5 cm en autoclave.;49.0;49,00 €;661
6417;49149;PINZA HALSTEAD-MOSQUITO;Asa Dental;INSTRUMENTAL;;12 cm.;35.67;35,67 €;661
6418;59951;PINZA MOSQUITO RECTA;Proclinic;INSTRUMENTAL;;;30.02;30,02 €;661
6419;59952;PINZAS MOSQUITO CURVA;Proclinic;INSTRUMENTAL;;;35.67;35,67 €;661
6420;80209;PINZA MOSQUITO RECTA;Bestdent;INSTRUMENTAL;12,5 cm.;;22.51;22,51 €;662
6421;80534;PINZA MOSQUITO CURVA;Bestdent;INSTRUMENTAL;;12,5 cm;22.51;22,51 €;662
6422;H11234;PINZA MOSQUITO;Mestra;INSTRUMENTAL;Curva;1 unidad. Uso exclusivo en Acero inoxidable. Esterilizable en de apretar. Longitud: 12 cm. Punta;17.17;17,17 €;662
6423;0777;MOSQUITO CURVA;Carl Martin;INSTRUMENTAL;;;49.0;49,00 €;663
6424;80551;HEMOSTÁTICA CURVA H3;Hu-Friedy;INSTRUMENTAL;Curva;;41.44;41,44 €;663
6425;80552;PINZA MOSQUITO CON DIENTES;Bestdent;INSTRUMENTAL;Recta;1 ud.;41.44;41,44 €;663
6426;9132;HEMOSTÁTICA CURVA H3;Hu-Friedy;INSTRUMENTAL;;;41.44;41,44 €;663
6427;9133;HEMOSTÁTICA RECTA H4;Hu-Friedy;INSTRUMENTAL;;;49.0;49,00 €;663
6428;49154;PINZA ADSON;Proclinic;INSTRUMENTAL;Asa Dental. Pinza Adson 12 cm.;;26.35;26,35 €;664
6429;49155;PINZA ADSON;Proclinic;INSTRUMENTAL;Asa Dental. Pinza Adson con diente 12 cm;;26.35;26,35 €;664
6430;9193;PINZA ADSON;Proclinic;INSTRUMENTAL;Hu-Friedy. Pinza Adson sin diente;;46.62;46,62 €;664
6431;9194;PINZA ADSON;Proclinic;INSTRUMENTAL;Hu-Friedy. Pinza Adson con diente;;46.62;46,62 €;664
6432;59942;PINZA DE CIRUGÍA CURVA;Proclinic;INSTRUMENTAL;;;18.4;18,40 €;665
6433;59943;PINZA DE CIRUGÍA CURVA;Proclinic;INSTRUMENTAL;;;18.4;18,40 €;665
6434;80307;PINZA ADSON;Bestdent;INSTRUMENTAL;Pinza Adson;;16.98;16,98 €;665
6435;80308;PINZA ADSON;Bestdent;INSTRUMENTAL;Pinza Adson;;16.98;16,98 €;665
6436;9191;PINZA ADSON;Bestdent;INSTRUMENTAL;Hu-Friedy.;;49.7;49,70 €;665
6437;59708;PINZA;Proclinic;INSTRUMENTAL;;;18.5;18,50 €;666
6438;59947;PINZA;Proclinic;INSTRUMENTAL;;;18.5;18,50 €;666
6439;80305;PINZA;Proclinic;INSTRUMENTAL;;;17.55;17,55 €;666
6440;80306;PINZA;Proclinic;INSTRUMENTAL;;;17.55;17,55 €;666
6441;0708;MAYO-HEGAR;Carl Martin;INSTRUMENTAL;;18 cm. Con rebaje para la aguja.;39.04;39,04 €;667
6442;0761;MATHIEU;Carl Martin;INSTRUMENTAL;;14 cm.;149.03;149,03 €;667
6443;80207;PORTA-AGUJAS MAYO;Bestdent;INSTRUMENTAL;;15 cm.;57.96;57,96 €;667
6444;9262;MAYO;Hu-Friedy;INSTRUMENTAL;;16 cm.;57.96;57,96 €;667
6445;49143;PORTA-AGUJAS DERF;Asa Dental;INSTRUMENTAL;;12 cm.;59.31;59,31 €;668
6446;49144;PORTA-AGUJAS BAUMGARTNER;Asa Dental;INSTRUMENTAL;;14,5 cm.;59.31;59,31 €;668
6447;49145;PORTA-AGUJAS CRILE-WOOD;Asa Dental;INSTRUMENTAL;;15 cm.;72.45;72,45 €;668
6448;80251;PORTA-AGUJAS CASTROVIEJO CURVO;Bestdent;INSTRUMENTAL;;14 cm;330.4;330,40 €;669
6449;9141;CRILE-WOOD TC;Hu-Friedy;INSTRUMENTAL;;15 cm;515.34;515,34 €;669
6450;9142;CASTROVIEJO NHCV;Hu-Friedy;INSTRUMENTAL;;14 cm ergonómico de agarre cómodo y seguro.;330.4;330,40 €;669
6451;9287;CASTROVIEJO SIMION;Hu-Friedy;INSTRUMENTAL;;18 cm;469.56;469,56 €;669
6452;9314;CASTROVIEJO NHM5026R;Hu-Friedy;INSTRUMENTAL;;18 cm. Con revestimiento de diamante;469.56;469,56 €;669
6453;0709;PINZA GUBIA;Carl Martin;INSTRUMENTAL;;15 cm;229.17;229,17 €;670
6454;46296;TIJERA DE CIRUGÍA;Proclinic;INSTRUMENTAL;Recta;;164.58;164,58 €;670
6455;49132;PINZA GUBIA FRIEDMAN;Asa Dental;INSTRUMENTAL;;;50.16;50,16 €;670
6456;59829;TIJERA DE CIRUGÍA;Proclinic;INSTRUMENTAL;Curva 1 ud.;;164.58;164,58 €;670
6457;80225;PINZA GUBIA CURVA;Bestdent;INSTRUMENTAL;;;50.16;50,16 €;670
6458;9143;CRILE-WOOD RANURADA;Hu-Friedy;INSTRUMENTAL;;15 cm;55.86;55,86 €;670
6459;0770;TIJERA DE CIRUGÍA;Carl Martin;INSTRUMENTAL;;Curva. 12 cm.;71.4;71,40 €;671
6460;80208;TIJERA CIRUGÍA CURVA;Bestdent;INSTRUMENTAL;;Curva. 12 cm.;22.81;22,81 €;671
6461;80553;TIJERA ENCÍA CURVA;Bestdent;INSTRUMENTAL;;Curva. 12 cm.;21.81;21,81 €;671
6462;49140;TIJERA ENCÍA RECTA;Asa Dental;INSTRUMENTAL;Recta;12 cm.;23.96;23,96 €;672
6463;49141;TIJERA ENCÍA CURVA;Asa Dental;INSTRUMENTAL;Curva;12 cm.;23.96;23,96 €;672
6464;59837;TIJERA CIRUGÍA METZENBAUM;Proclinic;INSTRUMENTAL;;;41.59;41,59 €;672
6465;80546;TIJERAS PARA SUTURA;Bestdent;INSTRUMENTAL;;;22.19;22,19 €;672
6466;9214;TIJERA DE SUTURA;Hu-F riedy;INSTRUMENTAL;;;85.68;85,68 €;672
6467;9283;TIJERA DE SUTURA;Hu-F riedy;INSTRUMENTAL;S13;;86.8;86,80 €;672
6468;80544;TIJERAS MICROCIRUGÍA;Bestdent;INSTRUMENTAL;Curva;;44.17;44,17 €;673
6469;80545;TIJERAS MICROCIRUGÍA;Bestdent;INSTRUMENTAL;;;44.17;44,17 €;673
6470;9167;TIJERAS GOLDMAN FOX CURVAS;Hu-Friedy;INSTRUMENTAL;S16;1 hoja serrada.;62.02;62,02 €;673
6471;9168;TIJERA IRIS RECTA S17;Hu-Friedy;INSTRUMENTAL;;;241.78;241,78 €;673
6472;9170;TIJERAS CURVA GOLDMAN;Hu-Friedy;INSTRUMENTAL;;1 hoja serrada.;129.08;129,08 €;673
6473;93301;TIJERAS GOLDMAN FOX CURVAS;Hu-Friedy;INSTRUMENTAL;S16 Super Corte;1 hoja serrada.;129.08;129,08 €;673
6474;80297;TIJERA CASTROVIEJO;Bestdent;INSTRUMENTAL;;;61.96;61,96 €;674
6475;9166;TIJERA LAGRANGE;Hu-Friedy;INSTRUMENTAL;S14;1 hoja serrada.;82.74;82,74 €;674
6476;9169;TIJERA IRIS CURVA S18;Hu-Friedy;INSTRUMENTAL;;;56.84;56,84 €;674
6477;9282;TIJERA LAGRANGE;Hu-Friedy;INSTRUMENTAL;S14 SC;1 hoja serrada.;56.84;56,84 €;674
6478;0771;TIJERAS DE CORONAS 828D;Carl Martin;INSTRUMENTAL;;Curva. Dentada.;64.6;64,60 €;675
6479;80276;TIJERA METALES CURVA 10;Bestdent;INSTRUMENTAL;10 cm.;;15.29;15,29 €;675
6480;46255;CURETA ELEVADOR SENO;Proclinic;INSTRUMENTAL;Nº1;;60.63;60,63 €;676
6481;46256;CURETA ELEVADOR SENO;Proclinic;INSTRUMENTAL;Nº2;;60.63;60,63 €;676
6482;46257;CURETA ELEVADOR SENO;Proclinic;INSTRUMENTAL;Nº4;;60.63;60,63 €;676
6483;46267;PERIOSTÓTOMO ELEVADOR;Proclinic;INSTRUMENTAL;;19,5 cm;48.31;48,31 €;676
6484;46268;MARTILLO QUIRÚRGICO;Proclinic;INSTRUMENTAL;;19,5 cm;56.98;56,98 €;676
6485;25690;CÁNULA METÁLICA DE CIRUGÍA;Stoma Medical;INSTRUMENTAL;Cánula de 3 mm.;Para evitar el efecto tiene una pequeña perforación.;48.3;48,30 €;678
6486;25691;CÁNULA METÁLICA DE CIRUGÍA;Stoma Medical;INSTRUMENTAL;Cánula de 4 mm.;Para evitar el efecto tiene una pequeña perforación.;40.6;40,60 €;678
6487;26852;ELEVADOR DE SENO SIMION IMP300SIM;Hu-Friedy;INSTRUMENTAL;Elevador de Seno Simion nº1;;103.0;103,00 €;678
6488;46258;SINDESMÓTOMO CHOMPRET;Proclinic;INSTRUMENTAL;Sindesmótomo Chompret;3 uds.;168.73;168,73 €;678
6489;49137;ELEVADOR DE SENO SIMION IMP300SIM;Hu-Friedy;INSTRUMENTAL;Nº.1 CHOMPRET;;51.32;51,32 €;678
6490;49138;ELEVADOR DE SENO SIMION IMP300SIM;Hu-Friedy;INSTRUMENTAL;Nº.3 CHOMPRET;;51.32;51,32 €;678
6491;49139;ELEVADOR DE SENO SIMION IMP300SIM;Hu-Friedy;INSTRUMENTAL;Nº.4 CHOMPRET;;51.32;51,32 €;678
6492;59824;SINDESMÓTOMO CHOMPRET;Proclinic;INSTRUMENTAL;Sindesmótomo Chompret;3 uds.;168.73;168,73 €;678
6493;59984;LIMA PARA HUESO MILLER;Asa Dental;INSTRUMENTAL;;1 ud. Longitud 18 cm.;70.58;70,58 €;678
6494;26850;ELEVADOR DE SENO SIMION;Hu-Friedy;INSTRUMENTAL;Elevador de Seno Simion nº1;;126.5;126,50 €;679
6495;49204;ELEVADORES DE SENO ASA DENTAL;Asa Dental;INSTRUMENTAL;Periostótomo elevador;;82.46;82,46 €;679
6496;49205;ELEVADORES DE SENO ASA DENTAL;Asa Dental;INSTRUMENTAL;Cureta elevador seno;;80.21;80,21 €;679
6497;49206;ELEVADORES DE SENO ASA DENTAL;Asa Dental;INSTRUMENTAL;Cureta elevador seno;;80.21;80,21 €;679
6498;49207;ELEVADORES DE SENO ASA DENTAL;Asa Dental;INSTRUMENTAL;Cureta elevador seno;;126.5;126,50 €;679
6499;59804;PORTA HUESO;Proclinic;INSTRUMENTAL;Portahueso diámetro 2,5 mm;;104.18;104,18 €;679
6500;82573;INSTRUMENTO MANGO 6;Hu-Friedy;INSTRUMENTAL;Instrumento para;;126.5;126,50 €;679
6501;59820;SEPARADORES PROCLINIC;Proclinic;INSTRUMENTAL;Separador Minesota;;30.51;30,51 €;680
6502;59821;SEPARADORES;Proclinic;INSTRUMENTAL;;;35.54;35,54 €;680
6503;59822;SEPARADORES;Proclinic;INSTRUMENTAL;Separadores Farabeuf (2 uds.);;26.51;26,51 €;680
6504;59985;SEPARADORES PROCLINIC;Proclinic;INSTRUMENTAL;;;34.59;34,59 €;680
6505;80252;SEPARADOR MINESOTA;Bestdent;INSTRUMENTAL;;;28.98;28,98 €;680
6506;0759;SEPARADOR FARABEUF 1122;Carl Martin;INSTRUMENTAL;;Metálico. 2 unidades.;54.75;54,75 €;681
6507;49180;RETRACTOR MINNESOTA;Asa Dental;INSTRUMENTAL;;;39.2;39,20 €;681
6508;49181;RETRACTOR FARABEUF;Asa Dental;INSTRUMENTAL;;13 cm. 2 unidades.;25.18;25,18 €;681
6509;80302;SEPARADORES FARABEUF;Bestdent;INSTRUMENTAL;;Metálico. 2 unidades.;54.75;54,75 €;681
6510;9117;SEPARADOR MINNESOTA;Hu-Friedy;INSTRUMENTAL;;;39.2;39,20 €;681
6511;9289;SEPARADOR INFANTIL MOLT;Hu-Friedy;INSTRUMENTAL;;;309.12;309,12 €;681
6512;21677;DEPRESORES;Medistock;INSTRUMENTAL;Tamaño;2 uds. Autoclavables;4.24;4,24 €;682
6513;21678;DEPRESORES;Medistock;INSTRUMENTAL;Tamaño;2 uds. Autoclavables;6.44;6,44 €;682
6514;25652;SEPARADORES;Bestdent;INSTRUMENTAL;Separador de mejillas adultos.;2 uds. Autoclavables;12.4;12,40 €;682
6515;25653;SEPARADORES;Bestdent;INSTRUMENTAL;Separador de mejillas niños.;2 uds. Autoclavables;12.4;12,40 €;682
6516;46299;RETRACTOR;Proclinic;INSTRUMENTAL;;21 cm, punta activa retraer tejido blando.;54.9;54,90 €;682
6517;4982;RETRACTOR LANGENBECK;Asa Dental;INSTRUMENTAL;;;70.81;70,81 €;682
6518;9136;RETRACTOR;Hu-Friedy;INSTRUMENTAL;;;335.44;335,44 €;682
6519;95117;SEPARADOR MEJILLAS DEPRESOR AUTOCLAVABLE;Bestdent;INSTRUMENTAL;;En plástico autoclavable. Color azul. Medidas;17.11;17,11 €;683
6520;L0331;SEPARADORDE CONDEPRESOR;Proclinic;INSTRUMENTAL;Pequeño;En plástico autoclavable. Color azul. Medidas;17.11;17,11 €;683
6521;L0332;SEPARADORDE CONDEPRESOR;Proclinic;INSTRUMENTAL;Grande;En plástico autoclavable. Color azul. Medidas;17.11;17,11 €;683
6522;L1902;CONDEPRESOR LINGUALYTIRAS;Proclinic;INSTRUMENTAL;Lingual grande (4 cm x 8,6 cm);;28.39;28,39 €;683
6523;L1903;CONDEPRESOR LINGUALYTIRAS;Proclinic;INSTRUMENTAL;Lingual pequeña (3 cm x 8,2 cm);;28.39;28,39 €;683
6524;L944;COMBINADOCON ASASPEQUEÑO;Proclinic;INSTRUMENTAL;;;27.55;27,55 €;683
6525;0801;SEPARADOR DE MEJILLAS SPANDEX;Hager & Werken;INSTRUMENTAL;Adulto. (a: 4,5 cm. - b: 4,5 cm.;Plástico transparente autoclavable. 2 uds.;2.75;2,75 €;684
6526;0819;SEPARADOR DE MEJILLAS SPANDEX;Hager & Werken;INSTRUMENTAL;Niño. (a: 3,7 cm. - b: 3,25 cm.;Plástico transparente autoclavable. 2 uds.;3.25;3,25 €;684
6527;L1893;RETRACTOR COMBINADO;Proclinic;INSTRUMENTAL;Mediano;;3.25;3,25 €;684
6528;L1900;RETRACTORDE COMBINADO;Proclinic;INSTRUMENTAL;3,8 cm;;3.25;3,25 €;684
6529;L1914;RETRACTORDE COMBINADO;Proclinic;INSTRUMENTAL;;;27.75;27,75 €;684
6530;L8126;RETRACTOR DE MEJILLAS SMILE;Smile Radar;INSTRUMENTAL;1 unidad;Plástico transparente autoclavable. 2 uds.;22.89;22,89 €;684
6531;L940;RETRACTOR PEQUEÑO;Proclinic;INSTRUMENTAL;;;22.89;22,89 €;684
6532;08071;MIRAHOLD RETRACTOR ADULTO;Hager & Werken;INSTRUMENTAL;;2 uds.;14.0;14,00 €;685
6533;63915;KLEERVIEW;ULTRADENT;INSTRUMENTAL;;1 unidad;37.8;37,80 €;685
6534;93462;RETRACTOR BUCAL;Lumacool;INSTRUMENTAL;Azul tamaño normal;4 unidades. Para una mayor comodidad;54.51;54,51 €;685
6535;93463;RETRACTOR BUCAL;Lumacool;INSTRUMENTAL;Rojo tamaño grande;4 unidades. Para una mayor comodidad;54.51;54,51 €;685
6536;L1895;RETRACTOR;Proclinic;INSTRUMENTAL;Grande (4,7 cm x 17,5 cm;;3.25;3,25 €;685
6537;L1896;RETRACTOR;Proclinic;INSTRUMENTAL;Mediano (2,5 cm x 17,5;;3.25;3,25 €;685
6538;L1897;RETRACTOR;Proclinic;INSTRUMENTAL;Pequeño (4 cm x 14,5 cm;;3.25;3,25 €;685
6539;L1891;RETRACTOROCLUSAL PARAFOTO;Proclinic;INSTRUMENTAL;Mediano (5,7 cm x 16 cm);;27.45;27,45 €;686
6540;L1892;RETRACTOROCLUSAL PARAFOTO;Proclinic;INSTRUMENTAL;Pequeño (5 cm x 16 cm);;27.45;27,45 €;686
6541;L1898;RETRACTOROCLUSAL;Proclinic;INSTRUMENTAL;Pequeño (6,4 cm x 16,5 cm);;27.59;27,59 €;686
6542;L1899;RETRACTORDOBLE;Proclinic;INSTRUMENTAL;Corto (3 cm x 11 cm x 4;;27.45;27,45 €;686
6543;L1901;RETRACTORDOBLE;Proclinic;INSTRUMENTAL;Largo (3 cm x 15 cm x 4 cm);;27.45;27,45 €;686
6544;L1907;RETRACTOROCLUSAL;Proclinic;INSTRUMENTAL;Grande (7,5 cm x 16,5 cm);;27.59;27,59 €;686
6545;L1908;OCLUSALPARA FOTOMANGOCORTO;Proclinic;INSTRUMENTAL;Mediano (6 cm x 10,7 cm);;38.79;38,79 €;686
6546;L1918;OCLUSALPARA FOTOMANGOCORTO;Proclinic;INSTRUMENTAL;Pequeño (5 cm x 10,7 cm);;38.79;38,79 €;686
6547;L937;RETRACTOR OCLUSAL DOBLE PARA FOTOGRAFIA;Saga;INSTRUMENTAL;;;38.79;38,79 €;686
6548;L941;RETRACTOROCLUSAL OPACO;Proclinic;INSTRUMENTAL;Mediano (5,7 cm x 16,5 cm);;26.79;26,79 €;686
6549;L942;RETRACTOROCLUSAL OPACO;Proclinic;INSTRUMENTAL;Pequeño (5 cm x 16,5 cm);;26.79;26,79 €;686
6550;25654;RETRACTOR DE LABIOS;Bestdent;INSTRUMENTAL;Separador de mejillas;2 ud. Autoclavable Medidas tamaño grande/adulto: Medidas tamaño pequeño/niño:;9.03;9,03 €;687
6551;L1890;RETRACTORDE COMBINADO;Proclinic;INSTRUMENTAL;Grande (7,5 cm x 16,5 cm;2 ud. Autoclavable Medidas tamaño grande/adulto: Medidas tamaño pequeño/niño:;9.03;9,03 €;687
6552;L3320;RETRACTOR DE LABIOS;Bestdent;INSTRUMENTAL;L3320;2 ud. Autoclavable Medidas tamaño grande/adulto: Medidas tamaño pequeño/niño:;9.03;9,03 €;687
6553;L3321;RETRACTOR DE LABIOS;Bestdent;INSTRUMENTAL;L3321;2 ud. Autoclavable Medidas tamaño grande/adulto: Medidas tamaño pequeño/niño:;9.03;9,03 €;687
6554;L3322;RETRACTORLABIAL NEGRO;Proclinic;INSTRUMENTAL;L3322;2 ud. Autoclavable Medidas tamaño grande/adulto: Medidas tamaño pequeño/niño:;89.99;89,99 €;687
6555;L3323;RETRACTORLABIAL NEGRO;Proclinic;INSTRUMENTAL;L3323;2 ud. Autoclavable Medidas tamaño grande/adulto: Medidas tamaño pequeño/niño:;89.99;89,99 €;687
6556;L3324;o bajo volumen la evacuación por lo;Great Lakes Orthodontics;INSTRUMENTAL;Protector lingual;;67.65;67,65 €;687
6557;L3325;o bajo volumen la evacuación por lo;Great Lakes Orthodontics;INSTRUMENTAL;Protector lingual;;67.65;67,65 €;687
6558;L943;RETRACTORLABIAL NEGRO;Proclinic;INSTRUMENTAL;;2 ud. Autoclavable Medidas tamaño grande/adulto: Medidas tamaño pequeño/niño:;29.75;29,75 €;687
6559;L1904;RETRACTORUNLADO;Proclinic;INSTRUMENTAL;Mediano (4,7 cm x 13,2 cm);;23.25;23,25 €;688
6560;L1905;RETRACTORUNLADO;Proclinic;INSTRUMENTAL;Pequeño (3,25 cm x 12,2 cm);;23.25;23,25 €;688
6561;L3300;RETRACTOR DE LABIOS 'PIGEON';Yamaura Dental Corporation (YDM);INSTRUMENTAL;Mediano;Retractor ergonómico, esterilizable. inoxidable proporciona confort y durabili-;44.99;44,99 €;688
6562;L3301;RETRACTOR DE LABIOS 'PIGEON';Yamaura Dental Corporation (YDM);INSTRUMENTAL;Pequeño;Retractor ergonómico, esterilizable. inoxidable proporciona confort y durabili-;44.99;44,99 €;688
6563;L3308;RETRACTORES DE MEJILLAS;Yamaura Dental Corporation (YDM);INSTRUMENTAL;Doble anchura pequeño (16 cm x 9 cm);;46.89;46,89 €;688
6564;L3309;RETRACTORES DE MEJILLAS;Yamaura Dental Corporation (YDM);INSTRUMENTAL;Doble anchura grande (17 cm x 9,5 cm);;46.89;46,89 €;688
6565;L3315;RETRACTOR DE LABIOS 'PIGEON';Yamaura Dental Corporation (YDM);INSTRUMENTAL;Extra pequeño;Retractor ergonómico, esterilizable. inoxidable proporciona confort y durabili-;48.75;48,75 €;688
6566;L4305;18,75cm SEPARADOR DE MEJILLAS CON ALAMBRE;Reliance Orthodontics;INSTRUMENTAL;Adulto.;Retractor ergonómico, esterilizable. inoxidable proporciona confort y durabili-;44.99;44,99 €;688
6567;L4306;18,75cm SEPARADOR DE MEJILLAS CON ALAMBRE;Reliance Orthodontics;INSTRUMENTAL;Niño.;Retractor ergonómico, esterilizable. inoxidable proporciona confort y durabili-;44.99;44,99 €;688
6568;1683;OPTIVIEW;Kerr;INSTRUMENTAL;Optiview Standard. 2 uds.;;59.45;59,45 €;689
6569;1684;OPTIVIEW;Kerr;INSTRUMENTAL;Optiview Pequeño. 2 uds.;;59.45;59,45 €;689
6570;93592;GBT VISIGATE;EMS;INSTRUMENTAL;Small;;132.5;132,50 €;689
6571;93593;GBT VISIGATE;EMS;INSTRUMENTAL;Regular;;132.5;132,50 €;689
6572;93594;GBT VISIGATE;EMS;INSTRUMENTAL;Surtido;;132.5;132,50 €;689
6573;0813;ABREBOCAS SILICONA;Hager & Werken;INSTRUMENTAL;;12 unidades en 2 medidas.;31.09;31,09 €;690
6574;59866;ABREBOCAS AUTOESTÁTICO;Proclinic;INSTRUMENTAL;;2 tamaños. Con silicona en la parte de para mantener la apertura bucal apoyo de los molares.;59.57;59,57 €;690
6575;6356;ABREBOCAS ACERO;Nichrominox;INSTRUMENTAL;;2 tamaños. Con silicona en la parte de para mantener la apertura bucal apoyo de los molares.;90.08;90,08 €;690
6576;74314;ABREBOCAS UMBRELLA;Ultradent;INSTRUMENTAL;;5 unidades.;11.3;11,30 €;690
6577;97863;ABREBOCAS PARA NIÑOS;Angie;INSTRUMENTAL;;2 uds.;26.49;26,49 €;690
6578;L1894;ANILLOLABIAL PARAFOTO;Proclinic;INSTRUMENTAL;Grande (5 cm x 8 cm);12 unidades en 2 medidas.;31.09;31,09 €;690
6579;L1906;ANILLOLABIAL PARAFOTO;Proclinic;INSTRUMENTAL;Pequeño (4 cm x 5,8 cm);12 unidades en 2 medidas.;11.3;11,30 €;690
6580;4223;LEVANTAPUENTES;Mestra;INSTRUMENTAL;;Doble. Con puntas 2 desmontables.;72.7;72,70 €;691
6581;59865;MEDIDOR;Proclinic;INSTRUMENTAL;;1 unidad;36.9;36,90 €;691
6582;80247;LEVANTAPUENTES;Bestdent;INSTRUMENTAL;;;40.68;40,68 €;691
6583;80278;MEDIDOR IWANSON;Bestdent;INSTRUMENTAL;;;34.05;34,05 €;691
6584;80531;LEVANTAPUENTES;Bestdent;INSTRUMENTAL;Punta corta Nº1;1 unidad;11.27;11,27 €;691
6585;80532;LEVANTAPUENTES;Bestdent;INSTRUMENTAL;Punta plana Nº2;1 unidad;11.27;11,27 €;691
6586;80533;LEVANTAPUENTES;Bestdent;INSTRUMENTAL;Punta larga Nº3;1 unidad;11.27;11,27 €;691
6587;4224;LEVANTAPUENTES CON MUELLE;Mestra;INSTRUMENTAL;Levantapuentes + 2 puntas;Con 2 puntas desmontables.;86.56;86,56 €;692
6588;42280;LEVANTAPUENTES CON MUELLE;Mestra;INSTRUMENTAL;Punta recambio larga 90º;Con 2 puntas desmontables.;18.71;18,71 €;692
6589;42290;LEVANTAPUENTES CON MUELLE;Mestra;INSTRUMENTAL;Punta recambio corta 90º;Con 2 puntas desmontables.;20.54;20,54 €;692
6590;49178;REMOVEDOR CORONAS CON;Asa Dental;INSTRUMENTAL;;Removedor Coronas;20.54;20,54 €;692
6591;49179;PINZA REMOVER ANILLOS DE COBRE;Asa Dental;INSTRUMENTAL;;;58.9;58,90 €;692
6592;9116;REMOVEDOR DE CORONAS;Hu-Friedy;INSTRUMENTAL;;;104.9;104,90 €;692
6593;93554;REMOVEDOR DE CORONAS;LM;INSTRUMENTAL;767-768;;104.9;104,90 €;692
6594;08440;ESTUCHE AROS SILICONA;Directa;INSTRUMENTAL;Blancos;50 uds. Para codificar los instrumentos. Esterilizables.;15.99;15,99 €;693
6595;08450;ESTUCHE AROS SILICONA;Directa;INSTRUMENTAL;Amarillos;50 uds. Para codificar los instrumentos. Esterilizables.;15.99;15,99 €;693
6596;08460;ESTUCHE AROS SILICONA;Directa;INSTRUMENTAL;Rojos;50 uds. Para codificar los instrumentos. Esterilizables.;15.99;15,99 €;693
6597;08470;ESTUCHE AROS SILICONA;Directa;INSTRUMENTAL;Azules;50 uds. Para codificar los instrumentos. Esterilizables.;15.99;15,99 €;693
6598;08480;ESTUCHE AROS SILICONA;Directa;INSTRUMENTAL;Verdes;50 uds. Para codificar los instrumentos. Esterilizables.;15.99;15,99 €;693
6599;08490;ESTUCHE AROS SILICONA;Directa;INSTRUMENTAL;Negros;50 uds. Para codificar los instrumentos. Esterilizables.;15.99;15,99 €;693
6600;2117;ESTUCHE AROS SILICONA;Directa;INSTRUMENTAL;15 cm x 8 cm x 1 cm;50 uds. Para codificar los instrumentos. Esterilizables.;21.11;21,11 €;693
6601;26859;¡Rápidoyfácil! TOALLITAS QUITA ÓXIDO SHINE RENEW;Hu-Friedy;INSTRUMENTAL;;20 toallitas www.proclinic.es;19.1;19,10 €;693
6602;63240;ESTUCHE AROS SILICONA;Directa;INSTRUMENTAL;Estuche;400 uds. 50 x 8 colores.;110.43;110,43 €;693
6603;68582;ESTUCHE AROS SILICONA;Directa;INSTRUMENTAL;15 cm x 7 cm x 1 cm;50 uds. Para codificar los instrumentos. Esterilizables.;17.2;17,20 €;693
6604;90047;CINTA MARCAR INSTRUMENTAL;AMCOR;INSTRUMENTAL;Azul;1 unidad (6,4 m;19.49;19,49 €;693
6605;90048;CINTA MARCAR INSTRUMENTAL;AMCOR;INSTRUMENTAL;Blanca;1 unidad (6,4 m;19.49;19,49 €;693
6606;90049;CINTA MARCAR INSTRUMENTAL;AMCOR;INSTRUMENTAL;Verde;1 unidad (6,4 m;19.49;19,49 €;693
6607;90050;CINTA MARCAR INSTRUMENTAL;AMCOR;INSTRUMENTAL;Roja;1 unidad (6,4 m;19.49;19,49 €;693
6608;90051;CINTA MARCAR INSTRUMENTAL;AMCOR;INSTRUMENTAL;Amarilla;1 unidad (6,4 m;19.49;19,49 €;693
6609;90053;CINTA MARCAR INSTRUMENTAL;AMCOR;INSTRUMENTAL;Naranja;1 unidad (6,4 m;19.49;19,49 €;693
6610;90054;CINTA MARCAR INSTRUMENTAL;AMCOR;INSTRUMENTAL;Marrón;1 unidad (6,4 m;19.49;19,49 €;693
6611;90055;CINTA MARCAR INSTRUMENTAL;AMCOR;INSTRUMENTAL;Negra;1 unidad (6,4 m;19.49;19,49 €;693
6612;99865;ESTUCHE AROS SILICONA;Directa;INSTRUMENTAL;Marrones;50 uds. Para codificar los instrumentos. Esterilizables.;15.99;15,99 €;693
6613;99866;ESTUCHE AROS SILICONA;Directa;INSTRUMENTAL;Grises;50 uds. Para codificar los instrumentos. Esterilizables.;15.99;15,99 €;693
6614;2115;MECHERO;Torch;INSTRUMENTAL;;;21.98;21,98 €;694
6615;2192;MECHERO DE ALCOHOL;Bestdent;INSTRUMENTAL;;Incluye mecha.;14.62;14,62 €;694
6616;4213;MECHERO DE ALCOHOL;Mestra;INSTRUMENTAL;;;33.9;33,90 €;694
6617;59864;MECHERO DE;Proclinic;INSTRUMENTAL;;;27.46;27,46 €;694
6618;68581;MECHERO DE ALCOHOL;Larident;INSTRUMENTAL;;Mechero de vidrio para alcohol.;33.9;33,90 €;694
6619;80221;MECHERO DE ALCOHOL;Bestdent;INSTRUMENTAL;;Incluye mecha.;21.98;21,98 €;694
6620;4212;MECHERO DE GAS RECARGABLE;Prodont;INSTRUMENTAL;;Ideal para operaciones en pequeñas piezas por su elevada temperatura;92.1;92,10 €;696
6621;42134;MECHEROS;Mestra;INSTRUMENTAL;Mechero gas standard micro Torch;;75.32;75,32 €;696
6622;42135;MECHEROS;Mestra;INSTRUMENTAL;Mechero gas aluminio gran llama;;58.04;58,04 €;696
6623;4214;QUEMADOR DE GAS MICRO BURNEO;Mestra;INSTRUMENTAL;;Muy práctico y manejable. Dispone de un de soldadura cabezal pulverizador con temperatura de llama de 1.300º C de llama (1.300ºC). y autonomía de unas 2 horas con el depósito lleno. El encendido y dispone de regulador para se realiza mediante un dispositivo piezoeléctrico automático y la llama puede se regulada.;92.1;92,10 €;696
6624;H92387;MECHERO DE GAS;Mestra;INSTRUMENTAL;Butano;Su diseño de reducida pensado para una en su utilización.;118.27;118,27 €;696
6625;H92393;MECHERO DE GAS;Mestra;INSTRUMENTAL;Butano;Su diseño de reducida pensado para una en su utilización.;137.41;137,41 €;696
6626;2247;BANDEJAS PARA CAJONES;Dental Art;INSTRUMENTAL;Grandes;Colocar sobre las bandejas metálicas standard. Con diferentes compartimentos. 400 unidades. Blanca.;63.02;63,02 €;697
6627;2256;BANDEJAS PARA CAJONES;Dental Art;INSTRUMENTAL;Pequeñas. 18 x 14 cm.;Colocar sobre las bandejas metálicas standard. Con diferentes compartimentos. 400 unidades. Blanca.;63.12;63,12 €;697
6628;4145;BANDEJAS PARA CAJONES;Dental Art;INSTRUMENTAL;X-20: Para 34 Instrumentos de;"Medidas; Ancho";24.96;24,96 €;697
6629;4146;BANDEJAS PARA CAJONES;Dental Art;INSTRUMENTAL;X-21: Con 8 compartimentos largos;"Medidas; Ancho";24.96;24,96 €;697
6630;4147;BANDEJAS PARA CAJONES;Dental Art;INSTRUMENTAL;X-22: Con 12 compartimentos;"Medidas; Ancho";24.96;24,96 €;697
6631;4149;BANDEJAS PARA CAJONES;Dental Art;INSTRUMENTAL;X-31: Con 6 Compartimentos;"Medidas; Ancho";37.31;37,31 €;697
6632;4153;BANDEJAS PARA CAJONES;Dental Art;INSTRUMENTAL;X-32: Con 2 Compartimentos;"Medidas; Ancho";63.02;63,02 €;697
6633;6357;BANDEJA DE ALUMINIO GRIS;NICHROMINOX;INSTRUMENTAL;;;8.92;8,92 €;697
6634;6358;BANDEJA DE ALUMINIO GRIS;NICHROMINOX;INSTRUMENTAL;;;8.92;8,92 €;697
6635;6359;BANDEJA DE ALUMINIO GRIS;NICHROMINOX;INSTRUMENTAL;;;8.92;8,92 €;697
6636;63600;BANDEJA DE ALUMINIO GRIS;NICHROMINOX;INSTRUMENTAL;28x18cm;1 unidad;13.17;13,17 €;697
6637;7662;BANDEJAS PARA CAJONES;Dental Art;INSTRUMENTAL;X-23: Con 4 compartimentos;"Medidas; Ancho";24.96;24,96 €;697
6638;0635;PIEDRAS DE AFILADO ARKANSAS;Hu-Friedy;INSTRUMENTAL;SS4 Grano duro fino. Plana;Caja de esterilización Altura 5,08 cm, largo;52.5;52,50 €;698
6639;0636;PIEDRAS DE AFILADO ARKANSAS;Hu-Friedy;INSTRUMENTAL;SS299 Grano super fino. Cónica;Caja de esterilización Altura 5,08 cm, largo;52.5;52,50 €;698
6640;42690;CASSETTE SERVO 5;LM;INSTRUMENTAL;;;46.9;46,90 €;698
6641;46295;PIEDRADEAFILADO ARKANSASPLANA;Proclinic;INSTRUMENTAL;;;10.16;10,16 €;698
6642;6865;CAJA PARA ESTERILIZAR;Larident;INSTRUMENTAL;Color azul;En plástico con para sujetar los;24.64;24,64 €;698
6643;6866;CAJA PARA ESTERILIZAR;Larident;INSTRUMENTAL;Color verde;En plástico con para sujetar los;24.64;24,64 €;698
6644;6867;CAJA PARA ESTERILIZAR;Larident;INSTRUMENTAL;Color beige;En plástico con para sujetar los;24.64;24,64 €;698
6645;80258;CAJA DE ACERO INOXIDABLE;Bestdent;INSTRUMENTAL;;Caja de esterilización Altura 5,08 cm, largo;38.1;38,10 €;698
6646;90211;MICRO CASETTE;Nichrominox;INSTRUMENTAL;Nº1. Medidas 7,4 x 4,5 x 2 cm .;1 ud.;24.5;24,50 €;698
6647;90212;MICRO CASETTE;Nichrominox;INSTRUMENTAL;Nº3. Medidas 4 x 5,5 x 2 cm .;1 ud.;17.92;17,92 €;698
6648;0637;ACEITE PARA AFILADO;Hu-Friedy;INSTRUMENTAL;;;25.0;25,00 €;699
6649;06650;PIEDRAS DE AFILADO INDIA;Hu-Friedy;INSTRUMENTAL;SS6 Grano medio. Grande;;50.5;50,50 €;699
6650;9100;MÁQUINA DE AFILADO SIDEKICK;Hu-Friedy;INSTRUMENTAL;;La máquina afiladora;565.5;565,50 €;699
6651;9192;PIEDRAS DE AFILADO INDIA;Hu-Friedy;INSTRUMENTAL;S22 Grano medio. Pequeña;;50.5;50,50 €;699
6652;L0224;Produto Dentário;HU-FRIEDY;INSTRUMENTAL;;;75.15;75,15 €;700
6653;L2120;Ancho 24 cm, Profundidad 10 cm.;Leone;INSTRUMENTAL;;;93.95;93,95 €;700
6654;L5680;SOPORTE PARA ALICATES;Bestdent;INSTRUMENTAL;1 unidad;;52.99;52,99 €;700
6655;L5681;SOPORTEPARA ALICATESYGUIAS;Proclinic;INSTRUMENTAL;;;64.85;64,85 €;700
6656;L8084;Descripción: Soporte para alicates metálico con ortopies de silicona.;HU-FRIEDY;INSTRUMENTAL;;;75.15;75,15 €;700
6657;L911;SOPORTE PARA ALICATES;Bestdent;INSTRUMENTAL;1 unidad;;52.99;52,99 €;700
6658;78412;Produto Dentário;Nichrominox;INSTRUMENTAL;Para 5 instrumentos (18 x 6 x 2,5 cm);;49.89;49,89 €;701
6659;78413;Produto Dentário;Nichrominox;INSTRUMENTAL;Para 7 instrumentos (18 x 9 x 2,5 cm);;64.35;64,35 €;701
6660;78414;Produto Dentário;Nichrominox;INSTRUMENTAL;Para 10 instrumentos (18 x 13 x 2,5 cm);;79.49;79,49 €;701
6661;L5124;Produto Dentário;Hu-Friedy;INSTRUMENTAL;Azul (IMDINORTH 8) Autoclavable.;;79.49;79,49 €;701
6662;L5126;CASSETTE PARA ESTERILIZACIÓN;Hu-Friedy;INSTRUMENTAL;Rojo (IM5200-OR) Autoclavable.;;283.0;283,00 €;702
6663;L5127;CASSETTE PARA ESTERILIZACIÓN;Hu-Friedy;INSTRUMENTAL;Azul (IM5208-OR) Autoclavable.;;283.0;283,00 €;702
6664;L5128;CASSETTE PARA ESTERILIZACIÓN;Hu-Friedy;INSTRUMENTAL;Verde (IM5209-OR) Autoclavable.;;283.0;283,00 €;702
6665;L5911;FRESA QUITAR COMPOSITE;Reliance Orthodontics;INSTRUMENTAL;1 unidad.;1 unidad. Primer paso del Renew -Fresas de carburo estriadas -Retirada rápida del composite -Pule la superficie del diente -Usar con o sin H20 118S Fresa con vástago 118L Fresa con vástago;16.85;16,85 €;702
6666;L5951;RENEW SYSTEM POINT;R eliance Orthodontic;INSTRUMENTAL;Contra-Ángulo;;49.59;49,59 €;702
6667;L5958;FRESA QUITAR COMPOSITE;Reliance Orthodontics;INSTRUMENTAL;Fresa 118L. 1 unidad.;1 unidad. Primer paso del Renew -Fresas de carburo estriadas -Retirada rápida del composite -Pule la superficie del diente -Usar con o sin H20 118S Fresa con vástago 118L Fresa con vástago;16.85;16,85 €;702
6668;L5959;RENEW SYSTEM POINT;R eliance Orthodontic;INSTRUMENTAL;Turbina;;49.59;49,59 €;702
6669;L11431;TIRAS STRIPPING UNA CARA;Proclinic;INSTRUMENTAL;L11431 L11434;;0.1;0,10 €;703
6670;L11432;TIRAS STRIPPING UNA CARA;Proclinic;INSTRUMENTAL;L11432 L11435;;0.1;0,10 €;703
6671;L11433;TIRAS STRIPPING UNA CARA;Proclinic;INSTRUMENTAL;L11433 L11436;;0.14;0,14 €;703
6672;L11434;TIRAS STRIPPING UNA CARA;Proclinic;INSTRUMENTAL;L11434 L11437;;49.99;49,99 €;703
6673;L11435;TIRAS STRIPPING UNA CARA;Proclinic;INSTRUMENTAL;L11435 L11438;;0.1;0,10 €;703
6674;L11436;TIRAS STRIPPING UNA CARA;Proclinic;INSTRUMENTAL;L11436 L11439;;0.14;0,14 €;703
6675;L11437;TIRAS STRIPPING UNA CARA;Proclinic;INSTRUMENTAL;L11437;;59.99;59,99 €;703
6676;L11438;TIRAS STRIPPING UNA CARA;Proclinic;INSTRUMENTAL;L11438;;0.1;0,10 €;703
6677;L11439;TIRAS STRIPPING UNA CARA;Proclinic;INSTRUMENTAL;L11439;;0.14;0,14 €;703
6678;L11440;TIRAS STRIPPING UNA CARA;Proclinic;INSTRUMENTAL;L11440 L11441;;0.2;0,20 €;703
6679;L11441;TIRAS STRIPPING UNA CARA;Proclinic;INSTRUMENTAL;L11441 L11442;;0.2;0,20 €;703
6680;L11442;TIRAS STRIPPING UNA CARA;Proclinic;INSTRUMENTAL;L11442;;0.2;0,20 €;703
6681;L6971;TIRAS STRIPPING UNA CARA;Proclinic;INSTRUMENTAL;4 mm.;;0.21;0,21 €;703
6682;L6972;TIRAS STRIPPING UNA CARA;Proclinic;INSTRUMENTAL;6 mm.;;0.21;0,21 €;703
6683;L6973;TIRAS STRIPPING UNA CARA;Proclinic;INSTRUMENTAL;8 mm.;;26.79;26,79 €;703
6684;L6974;TIRAS STRIPPING UNA CARA;Proclinic;INSTRUMENTAL;4 mm.;;26.79;26,79 €;703
6685;L6975;TIRAS STRIPPING UNA CARA;Proclinic;INSTRUMENTAL;6 mm.;;0.14;0,14 €;703
6686;L6976;TIRAS STRIPPING UNA CARA;Proclinic;INSTRUMENTAL;8 mm.;;29.99;29,99 €;703
6687;L8402;LIMAS PARA INTERPROXIMAL;Proclinic Expert;INSTRUMENTAL;Limas IPR diamantadas;Las limas Expert vienen con un mango Permiten reducir los puntos forma cómoda y eficiente. Espesores: - Serrada 0,05mm - Extra-fina 0,08mm - Fina 0,12mm;49.99;49,99 €;703
6688;L8403;LIMAS PARA INTERPROXIMAL;Proclinic Expert;INSTRUMENTAL;L8403;Las limas Expert vienen con un mango Permiten reducir los puntos forma cómoda y eficiente. Espesores: - Serrada 0,05mm - Extra-fina 0,08mm - Fina 0,12mm;44.99;44,99 €;703
6689;L8404;LIMAS PARA INTERPROXIMAL;Proclinic Expert;INSTRUMENTAL;L8404;Las limas Expert vienen con un mango Permiten reducir los puntos forma cómoda y eficiente. Espesores: - Serrada 0,05mm - Extra-fina 0,08mm - Fina 0,12mm;49.99;49,99 €;703
6690;L8405;LIMAS PARA INTERPROXIMAL;Proclinic Expert;INSTRUMENTAL;L8405;Las limas Expert vienen con un mango Permiten reducir los puntos forma cómoda y eficiente. Espesores: - Serrada 0,05mm - Extra-fina 0,08mm - Fina 0,12mm;49.99;49,99 €;703
6691;L8406;LIMAS PARA INTERPROXIMAL;Proclinic Expert;INSTRUMENTAL;L8406;Las limas Expert vienen con un mango Permiten reducir los puntos forma cómoda y eficiente. Espesores: - Serrada 0,05mm - Extra-fina 0,08mm - Fina 0,12mm;49.99;49,99 €;703
6692;L8407;LIMAS PARA INTERPROXIMAL;Proclinic Expert;INSTRUMENTAL;L8407;Las limas Expert vienen con un mango Permiten reducir los puntos forma cómoda y eficiente. Espesores: - Serrada 0,05mm - Extra-fina 0,08mm - Fina 0,12mm;49.99;49,99 €;703
6693;L8801;MEDIDORES GALGAS;Bestdent;INSTRUMENTAL;;;41.19;41,19 €;704
6694;L8923;TIRAS DE STRIPPING;Bestdent;INSTRUMENTAL;L8923 L8924;;23.49;23,49 €;704
6695;L8924;TIRAS DE STRIPPING;Bestdent;INSTRUMENTAL;L8924;;23.49;23,49 €;704
6696;L8925;TIRAS DE STRIPPING;Bestdent;INSTRUMENTAL;L8925;;23.49;23,49 €;704
6697;L8926;TIRAS DE STRIPPING;Bestdent;INSTRUMENTAL;L8926 L8927;;0.15;0,15 €;704
6698;L8927;TIRAS DE STRIPPING;Bestdent;INSTRUMENTAL;L8927;;27.15;27,15 €;704
6699;L8928;TIRAS DE STRIPPING;Bestdent;INSTRUMENTAL;L8928;;27.15;27,15 €;704
6700;L960;ANCHO 3 mm 4 mm 6 mm;;INSTRUMENTAL;L960 L961 L962;;0.12;0,12 €;704
6701;L961;ANCHO 4 mm 6 mm;;INSTRUMENTAL;L961 L962;;0.12;0,12 €;704
6702;L962;6 mm;;INSTRUMENTAL;L962;;0.12;0,12 €;704
6703;L963;6 mm;;INSTRUMENTAL;L963 -;;0.19;0,19 €;704
6704;L02520;ORTHO-STRIPS;Intensiv;INSTRUMENTAL;L02520 0,150;;92.59;92,59 €;706
6705;L02521;ORTHO-STRIPS;Intensiv;INSTRUMENTAL;L02521 L02526;;92.59;92,59 €;706
6706;L02522;ORTHO-STRIPS;Intensiv;INSTRUMENTAL;L02522 L02525;;92.59;92,59 €;706
6707;L02523;ORTHO-STRIPS;Intensiv;INSTRUMENTAL;L02523 L02524;;92.59;92,59 €;706
6708;L02524;ORTHO-STRIPS;Intensiv;INSTRUMENTAL;L02524 0,120;;92.59;92,59 €;706
6709;L02525;ORTHO-STRIPS;Intensiv;INSTRUMENTAL;L02525 0,100;;92.59;92,59 €;706
6710;L02526;ORTHO-STRIPS;Intensiv;INSTRUMENTAL;L02526 0,085;;92.59;92,59 €;706
6711;L02528;ORTHO-STRIP LIMAS;Intensiv;INSTRUMENTAL;;;62.45;62,45 €;706
6712;L02529;ORTHO-STRIPS;Intensiv;INSTRUMENTAL;L02529 L02530;;92.59;92,59 €;706
6713;L02530;ORTHO-STRIPS;Intensiv;INSTRUMENTAL;L02530 0,165;;92.59;92,59 €;706
6714;L10212;ORTHO-STRIPS;Intensiv;INSTRUMENTAL;L10212 0,280;;92.59;92,59 €;706
6715;L4681;ORTHO-STRIPS;Intensiv;INSTRUMENTAL;L4681 0,105;;92.59;92,59 €;706
6716;L4682;ORTHO-STRIPS;Intensiv;INSTRUMENTAL;L4682;;92.59;92,59 €;706
6717;L4704;KIT IPR-DISTANCE CONTROL 8 GROSORES.;Intensiv;INSTRUMENTAL;6 grosores;;0.4;0,40 €;706
6718;L4705;ORTHO-STRIPS;Intensiv;INSTRUMENTAL;L4705 L4681;;92.59;92,59 €;706
6719;L94021;ORTHO-STRIP LIMAS;Intensiv;INSTRUMENTAL;Surtido de 6;;72.0;72,00 €;706
6720;L9404;ORTHO-STRIP LIMAS;Intensiv;INSTRUMENTAL;Surtido de 6;;72.0;72,00 €;706
6721;L9519;KIT IPR-DISTANCE CONTROL 8 GROSORES.;Intensiv;INSTRUMENTAL;8 grosores;;0.4;0,40 €;706
6722;L9521;ORTHO-STRIPS;Intensiv;INSTRUMENTAL;L9521 0,130;;92.59;92,59 €;706
6723;L9522;ORTHO-STRIP LIMAS;Intensiv;INSTRUMENTAL;L9522 Extra-grueso, perforado, alta eficiencia de corte;;92.59;92,59 €;706
6724;L9523;ORTHO-STRIPS;Intensiv;INSTRUMENTAL;L9523 0,190;;92.59;92,59 €;706
6725;L9524;ORTHO-STRIPS;Intensiv;INSTRUMENTAL;L9524 L9523 L9521;;92.59;92,59 €;706
6726;L4680;PROXOSTRIP PLUS;Intensiv;INSTRUMENTAL;12 unidades;;114.99;114,99 €;707
6727;L4703;PROXOSTRIP;Intensi v;INSTRUMENTAL;12 unidades;1 caja de 3 sierras.;114.99;114,99 €;707
6728;L9598;ORTHO STRIP MANUAL GRANO GRUESO / MEDIANO;Intensiv;INSTRUMENTAL;1 caja de 6 tiras.;;78.0;78,00 €;707
6729;L9599;ORTHO STRIP MANUAL GRANO FINO / EXTRAFINO;Intensiv;INSTRUMENTAL;1 caja de 6 tiras.;;78.0;78,00 €;707
6730;L9600;APROX OPENER 8 MICRAS;Intensiv;INSTRUMENTAL;1 Lado;1 caja de 3 sierras.;92.59;92,59 €;707
6731;L9601;APROX OPENER 8 MICRAS;Intensiv;INSTRUMENTAL;2 Lados;1 caja de 3 sierras.;92.59;92,59 €;707
6732;L3650;en autoclave. 6 grosores diferentes: y 0,5 mm.;Dentasonic;INSTRUMENTAL;;;99.99;99,99 €;708
6733;L3651;CONTRA-ÁNGULO INTENSIV;Intensi v;INSTRUMENTAL;L3651 Kit doble cara 5 limas (15,25,40,60;;159.99;159,99 €;708
6734;L3652;CONTRA-ÁNGULO INTENSIV;Intensi v;INSTRUMENTAL;L3652 Kit una cara 5 limas (15,25,40,60;;159.99;159,99 €;708
6735;L3653;CONTRA-ÁNGULO INTENSIV;Intensi v;INSTRUMENTAL;L3653 L3654 L3655 L3656;;0.1;0,10 €;708
6736;L3654;CONTRA-ÁNGULO INTENSIV;Intensi v;INSTRUMENTAL;L3654 L3655 L3656;;0.15;0,15 €;708
6737;L3655;CONTRA-ÁNGULO INTENSIV;Intensi v;INSTRUMENTAL;L3655 L3656;;0.2;0,20 €;708
6738;L3656;CONTRA-ÁNGULO INTENSIV;Intensi v;INSTRUMENTAL;L3656;;0.3;0,30 €;708
6739;L3657;CONTRA-ÁNGULO INTENSIV;Intensi v;INSTRUMENTAL;L3657 L3658;;0.2;0,20 €;708
6740;L3658;CONTRA-ÁNGULO INTENSIV;Intensi v;INSTRUMENTAL;L3658 L3659;;159.99;159,99 €;708
6741;L3659;CONTRA-ÁNGULO INTENSIV;Intensi v;INSTRUMENTAL;L3659;;0.15;0,15 €;708
6742;L3661;CONTRA-ÁNGULO INTENSIV;Intensi v;INSTRUMENTAL;L3661 Kit doble cara;;159.99;159,99 €;708
6743;L3662;limas serradas (15,40,15;Dentasonic;INSTRUMENTAL;L3662 L3663;;0.1;0,10 €;708
6744;L3663;limas serradas (15,40,15;Dentasonic;INSTRUMENTAL;L3663;;0.15;0,15 €;708
6745;L95021;CONTRA-ÁNGULO INTENSIV;Intensi v;INSTRUMENTAL;Sin luz;;989.0;989,00 €;708
6746;L95022;CONTRA-ÁNGULO INTENSIV;Intensi v;INSTRUMENTAL;Con luz;;1489.0;1489,00 €;708
6747;85270;LIMAS CONTACEZ;Contacez;INSTRUMENTAL;Surtido de 8 limas (2 de cada;- Diseño ergonómico: se coge con una reducción de fatiga de la mano. - Preciso: quitará sólo el esmalte requerido, marcas en mm, evitando errores al seleccionarlas. - Seguro: previene de esquinas puntiagudas;93.99;93,99 €;709
6748;L3367;LIMAS FITSTRIP;Garrison;INSTRUMENTAL;Kit limas;;260.99;260,99 €;709
6749;L5869;LIMAS FITSTRIP;Garrison;INSTRUMENTAL;Kit Universal;;260.99;260,99 €;709
6750;L8089;LIMAS FITSTRIP;Garrison;INSTRUMENTAL;Mango.;;39.99;39,99 €;709
6751;L8089.;LIMAS FITSTRIP;Garrison;INSTRUMENTAL;Strip L8089. Las limas versátiles de;;94.99;94,99 €;709
6752;L8572;LIMAS FITSTRIP;Garrison;INSTRUMENTAL;L8572 L8573;;93.99;93,99 €;709
6753;L8573;LIMAS FITSTRIP;Garrison;INSTRUMENTAL;L8573 L8574;;93.99;93,99 €;709
6754;L8574;LIMAS FITSTRIP;Garrison;INSTRUMENTAL;L8574 L8575;;93.99;93,99 €;709
6755;L8575;LIMAS FITSTRIP;Garrison;INSTRUMENTAL;L8575;;94.99;94,99 €;709
6756;L8580;LIMAS FITSTRIP;Garrison;INSTRUMENTAL;L8580 L8581;;94.99;94,99 €;709
6757;L8581;LIMAS FITSTRIP;Garrison;INSTRUMENTAL;L8581 L8582;;94.99;94,99 €;709
6758;L8582;LIMAS FITSTRIP;Garrison;INSTRUMENTAL;L8582 L8583;;93.99;93,99 €;709
6759;L8583;LIMAS FITSTRIP;Garrison;INSTRUMENTAL;L8583 L8588;;94.99;94,99 €;709
6760;L8584;LIMAS FITSTRIP;Garrison;INSTRUMENTAL;L8584 L8572;;93.99;93,99 €;709
6761;L8585;LIMAS FITSTRIP;Garrison;INSTRUMENTAL;L8585 L8586;;93.99;93,99 €;709
6762;L8586;LIMAS FITSTRIP;Garrison;INSTRUMENTAL;L8586;;94.99;94,99 €;709
6763;L8587;LIMAS FITSTRIP;Garrison;INSTRUMENTAL;L8587 L8585;;94.99;94,99 €;709
6764;L8588;LIMAS FITSTRIP;Garrison;INSTRUMENTAL;L8588 L8589;;94.99;94,99 €;709
6765;L8589;LIMAS FITSTRIP;Garrison;INSTRUMENTAL;L8589;;94.99;94,99 €;709
6766;L12345;KIT DE INTRODUCCION FITSTRIP;Garrison;INSTRUMENTAL;;Galga con 6 medidas y 0.5mm).;64.99;64,99 €;710
6767;L3366;MEDIDOR DE ESPESOR / GALGA;Garrison;INSTRUMENTAL;;Galga con 6 medidas y 0.5mm).;64.99;64,99 €;710
6768;L3368;KIT FITSTRIP ACABADO SUBGINGIVAL;Garrison;INSTRUMENTAL;2 mangos;Las tiras subgingivales para eliminar de forma rápida y segura cemento de las zonas subgingivales estrechas y solo miden 2,5 mm de altura, la zona de seguridad central “no abrasiva”, debajo de la zona del punto de contacto. medio, fino y superfino y hace que el Extraer, desgastar y pulir:;0.1;0,10 €;710
6769;L8934;KIT FITSTRIP ACABADO SUBGINGIVAL;Garrison;INSTRUMENTAL;10 tiras:;Las tiras subgingivales para eliminar de forma rápida y segura cemento de las zonas subgingivales estrechas y solo miden 2,5 mm de altura, la zona de seguridad central “no abrasiva”, debajo de la zona del punto de contacto. medio, fino y superfino y hace que el Extraer, desgastar y pulir:;0.1;0,10 €;710
6770;59359;DISCOS STRIPPING;Komet;INSTRUMENTAL;Disco de acabado para la reducción;;0.15;0,15 €;711
6771;84700;DISCOS STRIPPING;Komet;INSTRUMENTAL;Disco diamante 8934A.900.100,;;0.15;0,15 €;711
6772;84701;DISCOS STRIPPING;Komet;INSTRUMENTAL;Disco diamante 8934A.900.180,;;0.15;0,15 €;711
6773;L5941;O’STRIPPERS O’STRIPPERS KIT LIMAS;Komet;INSTRUMENTAL;;;224.47;224,47 €;711
6774;L5942;O’STRIPPERS O’STRIPPERS KIT LIMAS;Komet;INSTRUMENTAL;la L5942 a L5945).;;224.47;224,47 €;711
6775;L5943;O’STRIPPERS O’STRIPPERS KIT LIMAS;Komet;INSTRUMENTAL;OS1F 1 x 0,15 mm (2 caras). Diamante;;0.15;0,15 €;711
6776;L5944;O’STRIPPERS O’STRIPPERS KIT LIMAS;Komet;INSTRUMENTAL;OS2F 1 x 0,30 mm (2 caras). Diamante;;0.3;0,30 €;711
6777;L5945;O’STRIPPERS O’STRIPPERS KIT LIMAS;Komet;INSTRUMENTAL;OS2M 1 x 0,45 mm (2 caras).;;0.45;0,45 €;711
6778;7549;FRESERO DE PULIDO;Proclinic;FRESAS;;6 fresas de grano fino + 6 fresas Superfinas para el acabado de composites.;111.21;111,21 €;717
6779;8417;FRESAS DIAMANTE KOMET TURBINA. INNOVACIONES;Komet;FRESAS;5985-012;Caja de 5 uds . Especialmente concebido para la eliminación de obturaciones realizadas con composite, compómeros y materiales ormocerámicos.;42.82;42,82 €;729
6780;5141;FRESAS DIAMANTE CONTRA-ÁNGULO HORICO;Horico;FRESAS;001-010 = Ø;La longitud del mango es de 16,5 mm. Caja de 5 uds.;20.79;20,79 €;735
6781;5143;FRESAS DIAMANTE CONTRA-ÁNGULO HORICO;Horico;FRESAS;001-014 = Ø;La longitud del mango es de 16,5 mm. Caja de 5 uds.;20.79;20,79 €;735
6782;5146;FRESAS DIAMANTE CONTRA-ÁNGULO HORICO;Horico;FRESAS;108-010 3 mm.;La longitud del mango es de 16,5 mm. Caja de 5 uds.;20.79;20,79 €;735
6783;5148;FRESAS DIAMANTE CONTRA-ÁNGULO HORICO;Horico;FRESAS;109-012 4 mm.;La longitud del mango es de 16,5 mm. Caja de 5 uds.;20.79;20,79 €;735
6784;5153;FRESAS DIAMANTE CONTRA-ÁNGULO HORICO;Horico;FRESAS;166-010 10 mm.;La longitud del mango es de 16,5 mm. Caja de 5 uds.;38.39;38,39 €;735
6785;5428;FRESA SEPARADORA DE CORONAS;Edenta;FRESAS;;Fresa de diamante macizo ángulo. Ideal para corar f acilidad. Utilizar hasta 20.000;41.17;41,17 €;735
6786;5295;FRESA TUNGSTENO TURBINA DE ACABADO;Maillefer;FRESAS;512-018 Acabado de;Liberación de la cámara pulpar. Punta inactiva.Punta Baatt. Grano Grueso. Apertura de canales. Caja de 5 uds.;48.86;48,86 €;741
6787;5296;FRESA TUNGSTENO TURBINA DE ACABADO;Maillefer;FRESAS;512-023 amalgamas;Liberación de la cámara pulpar. Punta inactiva.Punta Baatt. Grano Grueso. Apertura de canales. Caja de 5 uds.;48.86;48,86 €;741
6788;5297;FRESA TUNGSTENO TURBINA DE ACABADO;Maillefer;FRESAS;510-014L Acabado;Liberación de la cámara pulpar. Punta inactiva.Punta Baatt. Grano Grueso. Apertura de canales. Caja de 5 uds.;48.86;48,86 €;741
6789;99466;FRESA TUNGSTENO TURBINA DE ACABADO;Maillefer;FRESAS;510-008;Liberación de la cámara pulpar. Punta inactiva.Punta Baatt. Grano Grueso. Apertura de canales. Caja de 5 uds.;48.86;48,86 €;741
6790;5240;FRESAS TUNGSTENO;Jet;FRESAS;Nº 2;;16.22;16,22 €;743
6791;5242;FRESAS TUNGSTENO;Jet;FRESAS;Nº 4;;16.22;16,22 €;743
6792;5243;FRESAS TUNGSTENO;Jet;FRESAS;Nº 34;;16.22;16,22 €;743
6793;5245;FRESAS TUNGSTENO;Jet;FRESAS;Nº 330;;16.22;16,22 €;743
6794;5246;FRESAS TUNGSTENO;Jet;FRESAS;Nº 5;;16.22;16,22 €;743
6795;5248;FRESAS TUNGSTENO;Jet;FRESAS;Nº 6;;16.22;16,22 €;743
6796;5254;FRESAS TUNGSTENO;Jet;FRESAS;Nº 8;;16.22;16,22 €;743
6797;3356;FRESAS TUNGSTENO CONTRA-ÁNGULO;Maillefer;FRESAS;123-014 014;Caja de 5 uds. Número MODELO/TAMAÑO ISO;20.99;20,99 €;745
6798;3357;FRESAS TUNGSTENO CONTRA-ÁNGULO;Maillefer;FRESAS;123-016 016;Caja de 5 uds. Número MODELO/TAMAÑO ISO;20.99;20,99 €;745
6799;3358;FRESAS TUNGSTENO CONTRA-ÁNGULO;Maillefer;FRESAS;123-018 018;Caja de 5 uds. Número MODELO/TAMAÑO ISO;20.99;20,99 €;745
6800;82568;FRESAS TUNGSTENO CONTRA-ÁNGULO;Maillefer;FRESAS;151-008 008;Caja de 5 uds. Número MODELO/TAMAÑO ISO;63.36;63,36 €;745
6801;5179;FRESA TUNGSTENO 274.104.060;Horico;FRESAS;;1 ud.;32.61;32,61 €;748
6802;60144;FRESAS Z;Bestdent;FRESAS;Z-152 016 23 mm. Fresa para endodoncia.;Caja de 5 uds.;39.99;39,99 €;751
6803;60145;FRESAS Z;Bestdent;FRESAS;Z-151 016 23 mm. Fresas para cirugía.;Caja de 5 uds.;39.99;39,99 €;751
6804;60146;FRESAS Z;Bestdent;FRESAS;Z-151 016 28 mm. Fresas para cirugía;Caja de 5 uds.;39.99;39,99 €;751
6805;4344;FRESAS ODONTOSECCIÓN;DZ;FRESAS;010 TURBINA XLARGA;Caja de 6 uds. Para ahora! MODELO/TAMAÑO;28.68;28,68 €;752
6806;4345;FRESAS REDONDAS F.G. EXTRA LARGAS;Ela;FRESAS;Nº 014;Caja 6 uds. Turbina.;28.68;28,68 €;752
6807;4346;FRESAS REDONDAS F.G. EXTRA LARGAS;Ela;FRESAS;Nº 018;Caja 6 uds. Turbina.;28.68;28,68 €;752
6808;4347;FRESAS REDONDAS F.G. EXTRA LARGAS;Ela;FRESAS;Nº 023;Caja 6 uds. Turbina.;28.68;28,68 €;752
6809;99625;FRESA DIAMANTE PARA ZIRCONIO;Komet;FRESAS;;Caja de 5 uds. 3338 3339;70.35;70,35 €;752
6810;5290;FRESAS TUNGSTENO TURBINA PARA METAL;Maillefer;FRESAS;153-012 Corte transversal de coronas;Caja de 5 uds. MODELO/TAMAÑO;48.67;48,67 €;753
6811;5291;FRESAS TUNGSTENO TURBINA PARA METAL;Maillefer;FRESAS;154-010 Perforación de metales en;Caja de 5 uds. MODELO/TAMAÑO;48.67;48,67 €;753
6812;5292;FRESAS TUNGSTENO TURBINA PARA METAL;Maillefer;FRESAS;158-010 Desmontaje de amalgamas.;Caja de 5 uds. MODELO/TAMAÑO;48.86;48,86 €;753
6813;5293;FRESAS TUNGSTENO TURBINA PARA METAL;Maillefer;FRESAS;570-012 Tallado de muñones.;Caja de 5 uds. MODELO/TAMAÑO;48.86;48,86 €;753
6814;5294;FRESAS TUNGSTENO TURBINA PARA METAL;Maillefer;FRESAS;571-012 Tallado de muñones.;Caja de 5 uds. MODELO/TAMAÑO;48.86;48,86 €;753
6815;5769;H32 PARA METAL / CERÁMICA / DESOBTURADOR AMALGAMA;Komet Instrumento para el corte;FRESAS;H4MCL-012;Caja de 5 uds. de coronas y puentes;56.56;56,56 €;753
6816;7102;H32 PARA METAL / CERÁMICA / DESOBTURADOR AMALGAMA;Komet Instrumento para el corte;FRESAS;H32-012;Caja de 5 uds. de coronas y puentes;54.61;54,61 €;753
6817;97074;H32 PARA METAL / CERÁMICA / DESOBTURADOR AMALGAMA;Komet Instrumento para el corte;FRESAS;H4MCXL-014;Caja de 5 uds. de coronas y puentes;56.56;56,56 €;753
6818;5160;FRESAS CORTACORONAS;Horico;FRESAS;Fresa F.G. C21RAQ-012;;42.03;42,03 €;754
6819;5161;FRESAS CORTACORONAS;Horico;FRESAS;Fresa F.G. C34-012;;42.03;42,03 €;754
6820;5162;FRESAS CORTACORONAS;Horico;FRESAS;Fresa F.G. C36R-012;;42.03;42,03 €;754
6821;5163;FRESAS CORTACORONAS;Horico;FRESAS;Fresa F.G. C21RE-010;;42.03;42,03 €;754
6822;5164;FRESAS CORTACORONAS;Horico;FRESAS;Fresa F.G. C23RE-012;;42.03;42,03 €;754
6823;5165;FRESAS CORTACORONAS;Horico;FRESAS;Fresa F.G. C17-010;;42.03;42,03 €;754
6824;5167;FRESAS CORTACORONAS;Horico;FRESAS;Fresa F.G. C4LCM-012;;42.03;42,03 €;754
6825;K157;Fresas de cerámica FRESAS DE CERÁMICA;Komet;FRESAS;K157 F.G.;;65.32;65,32 €;754
6826;52572;FRESA FG POWER CUT - REMOVER;;FRESAS;H31RPC;Caja 5 uds. Fresa para remover las amalgamas sin producir;24.07;24,07 €;755
6827;5281;FRESAS PARA QUITAR COMPOSITE;Komet;FRESAS;;Caja 1 ud. Para acabado de;20.46;20,46 €;755
6828;5680;FRESAS CERÁMICA FG CIRUGÍA SOFT TISSUE TRIMMER;Edenta;FRESAS;STT249-016 Longitud activa;Instrumento para c omo alternativa y la electrocirugía.;73.62;73,62 €;755
6829;56803;FRESAS CERÁMICA FG CIRUGÍA SOFT TISSUE TRIMMER;Edenta;FRESAS;STT250-016 Longitud activa;Instrumento para c omo alternativa y la electrocirugía.;73.62;73,62 €;755
6830;5778;FRESAS PARA QUITAR COMPOSITE;Komet;FRESAS;H22AGK.204;Caja de 5 uds.;61.73;61,73 €;755
6831;5779;FRESAS PARA QUITAR COMPOSITE;Komet;FRESAS;H22AGK.314;Caja de 5 uds.;20.46;20,46 €;755
6832;5780;FRESAS PARA QUITAR COMPOSITE;Komet;FRESAS;H22ALGK.204;Caja de 5 uds.;61.73;61,73 €;755
6833;5781;FRESAS PARA QUITAR COMPOSITE;Komet;FRESAS;H22ALGK.314;Caja de 5 uds.;61.73;61,73 €;755
6834;5782;FRESAS PARA QUITAR COMPOSITE;Komet;FRESAS;H379AGK.204;Caja de 5 uds.;61.73;61,73 €;755
6835;5783;FRESAS PARA QUITAR COMPOSITE;Komet;FRESAS;H379AGK.314;Caja de 5 uds.;61.73;61,73 €;755
6836;24792;FRESA PARA QUITAR COMPOSITE C.A. H23VIP.204.016;Komet;FRESAS;5 unidades;Eliminación rápida y segura de restos de adhesivos. Una vez completado el tratamiento ortodón tico con brackets, el profesional se enfrenta al problema de remover los residuos de adhesivo sin dañar el esmalte dental. Para ello recomendamos instrumentos especiales que permiten la eliminación conservadora de residuos adhesivos. 1 Punta inactiva para no dañar la gingiva 2 Chamfer de seguridad para evitar la formación de muescas;61.72;61,72 €;756
6837;7101;FRESA PARA QUITAR COMPOSI- TE H22GK-314-016-K;Komet;FRESAS;1 unidad.;;61.73;61,73 €;756
6838;L9405;FRESA QUITAR COMPOSITE;Komet;FRESAS;Fresa pulido composite;1 unidad. Primer paso del Renew -Fresas de carburo estriadas -Retirada rápida del composite -Pule la superficie del diente -Usar con o sin H20 118S Fresa con vástago 118L Fresa con vástago;61.73;61,73 €;756
6839;L9406;FRESA QUITAR COMPOSITE;Komet;FRESAS;Fresero para pulido ortodoncia;1 unidad. Primer paso del Renew -Fresas de carburo estriadas -Retirada rápida del composite -Pule la superficie del diente -Usar con o sin H20 118S Fresa con vástago 118L Fresa con vástago;41.85;41,85 €;756
6840;L9407;FRESA QUITAR COMPOSITE;Komet;FRESAS;Pulidor para quitar composite;;31.76;31,76 €;756
6841;53010;FRESERO LVS VENEERS LAMINADOS DE PORCELANA;Komet;FRESAS;;8 instrumentos.;134.27;134,27 €;758
6842;8440;DIACOMP II. PULIDO DE COMPOSITES;Komet;FRESAS;;9 instrumentos.;130.23;130,23 €;758
6843;8441;DIALITE II. PULIDO DE CERÁMICAS;Komet;FRESAS;;9 instrumentos.;134.27;134,27 €;758
6844;8442;JUEGO PA. PLANIFICACIÓN PERIODONCIA;Komet;FRESAS;;10 instrumentos;138.61;138,61 €;758
6845;24698;BROCHA LIMPIAFRESAS NYLON;Komet;FRESAS;;1 unidad;15.79;15,79 €;759
6846;37026;FRESERO TPS-2 PREPARACIÓN CORONAS/PUENTES;Komet;FRESAS;;1 unidad;19.25;19,25 €;759
6847;78301;PERIO SET INTENSIV 045;Intensiv;FRESAS;;1 fresero + 12;128.84;128,84 €;759
6848;8444;FRESERO MICROPREPARACIÓN DR. NEUMEYER;Komet;FRESAS;;6 instrumentos;53.1;53,10 €;759
6849;8445;FRESERO TPS-2 PREPARACIÓN CORONAS/PUENTES;Komet;FRESAS;;15 instrumentos.;53.1;53,10 €;759
6850;90045;FRESERO F.G. 4573.ST.314 CORONAS CERÁMICAS;Komet;FRESAS;;1 fresero esterilizable + 9 fresas;161.09;161,09 €;759
6851;0856;CLIP-CLAP;Larident;FRESAS;;Cedazo de acero limpieza de fresas tipo de suciedad adherida a las fre- base de aluminio. sin manipularlos. de cerámica y tungsteno.;8.66;8,66 €;760
6852;14091;FRESERO DE PLÁSTICO;Maillefer;FRESAS;Fresero (Sin Soportes) Maillefer;Componga ud. mismo el fresero según sus necesidades.;19.67;19,67 €;760
6853;14092;FRESERO DE PLÁSTICO;Maillefer;FRESAS;Soporte para Fresero - F.G. Amarillo;Componga ud. mismo el fresero según sus necesidades.;5.29;5,29 €;760
6854;14093;FRESERO DE PLÁSTICO;Maillefer;FRESAS;Soporte para Fresero - C.A. Granate;Componga ud. mismo el fresero según sus necesidades.;5.29;5,29 €;760
6855;14094;FRESERO DE PLÁSTICO;Maillefer;FRESAS;Soporte para Fresero - P.M. Gris;Componga ud. mismo el fresero según sus necesidades.;39.66;39,66 €;760
6856;2101;ROTO-STAND 60;Directa;FRESAS;;En plástic o, para;39.66;39,66 €;760
6857;2107;ROTO-STAND 72;Directa;FRESAS;;En plástico, para 60 fresas de Turbina y 54 de C.A.;39.66;39,66 €;760
6858;2162;PLÁSTICO PARA 18 F.G. + 18 C.A.;Proclinic;FRESAS;;Fresero para 18 fresas de turbina y 18 fresas de contra-ángulo. Fresero de plástico esterilizable, a excepción de la inoxidable para la tapa que no es esterilizable en autoclave. y pequeños objetos;8.66;8,66 €;760
6859;90794;BROCHAS LIMPIAFRESAS;Bellotti;FRESAS;Latón;1 unidad;11.61;11,61 €;760
6860;90795;BROCHAS LIMPIAFRESAS;Bellotti;FRESAS;Nylon;1 unidad;11.61;11,61 €;760
6861;4197;FRESEROS DE ALUMINIO;Larident;FRESAS;Verde 24 F.G.;Freseros fabricados en aluminio, tapa de plástico esterilizable en frío. Pesados, para impedir deslizamientos.;25.69;25,69 €;761
6862;4198;FRESEROS DE ALUMINIO;Larident;FRESAS;Azul 24 C.A.;Freseros fabricados en aluminio, tapa de plástico esterilizable en frío. Pesados, para impedir deslizamientos.;25.69;25,69 €;761
6863;4199;FRESEROS DE ALUMINIO;Larident;FRESAS;Rojo 18 F.G. + 18 C.A.;Freseros fabricados en aluminio, tapa de plástico esterilizable en frío. Pesados, para impedir deslizamientos.;26.86;26,86 €;761
6864;6305;FRESERO DE ALUMINIO;Directa;FRESAS;;Para 12 fresas de Turbina y 12 de C.A.;40.74;40,74 €;761
6865;6306;FRESERO DE ALUMINIO;Directa;FRESAS;;Para 24 fresas de CA;40.74;40,74 €;761
6866;68583;FRESERO METÁLICO UNIVERSAL;Larident;FRESAS;Para 36 fresas FG o CA;Para 12 fresas de Turbina y 12 de C.A.;22.46;22,46 €;761
6867;0192;UNIVERSAL PROCLINIC;Proclinic;FRESAS;;Diámetro: Ø 7,5 cm. Altura:;46.33;46,33 €;762
6868;01922;SPRAY LUBRICANTE UNIVERSAL;Bestdent;FRESAS;;Bote de 250 ml.;11.95;11,95 €;762
6869;6351;CAJA ACERO INOXIDABLE DESCONTAMINACIÓN DE;Nichrominox;FRESAS;;Caja para descontaminar acero inoxidable. Se compone de 3 piezas: interior perforada y tapa con ranura. 3,5 cm.;46.33;46,33 €;762
6870;6361;FRESERO “CLIP 17”;Nichrominox;FRESAS;;Para 12 F.G. +;29.92;29,92 €;762
6871;6362;FRESERO “CLIP 17”;Nichrominox;FRESAS;;Para 4 F.G. + 4;19.67;19,67 €;762
6872;87211;CAJA DESINFECCIÓN;Hager & Werken;FRESAS;;1;19.67;19,67 €;762
6873;0401;SPRAY UNIVERSAL;Ka vo;FRESAS;Spray;500 ml.;51.32;51,32 €;763
6874;04012;SPRAY UNIVERSAL;Ka vo;FRESAS;Boquilla Q-I;500 ml.;8.87;8,87 €;763
6875;04013;SPRAY UNIVERSAL;Ka vo;FRESAS;Boquilla M;500 ml.;8.87;8,87 €;763
6876;05015;MANTENIMIENTO INSTRUMENTOS ROTATORIOS;Bien-Air;FRESAS;Kit Mantenimiento Triopack;;12.85;12,85 €;763
6877;05040;CARTUCHOS DE GRASA LUBRIMED;Bien-Air;FRESAS;Caja 6 unidades;Para turbinas de rodamientos de bolas Bien-Air y similares.;55.32;55,32 €;763
6878;05190;APLICADOR PARA GRASA;Bien-Air;FRESAS;1 unidad;Para aplicar los;49.57;49,57 €;763
6879;0520;MANTENIMIENTO INSTRUMENTOS ROTATORIOS;Bien-Air;FRESAS;Lubrifluid 500 ml.;;71.22;71,22 €;763
6880;08705;SPRAY UNIVERSAL;W&H;FRESAS;Boquilla spray FG sistema fijo;;12.85;12,85 €;763
6881;08706;SPRAY UNIVERSAL;W&H;FRESAS;Boquilla spray PM y CA;;12.85;12,85 €;763
6882;5504;SPRAY UNIVERSAL;W&H;FRESAS;Boquilla para sistema Roto quick;;12.85;12,85 €;763
6883;5519;SPRAY UNIVERSAL;W&H;FRESAS;400 ml.;;41.5;41,50 €;763
6884;59370;MANTENIMIENTO INSTRUMENTOS ROTATORIOS;Bien-Air;FRESAS;Spraynet 500 ml.;;71.22;71,22 €;763
6885;70350;SPRAY UNIVERSAL;W&H;FRESAS;Boquilla para conexión multiflex;;16.31;16,31 €;763
6886;96640;PANA SPRAY PLUS;Nsk;FRESAS;Spray;480 ml. su trabajo diario será;37.42;37,42 €;763
6887;96691;PANA SPRAY PLUS;Nsk;FRESAS;Boquilla punta negra Panamax;480 ml. su trabajo diario será;2.06;2,06 €;763
6888;96692;PANA SPRAY PLUS;Nsk;FRESAS;Boquilla Phatelus para spray;480 ml. su trabajo diario será;11.33;11,33 €;763
6889;7790;POSTES FIBRA DE BLANCOS;Proclinic;POSTES;;Kit: 30u. + 4 fresas 10 x 1 mm + 10 x 1,2 mm + 5 x 1,4 mm + 5 x 1,6 mm;186.34;186,34 €;766
6890;7791;REPOSICIÓN POSTES DE VIDRIO BLANCOS;Proclinic;POSTES;Ø 1 mm.;Reposición de 8 Postes.;43.04;43,04 €;766
6891;7792;REPOSICIÓN POSTES DE VIDRIO BLANCOS;Proclinic;POSTES;Ø 1,2 mm.;Reposición de 8 Postes.;43.04;43,04 €;766
6892;7793;REPOSICIÓN POSTES DE VIDRIO BLANCOS;Proclinic;POSTES;Ø 1,4 mm.;Reposición de 8 Postes.;43.04;43,04 €;766
6893;7794;REPOSICIÓN POSTES DE VIDRIO BLANCOS;Proclinic;POSTES;Ø 1,6 mm.;Reposición de 8 Postes.;43.04;43,04 €;766
6894;7795;POSTES FIBRA DE CARBONO;Proclinic;POSTES;;Kit: 30u. + 4 fresas 10 x 1 mm + 10 x 1,2 mm + 5 x 1,4 mm + 5 x 1,6 mm;174.55;174,55 €;766
6895;7796;REPOSICIÓN POSTES FIBRA DE CARBONO;Proclinic;POSTES;Ø 1 mm. 8 postes;Reposición de 8 Postes.;32.51;32,51 €;766
6896;7797;REPOSICIÓN POSTES FIBRA DE CARBONO;Proclinic;POSTES;Ø 1,2 mm.;Reposición de 8 Postes.;32.51;32,51 €;766
6897;7798;REPOSICIÓN POSTES FIBRA DE CARBONO;Proclinic;POSTES;Ø 1,4 mm.;Reposición de 8 Postes.;32.51;32,51 €;766
6898;7799;REPOSICIÓN POSTES FIBRA DE CARBONO;Proclinic;POSTES;Ø 1,6 mm.;Reposición de 8 Postes.;32.51;32,51 €;766
6899;7745;POSTES DE FIBRA TRANSLÚCIDOS;Proclinic Desde;POSTES;Kit 30 postes en 4 tamaños;;198.05;198,05 €;767
6900;7746;POSTES DE FIBRA TRANSLÚCIDOS;Proclinic Desde;POSTES;1,0 mm. (8 uds.);;40.17;40,17 €;767
6901;7747;POSTES DE FIBRA TRANSLÚCIDOS;Proclinic Desde;POSTES;1,2 mm. (8 uds.);;40.17;40,17 €;767
6902;7748;POSTES DE FIBRA TRANSLÚCIDOS;Proclinic Desde;POSTES;1,4 mm. (8 uds.);;40.17;40,17 €;767
6903;7749;POSTES DE FIBRA TRANSLÚCIDOS;Proclinic Desde;POSTES;1,6 mm. (8 uds.);;40.17;40,17 €;767
6904;77919;FRESAS PARA POSTES PROCLINIC;Proclinic;POSTES;Diámetro 1 mm;Caja de 1 u.;20.28;20,28 €;767
6905;77929;FRESAS PARA POSTES PROCLINIC;Proclinic;POSTES;Diámetro 1,2 mm;Caja de 1 u.;20.28;20,28 €;767
6906;77939;FRESAS PARA POSTES PROCLINIC;Proclinic;POSTES;Diámetro 1,4 mm;Caja de 1 u.;20.28;20,28 €;767
6907;77949;FRESAS PARA POSTES PROCLINIC;Proclinic;POSTES;Diámetro 1,6 mm;Caja de 1 u.;20.28;20,28 €;767
6908;78281;POSTES BLANCOS DE FIBRA ESTÉRILES;Proclinic;POSTES;Ø 1,0 mm. 10 postes;Envase de 10 uds.;46.96;46,96 €;768
6909;78282;POSTES BLANCOS DE FIBRA ESTÉRILES;Proclinic;POSTES;Ø 1,2 mm.;Envase de 10 uds.;46.96;46,96 €;768
6910;78283;POSTES BLANCOS DE FIBRA ESTÉRILES;Proclinic;POSTES;Ø 1,4 mm.;Envase de 10 uds.;46.96;46,96 €;768
6911;78284;POSTES BLANCOS DE FIBRA ESTÉRILES R+;Proclinic;POSTES;R+.Ø1,0 mm. 10 postes;Envase de 10 uds.;46.96;46,96 €;768
6912;78285;POSTES BLANCOS DE FIBRA ESTÉRILES R+;Proclinic;POSTES;R+.Ø1,2 mm.;Envase de 10 uds.;46.96;46,96 €;768
6913;78286;POSTES BLANCOS DE FIBRA ESTÉRILES R+;Proclinic;POSTES;R+.Ø1,4 mm.;Envase de 10 uds.;46.96;46,96 €;768
6914;7448;RELYX FIBER POST KIT INTRO;Solventum (3M);POSTES;Kit Intro;15 postes (5 postes + 4 fresas (1 de y 20 cánulas de;357.56;357,56 €;769
6915;74490;POSTES;;POSTES;Nº.0;Ref. Ref. Ref. Ref.;26.26;26,26 €;769
6916;7450;RELYX FIBER POST KIT INTRO;Solventum (3M);POSTES;Nº.1 (1,3 mm).;15 postes (5 postes + 4 fresas (1 de y 20 cánulas de;158.37;158,37 €;769
6917;7451;RELYX FIBER POST KIT INTRO;Solventum (3M);POSTES;Nº.2 (1,6 mm).;15 postes (5 postes + 4 fresas (1 de y 20 cánulas de;158.37;158,37 €;769
6918;7452;RELYX FIBER POST KIT INTRO;Solventum (3M);POSTES;Nº.3 (1,9 mm).;15 postes (5 postes + 4 fresas (1 de y 20 cánulas de;357.56;357,56 €;769
6919;7453;POSTES;;POSTES;Nº.1;Ref. Ref. Ref. Ref.;26.26;26,26 €;769
6920;74530;RELYX FIBER POST KIT INTRO;Solventum (3M);POSTES;Nº.0 (1,1 mm).;15 postes (5 postes + 4 fresas (1 de y 20 cánulas de;158.37;158,37 €;769
6921;7454;RELYX FIBER POST;;POSTES;Nº.2;10 Postes;26.26;26,26 €;769
6922;7455;RELYX FIBER POST KIT INTRO;Solventum (3M);POSTES;Nº.3;;26.26;26,26 €;769
6923;7456;RELYX FIBER POST KIT INTRO;Solventum (3M);POSTES;Universal;15 postes (5 postes + 4 fresas (1 de y 20 cánulas de;158.37;158,37 €;769
6924;81001;POSTES;;POSTES;;Ref. Ref. Ref. Ref.;23.38;23,38 €;769
6925;81002;POSTES;;POSTES;;Ref. Ref. Ref. Ref.;23.38;23,38 €;769
6926;81003;POSTES;;POSTES;;Ref. Ref. Ref. Ref.;23.38;23,38 €;769
6927;81004;POSTES;;POSTES;;Ref. Ref. Ref. Ref.;23.38;23,38 €;769
6928;6994;GLASSIX -5;Nordin;POSTES;Estuche con 18 unidades en tres;Postes de composite con fibra de vidrio. Su color blanco los integra en la restauración sin transparentar. Radiopacos. %;105.05;105,05 €;770
6929;69941;GLASSIX -5;Nordin;POSTES;Ø 1,00 mm.;Caja de 6 unidades.;1.0;1,00 €;770
6930;6995;GLASSIX -5;Nordin;POSTES;Ø 1,20 mm.;Caja de 6 unidades.;1.2;1,20 €;770
6931;69959;GLASSIX -5;Nordin;POSTES;;Caja de 6 unidades.;1.0;1,00 €;770
6932;6996;GLASSIX -5;Nordin;POSTES;Ø 1,35 mm.;Caja de 6 unidades.;1.35;1,35 €;770
6933;69969;GLASSIX -5;Nordin;POSTES;Taladros Nº2, Ø 1,20 mm. (3 uds.);Caja de 6 unidades.;1.2;1,20 €;770
6934;6997;GLASSIX -5;Nordin;POSTES;Ø 1,50 mm.;Caja de 6 unidades.;1.5;1,50 €;770
6935;69979;GLASSIX -5;Nordin;POSTES;Taladros Nº3, Ø 1,35 mm. (3 uds.);Caja de 6 unidades.;1.35;1,35 €;770
6936;74473;RELYX FIBER POST 3D;Solventum (3M);POSTES;Relyx Fiber Post 3D Intro;20 tamaños de 5 tamaños de (1 fresa de cada;412.23;412,23 €;770
6937;74474;RELYX FIBER POST 3D;Solventum (3M);POSTES;Nº.0 (1,1 mm).;10 Postes;158.37;158,37 €;770
6938;74475;RELYX FIBER POST 3D;Solventum (3M);POSTES;Nº.1 (1,3 mm).;10 Postes;158.37;158,37 €;770
6939;74476;RELYX FIBER POST 3D;Solventum (3M);POSTES;Nº.2 (1,6 mm).;10 Postes;158.37;158,37 €;770
6940;74477;RELYX FIBER POST 3D;Solventum (3M);POSTES;Nº.3 (1,9 mm).;10 Postes;158.37;158,37 €;770
6941;18775;Postes blancos de fibra REBILDA POST SYSTEM;Voco;POSTES;Fresa Ø 1,0 mm.;;29.6;29,60 €;771
6942;19027;Produto Dentário;;POSTES;;;26.21;26,21 €;771
6943;29301;GLASSIX;;POSTES;;;227.38;227,38 €;771
6944;29302;GLASSIX;;POSTES;;;76.0;76,00 €;771
6945;29303;GLASSIX;;POSTES;;;76.0;76,00 €;771
6946;29304;GLASSIX;;POSTES;;;76.0;76,00 €;771
6947;29305;GLASSIX;;POSTES;;;76.0;76,00 €;771
6948;29306;GLASSIX;;POSTES;;;34.4;34,40 €;771
6949;29307;GLASSIX;;POSTES;;;34.4;34,40 €;771
6950;29308;GLASSIX;;POSTES;;;34.4;34,40 €;771
6951;29309;GLASSIX;;POSTES;;;34.4;34,40 €;771
6952;48473;Postes blancos de fibra REBILDA POST SYSTEM;Voco;POSTES;5 Postes Ø 1,0 mm.;;86.3;86,30 €;771
6953;48475;Postes blancos de fibra REBILDA POST SYSTEM;Voco;POSTES;Set II: 5 Postes de cada (Ø 1,0 mm, Ø 1,2 mm., Ø 1,5 mm, Ø;;499.7;499,70 €;771
6954;59545;Postes blancos de fibra REBILDA POST SYSTEM;Voco;POSTES;Fresa Ø 2,0 mm.;;29.6;29,60 €;771
6955;96813;Postes blancos de fibra REBILDA POST SYSTEM;Voco;POSTES;Set: 5 Postes de cada (Ø 1.2 mm., Ø 1.5 mm., Ø 2,0 mm),;;499.7;499,70 €;771
6956;96817;Postes blancos de fibra REBILDA POST SYSTEM;Voco;POSTES;Fresa Ø 1,2 mm.;;29.6;29,60 €;771
6957;96818;Postes blancos de fibra REBILDA POST SYSTEM;Voco;POSTES;Fresa Ø 1,5 mm.;;29.6;29,60 €;771
6958;96819;Postes blancos de fibra REBILDA POST SYSTEM;Voco;POSTES;5 Postes Ø 2,0 mm.;;86.3;86,30 €;771
6959;96824;Postes blancos de fibra REBILDA POST SYSTEM;Voco;POSTES;5 Postes Ø 1,2 mm.;;86.3;86,30 €;771
6960;96825;Postes blancos de fibra REBILDA POST SYSTEM;Voco;POSTES;5 Postes Ø 1,5 mm.;;86.3;86,30 €;771
6961;2342;CORE & POST SYSTEM;Maillefer;POSTES;X-Posts Nº 1 (5 uds.);;95.86;95,86 €;772
6962;2344;CORE & POST SYSTEM;Maillefer;POSTES;X-Posts Nº 2 (5 uds.);;95.86;95,86 €;772
6963;2345;CORE & POST SYSTEM;Maillefer;POSTES;X-Posts Nº 3 (5 uds.);;95.86;95,86 €;772
6964;2346;CORE & POST SYSTEM;Maillefer;POSTES;X-Posts Nº 4 (5 uds.);;95.86;95,86 €;772
6965;2347;CORE & POST SYSTEM;Maillefer;POSTES;X-Posts tips aplicadores (50 uds.);;11.91;11,91 €;772
6966;61756;Ø (mm) REBILDA POST GT;Voco;POSTES;5 Postes nº12 Ø 1,4 mm.;Set 5 postes (en 0,8 mm, 1,0 mm, Ceramic bond 5 ml., + Futurabond Rebilda DC dentina quick mix 10grs,;181.1;181,10 €;772
6967;61757;Ø (mm) REBILDA POST GT;Voco;POSTES;5 Postes nº12 Ø 0,8 mm.;Set 5 postes (en 0,8 mm, 1,0 mm, Ceramic bond 5 ml., + Futurabond Rebilda DC dentina quick mix 10grs,;88.2;88,20 €;772
6968;61758;Ø (mm) REBILDA POST GT;Voco;POSTES;5 Postes nº12 Ø 1,0 mm.;Set 5 postes (en 0,8 mm, 1,0 mm, Ceramic bond 5 ml., + Futurabond Rebilda DC dentina quick mix 10grs,;111.6;111,60 €;772
6969;61759;Ø (mm) REBILDA POST GT;Voco;POSTES;5 Postes nº12 Ø 1,2 mm.;Set 5 postes (en 0,8 mm, 1,0 mm, Ceramic bond 5 ml., + Futurabond Rebilda DC dentina quick mix 10grs,;149.7;149,70 €;772
6970;61760;Ø (mm) REBILDA POST GT;Voco;POSTES;System Set;Set 5 postes (en 0,8 mm, 1,0 mm, Ceramic bond 5 ml., + Futurabond Rebilda DC dentina quick mix 10grs,;651.8;651,80 €;772
6971;25605;LUSCENT ANCHORS REPOSICIÓN;Dentatus;POSTES;(M)Largo: 17 mm, Ø 1,6 mm;15 unidades;168.59;168,59 €;773
6972;28301;LUSCENT ANCHORS REPOSICIÓN;Dentatus;POSTES;(S)Largo: 15 mm, Ø 1,45 mm;15 unidades;1.45;1,45 €;773
6973;28302;LUSCENT ANCHORS REPOSICIÓN;Dentatus;POSTES;(L)Largo: 19 mm, Ø 1,75 mm;15 unidades;1.75;1,75 €;773
6974;28303;LUSCENT ANCHORS REPOSICIÓN;Dentatus;POSTES;(XS)Largo: 15 mm, Ø 1,3 mm;15 unidades;168.59;168,59 €;773
6975;28304;LUSCENT ANCHORS REPOSICIÓN;Dentatus;POSTES;(XXS)Largo: 15 mm, Ø 1,15;15 unidades;1.15;1,15 €;773
6976;28305;LUSCENT ANCHORS REPOSICIÓN;Dentatus;POSTES;(XXXS)Largo: 15 mm, Ø 1,0;15 unidades;168.59;168,59 €;773
6977;8263;RADIX FIBER POST;Maillefer.;POSTES;Fresa Precisión Nº3;Kit con 24 postes + 1 Fresa Peeso;31.14;31,14 €;773
6978;99241;RADIX FIBER POST;Maillefer.;POSTES;Fresa Precisión Nº1;Kit con 24 postes + 1 Fresa Peeso;31.14;31,14 €;773
6979;99242;RADIX FIBER POST;Maillefer.;POSTES;+ 2 Fresas Ensanchadoras de Precisión.;Kit con 24 postes + 1 Fresa Peeso;31.14;31,14 €;773
6980;69451;KIT SNOWPOST;Carbotech;POSTES;Kit;Caja con 20 unidades;323.86;323,86 €;774
6981;6946;KIT SNOWPOST;Carbotech;POSTES;Ø 1 mm. Blanco;Caja de 10 unidades.;108.21;108,21 €;774
6982;6947;KIT SNOWPOST;Carbotech;POSTES;Ø 1,2 mm. Amarillo;Caja de 10 unidades.;108.21;108,21 €;774
6983;6948;KIT SNOWPOST;Carbotech;POSTES;Ø 1,4 mm. Rojo;Caja de 10 unidades.;108.21;108,21 €;774
6984;6949;KIT SNOWPOST;Carbotech;POSTES;Ø 1,6 mm. Azul;Caja de 10 unidades.;108.21;108,21 €;774
6985;69991;KIT SNOWPOST;Carbotech;POSTES;Ø 1,2 mm. Amarillo;Translúcidos.;108.21;108,21 €;774
6986;69992;KIT SNOWPOST;Carbotech;POSTES;Ø 1,0 mm. Blanco;Translúcidos.;108.21;108,21 €;774
6987;9759;ENA POST KIT CONICIDAD;Micerium;POSTES;Kit 2%;5 pernos Ø 0,8 – 5 pernos Ø 1,0 – 1’45 mm. 5 pernos 5 pernos Ø 1,4 – 1’88 mm. 4 fresas;487.72;487,72 €;774
6988;9760;ENA POST KIT CONICIDAD;Micerium;POSTES;ENA POST 2% - 0,8 (10 uds);5 pernos Ø 0,8 – 5 pernos Ø 1,0 – 1’45 mm. 5 pernos 5 pernos Ø 1,4 – 1’88 mm. 4 fresas;86.4;86,40 €;774
6989;9761;ENA POST KIT CONICIDAD;Micerium;POSTES;ENA POST 2% - 1,0 (10 uds);5 pernos Ø 0,8 – 5 pernos Ø 1,0 – 1’45 mm. 5 pernos 5 pernos Ø 1,4 – 1’88 mm. 4 fresas;86.4;86,40 €;774
6990;9762;ENA POST KIT CONICIDAD;Micerium;POSTES;ENA POST 2% - 1,2 (10 uds);5 pernos Ø 0,8 – 5 pernos Ø 1,0 – 1’45 mm. 5 pernos 5 pernos Ø 1,4 – 1’88 mm. 4 fresas;86.4;86,40 €;774
6991;9763;ENA POST KIT CONICIDAD;Micerium;POSTES;ENA POST 2% - 1,4 (10 uds);5 pernos Ø 0,8 – 5 pernos Ø 1,0 – 1’45 mm. 5 pernos 5 pernos Ø 1,4 – 1’88 mm. 4 fresas;86.4;86,40 €;774
6992;9764;KIT SNOWPOST;Carbotech;POSTES;;Translúcidos.;487.72;487,72 €;774
6993;9765;ENA POST KIT CONICIDAD;Micerium;POSTES;ENA POST 10% - 0,5 (10 uds);5 pernos Ø 0,8 – 5 pernos Ø 1,0 – 1’45 mm. 5 pernos 5 pernos Ø 1,4 – 1’88 mm. 4 fresas;103.2;103,20 €;774
6994;9767;ENA POST KIT CONICIDAD;Micerium;POSTES;ENA POST 10% - 0,9 (10 uds);5 pernos Ø 0,8 – 5 pernos Ø 1,0 – 1’45 mm. 5 pernos 5 pernos Ø 1,4 – 1’88 mm. 4 fresas;103.2;103,20 €;774
6995;9768;ENA POST KIT CONICIDAD;Micerium;POSTES;ENA POST 10% - 1,1 (10 uds);5 pernos Ø 0,8 – 5 pernos Ø 1,0 – 1’45 mm. 5 pernos 5 pernos Ø 1,4 – 1’88 mm. 4 fresas;103.2;103,20 €;774
6996;1410;RADIX ANKER TITANIO ESTUCHE 195 DT;Maillefer;POSTES;Nº1;Estuche 12 uds. + 7 Accesorios.;420.47;420,47 €;775
6997;1411;RADIX ANKER TITANIO ESTUCHE 195 DT;Maillefer;POSTES;Nº2;Estuche 12 uds. + 7 Accesorios.;420.47;420,47 €;775
6998;1412;RADIX ANKER TITANIO ESTUCHE 195 DT;Maillefer;POSTES;Nº3;Estuche 12 uds. + 7 Accesorios.;420.47;420,47 €;775
6999;1413;RADIX ANKER TITANIO ESTUCHE 195 DT;Maillefer;POSTES;Radix Anker Reposicion N.1;Estuche 12 uds.;280.83;280,83 €;775
7000;1414;RADIX ANKER TITANIO ESTUCHE 195 DT;Maillefer;POSTES;Radix Anker Reposicion N.2;Estuche 12 uds.;280.83;280,83 €;775
7001;1415;RADIX ANKER TITANIO ESTUCHE 195 DT;Maillefer;POSTES;Radix Anker Reposicion N.3;Estuche 12 uds.;280.83;280,83 €;775
7002;1416;RADIX ANKER TITANIO ESTUCHE 195 DT;Maillefer;POSTES;Estuche;Estuche 18 uds. (3 tamaños x 6 uds) + Accesorios (21 piezas) Nº 1 + 2 + 3;748.76;748,76 €;775
7003;3360;FRESAS DE INICIO (212) 1 ANILLO;Maillefer;POSTES;Titanio Lila Nº 008;Caja de 6 uds. Válidas tambiém para Unicast.;56.74;56,74 €;775
7004;3361;FRESAS DE INICIO (212) 1 ANILLO;Maillefer;POSTES;Titanio Blanco Nº 108;Caja de 6 uds. Válidas tambiém para Unicast.;66.75;66,75 €;775
7005;3362;FRESAS DE INICIO (212) 1 ANILLO;Maillefer;POSTES;Titanio Amarillo Nº 208;Caja de 6 uds. Válidas tambiém para Unicast.;66.75;66,75 €;775
7006;3363;FRESAS DE INICIO (212) 1 ANILLO;Maillefer;POSTES;Titanio Azul Nº 110;Caja de 6 uds. Válidas tambiém para Unicast.;66.75;66,75 €;775
7007;3364;FRESAS DE INICIO (212) 1 ANILLO;Maillefer;POSTES;Titanio Verde Nº 210;Caja de 6 uds. Válidas tambiém para Unicast.;66.75;66,75 €;775
7008;3365;FRESAS CALIBRADORAS (213) 2 ANILLOS;Maillefer;POSTES;Lila Nº 008;Caja de 6 uds. Titanio.;66.75;66,75 €;775
7009;3366;FRESAS CALIBRADORAS (213) 2 ANILLOS;Maillefer;POSTES;Blanco Nº 108;Caja de 6 uds. Titanio.;66.75;66,75 €;775
7010;3367;FRESAS CALIBRADORAS (213) 2 ANILLOS;Maillefer;POSTES;Amarillo Nº 208 Sistema de;Caja de 6 uds. Titanio.;66.75;66,75 €;775
7011;3368;FRESAS CALIBRADORAS (213) 2 ANILLOS;Maillefer;POSTES;Azul Nº 110 dentina durante;Caja de 6 uds. Titanio.;66.75;66,75 €;775
7012;3369;FRESAS CALIBRADORAS (213) 2 ANILLOS;Maillefer;POSTES;Verde Nº 210 y biocompatible,;Caja de 6 uds. Titanio.;66.75;66,75 €;775
7013;3391;RADIX ANKER TITANIO ESTUCHE 195 DT;Maillefer;POSTES;Penetración (220) Nº1 Amarillos;Caja de 6 unidades.;78.93;78,93 €;775
7014;3392;RADIX ANKER TITANIO ESTUCHE 195 DT;Maillefer;POSTES;Penetración (220) Nº2 Rojos;Caja de 6 unidades.;78.93;78,93 €;775
7015;3393;RADIX ANKER TITANIO ESTUCHE 195 DT;Maillefer;POSTES;Penetración (220) Nº3 Azul;Caja de 6 unidades.;78.93;78,93 €;775
7016;3394;RADIX ANKER TITANIO ESTUCHE 195 DT;Maillefer;POSTES;Calibradora (216) Nº1 Amarillos;Caja de 6 unidades.;78.93;78,93 €;775
7017;3395;RADIX ANKER TITANIO ESTUCHE 195 DT;Maillefer;POSTES;Calibradora (216) Nº2 Rojos;Caja de 6 unidades.;78.93;78,93 €;775
7018;3396;RADIX ANKER TITANIO ESTUCHE 195 DT;Maillefer;POSTES;Calibradora (216) Nº3 Azul;Caja de 6 unidades.;78.93;78,93 €;775
7019;3397;FRESAS DE INICIO (212) 1 ANILLO;Maillefer;POSTES;Titanio Rojo Nº 308;Caja de 6 uds. Válidas tambiém para Unicast.;66.75;66,75 €;775
7020;3398;FRESAS CALIBRADORAS (213) 2 ANILLOS;Maillefer;POSTES;Rojo Nº 308 profundidad;Caja de 6 uds. Titanio.;66.75;66,75 €;775
7021;3399;FRESAS DE INICIO (212) 1 ANILLO;Maillefer;POSTES;Titanio Negro Nº 310;Caja de 6 uds. Válidas tambiém para Unicast.;66.75;66,75 €;775
7022;3400;FRESAS CALIBRADORAS (213) 2 ANILLOS;Maillefer;POSTES;Negro Nº 310 quier volumen;Caja de 6 uds. Titanio.;66.75;66,75 €;775
7023;54020;RADIX ANKER TITANIO ESTUCHE 195 DT;Maillefer;POSTES;Radix Anker Reposición Nº2 Largo;Estuche 12 uds.;280.83;280,83 €;775
7024;99485;RADIX ANKER TITANIO ESTUCHE 195 DT;Maillefer;POSTES;Radix Anker Long N.1 Reposición;Estuche 12 uds.;280.83;280,83 €;775
7025;1490;UNIMETRIC TITANIO ESTUCHE Ø 1 mm.;Maillefer;POSTES;Estuche;Estuche de 120 uds. + 7 Fresas y accesorios.;463.6;463,60 €;776
7026;1491;UNIMETRIC TITANIO ESTUCHE Ø 1 mm.;Maillefer;POSTES;Titanio Azul Nº 110 S (1 mm);Sobre de 25 uds. de la;79.13;79,13 €;776
7027;1492;UNIMETRIC TITANIO ESTUCHE Ø 1 mm.;Maillefer;POSTES;Titanio Verde Nº 210 S (1 mm);Sobre de 25 uds. de la;79.13;79,13 €;776
7028;1493;UNIMETRIC TITANIO ESTUCHE Ø 1 mm.;Maillefer;POSTES;Titanio Negro Nº 310 S (1 mm);Sobre de 25 uds. de la;79.13;79,13 €;776
7029;1494;UNIMETRIC TITANIO ESTUCHE Ø 1 mm.;Maillefer;POSTES;Titanio Azul Nº 110 L (1 mm);Sobre de 25 uds. de la;79.13;79,13 €;776
7030;1495;UNIMETRIC TITANIO ESTUCHE Ø 1 mm.;Maillefer;POSTES;Titanio Verde Nº 210 L (1 mm);Sobre de 25 uds. de la;79.13;79,13 €;776
7031;1496;UNIMETRIC TITANIO ESTUCHE Ø 1 mm.;Maillefer;POSTES;Titanio Negro Nº 310 L (1 mm);Sobre de 25 uds. de la;79.13;79,13 €;776
7032;1580;UNIMETRIC TITANIO ESTUCHE Ø 0,8 mm.;Maillefer;POSTES;Estuche;Estuche de 120 uds. + 7 Fresas y accesorios.;566.03;566,03 €;776
7033;1581;UNIMETRIC TITANIO ESTUCHE Ø 0,8 mm.;Maillefer;POSTES;Titanio blanco: Nº 108 S (0,8 mm);Sobre de 25 uds.;79.13;79,13 €;776
7034;1582;UNIMETRIC TITANIO ESTUCHE Ø 0,8 mm.;Maillefer;POSTES;Titanio amarillo: Nº 208 S (0,8 mm);Sobre de 25 uds.;79.13;79,13 €;776
7035;1583;UNIMETRIC TITANIO ESTUCHE Ø 0,8 mm.;Maillefer;POSTES;Titanio rojo: Nº 308 S (0,8 mm);Sobre de 25 uds.;79.13;79,13 €;776
7036;1584;UNIMETRIC TITANIO ESTUCHE Ø 0,8 mm.;Maillefer;POSTES;Titanio blanco: Nº 108L (0,8 mm);Sobre de 25 uds.;79.13;79,13 €;776
7037;1585;UNIMETRIC TITANIO ESTUCHE Ø 0,8 mm.;Maillefer;POSTES;Titanio amarillo: Nº 208L (0,8 mm);Sobre de 25 uds.;79.13;79,13 €;776
7038;1586;UNIMETRIC TITANIO ESTUCHE Ø 0,8 mm.;Maillefer;POSTES;Titanio rojo: Nº 308 L (0,8 mm);Sobre de 25 uds.;79.13;79,13 €;776
7039;1595;UNIMETRIC TITANIO ESTUCHE Ø 0,8 mm.;Maillefer;POSTES;Titanio lila: Nº 008 S (0,8 mm);Sobre de 25 uds.;79.13;79,13 €;776
7040;2801;DENTATUS TITANIO TST SURTEX;Dentatus;POSTES;Kit surtido;Cilindro-Cónicos. Arenados 20 tamaños x 6 uds. (Sin Drills) Roscados o cementados;401.53;401,53 €;777
7041;2802;REPOSICIÓN DENTATUS TITANIO TST;Dentatus;POSTES;Titanio cortos Nº 1 (7,8 mm);Caja de 15 unidades. Arenados.;51.2;51,20 €;777
7042;2803;REPOSICIÓN DENTATUS TITANIO TST;Dentatus;POSTES;Titanio cortos Nº 2 (7,8 mm);Caja de 15 unidades. Arenados.;51.2;51,20 €;777
7043;2804;REPOSICIÓN DENTATUS TITANIO TST;Dentatus;POSTES;Titanio cortos Nº 3 (7,8 mm);Caja de 15 unidades. Arenados.;51.2;51,20 €;777
7044;2805;REPOSICIÓN DENTATUS TITANIO TST;Dentatus;POSTES;Titanio cortos Nº 4 (7,8 mm);Caja de 15 unidades. Arenados.;51.2;51,20 €;777
7045;2806;REPOSICIÓN DENTATUS TITANIO TST;Dentatus;POSTES;Titanio cortos Nº 5 (7,8 mm);Caja de 15 unidades. Arenados.;51.2;51,20 €;777
7046;2807;REPOSICIÓN DENTATUS TITANIO TST;Dentatus;POSTES;Titanio cortos Nº 6 (7,8 mm);Caja de 15 unidades. Arenados.;51.2;51,20 €;777
7047;2808;REPOSICIÓN DENTATUS TITANIO TST;Dentatus;POSTES;Titanio medios Nº 1 (9,3 mm);Caja de 15 unidades. Arenados.;51.2;51,20 €;777
7048;2809;REPOSICIÓN DENTATUS TITANIO TST;Dentatus;POSTES;Titanio medios Nº 2 (9,3 mm);Caja de 15 unidades. Arenados.;51.2;51,20 €;777
7049;2810;REPOSICIÓN DENTATUS TITANIO TST;Dentatus;POSTES;Titanio medios Nº 3 (9,3 mm);Caja de 15 unidades. Arenados.;51.2;51,20 €;777
7050;2811;REPOSICIÓN DENTATUS TITANIO TST;Dentatus;POSTES;Titanio medios Nº 4 (9,3 mm);Caja de 15 unidades. Arenados.;51.2;51,20 €;777
7051;2812;REPOSICIÓN DENTATUS TITANIO TST;Dentatus;POSTES;Titanio medios Nº 5 (9,3 mm);Caja de 15 unidades. Arenados.;51.2;51,20 €;777
7052;2813;REPOSICIÓN DENTATUS TITANIO TST;Dentatus;POSTES;Titanio medios Nº 6 (9,3 mm);Caja de 15 unidades. Arenados.;51.2;51,20 €;777
7053;2814;REPOSICIÓN DENTATUS TITANIO TST;Dentatus;POSTES;Titanio largos Nº 1 (11,8 mm);Caja de 15 unidades. Arenados.;51.2;51,20 €;777
7054;2815;REPOSICIÓN DENTATUS TITANIO TST;Dentatus;POSTES;Titanio largos Nº 2 (11,8 mm);Caja de 15 unidades. Arenados.;51.2;51,20 €;777
7055;2816;REPOSICIÓN DENTATUS TITANIO TST;Dentatus;POSTES;Titanio largos Nº 3 (11,8 mm);Caja de 15 unidades. Arenados.;51.2;51,20 €;777
7056;2817;REPOSICIÓN DENTATUS TITANIO TST;Dentatus;POSTES;Titanio largos Nº 4 (11,8 mm);Caja de 15 unidades. Arenados.;51.2;51,20 €;777
7057;2818;REPOSICIÓN DENTATUS TITANIO TST;Dentatus;POSTES;Titanio largos Nº 5 (11,8 mm);Caja de 15 unidades. Arenados.;51.2;51,20 €;777
7058;2819;REPOSICIÓN DENTATUS TITANIO TST;Dentatus;POSTES;Titanio largos Nº 6 (11,8 mm);Caja de 15 unidades. Arenados.;51.2;51,20 €;777
7059;2820;REPOSICIÓN DENTATUS TITANIO TST;Dentatus;POSTES;Titanio extra-largos Nº 4 (14,2 mm);Caja de 15 unidades. Arenados.;51.2;51,20 €;777
7060;2821;REPOSICIÓN DENTATUS TITANIO TST;Dentatus;POSTES;Titanio extra-largos Nº 6 (14,2 mm);Caja de 15 unidades. Arenados.;51.2;51,20 €;777
7061;2852;REPOSICIÓN DENTATUS TITANIO TST;Dentatus;POSTES;;Nº4 --> Ø 1,50 mm;51.2;51,20 €;777
7062;2853;REPOSICIÓN DENTATUS TITANIO TST;Dentatus;POSTES;;Nº4 --> Ø 1,50 mm;51.2;51,20 €;777
7063;2854;REPOSICIÓN DENTATUS TITANIO TST;Dentatus;POSTES;;Nº4 --> Ø 1,50 mm;1.8;1,80 €;777
7064;2855;REPOSICIÓN DENTATUS TITANIO TST;Dentatus;POSTES;;Nº4 --> Ø 1,50 mm;29.22;29,22 €;777
7065;2856;REPOSICIÓN DENTATUS TITANIO TST;Dentatus;POSTES;;Nº4 --> Ø 1,50 mm;51.2;51,20 €;777
7066;2857;REPOSICIÓN DENTATUS TITANIO TST;Dentatus;POSTES;;Nº4 --> Ø 1,50 mm;51.2;51,20 €;777
7067;2858;REPOSICIÓN DENTATUS TITANIO TST;Dentatus;POSTES;;Nº4 --> Ø 1,50 mm;51.2;51,20 €;777
7068;2859;REPOSICIÓN DENTATUS TITANIO TST;Dentatus;POSTES;;Nº4 --> Ø 1,50 mm;29.22;29,22 €;777
7069;2860;REPOSICIÓN DENTATUS TITANIO TST;Dentatus;POSTES;;Nº4 --> Ø 1,50 mm;29.22;29,22 €;777
7070;2861;REPOSICIÓN DENTATUS TITANIO TST;Dentatus;POSTES;;Nº4 --> Ø 1,50 mm;51.2;51,20 €;777
7071;2862;REPOSICIÓN DENTATUS TITANIO TST;Dentatus;POSTES;;Nº4 --> Ø 1,50 mm;51.2;51,20 €;777
7072;2863;REPOSICIÓN DENTATUS TITANIO TST;Dentatus;POSTES;;Nº4 --> Ø 1,50 mm;29.22;29,22 €;777
7073;2864;REPOSICIÓN DENTATUS TITANIO TST;Dentatus;POSTES;;Nº4 --> Ø 1,50 mm;51.2;51,20 €;777
7074;2865;REPOSICIÓN DENTATUS TITANIO TST;Dentatus;POSTES;;Nº4 --> Ø 1,50 mm;29.22;29,22 €;777
7075;2866;REPOSICIÓN DENTATUS TITANIO TST;Dentatus;POSTES;;Nº4 --> Ø 1,50 mm;29.22;29,22 €;777
7076;2867;REPOSICIÓN DENTATUS TITANIO TST;Dentatus;POSTES;;Nº4 --> Ø 1,50 mm;51.2;51,20 €;777
7077;2868;REPOSICIÓN DENTATUS TITANIO TST;Dentatus;POSTES;;Nº4 --> Ø 1,50 mm;51.2;51,20 €;777
7078;2869;REPOSICIÓN DENTATUS TITANIO TST;Dentatus;POSTES;;Nº4 --> Ø 1,50 mm;29.22;29,22 €;777
7079;2870;REPOSICIÓN DENTATUS TITANIO TST;Dentatus;POSTES;;Nº4 --> Ø 1,50 mm;51.2;51,20 €;777
7080;2871;REPOSICIÓN DENTATUS TITANIO TST;Dentatus;POSTES;;Nº4 --> Ø 1,50 mm;29.22;29,22 €;777
7081;2872;REPOSICIÓN DENTATUS TITANIO TST;Dentatus;POSTES;;Nº4 --> Ø 1,50 mm;29.22;29,22 €;777
7082;2873;REPOSICIÓN DENTATUS TITANIO TST;Dentatus;POSTES;;Nº4 --> Ø 1,50 mm;51.2;51,20 €;777
7083;96566;REPOSICIÓN DENTATUS TITANIO TST;Dentatus;POSTES;;;243.52;243,52 €;777
7084;2902;REPOSICIÓN ANCOREX TITANIO;;POSTES;Titanio cortos Nº 1 (8 mm);Caja de 10 unidades.;24.85;24,85 €;778
7085;2903;REPOSICIÓN ANCOREX TITANIO;;POSTES;Titanio cortos Nº 2 (8 mm);Caja de 10 unidades.;24.85;24,85 €;778
7086;2904;REPOSICIÓN ANCOREX TITANIO;;POSTES;Titanio cortos Nº 3 (8 mm);Caja de 10 unidades.;24.85;24,85 €;778
7087;2905;REPOSICIÓN ANCOREX TITANIO;;POSTES;Titanio cortos Nº 4 (8 mm);Caja de 10 unidades.;24.85;24,85 €;778
7088;2906;REPOSICIÓN ANCOREX TITANIO;;POSTES;Titanio cortos Nº 5 (8 mm);Caja de 10 unidades.;24.85;24,85 €;778
7089;2907;REPOSICIÓN ANCOREX TITANIO;;POSTES;Titanio cortos Nº 6 (8 mm);Caja de 10 unidades.;24.85;24,85 €;778
7090;2908;REPOSICIÓN ANCOREX TITANIO;;POSTES;Titanio medios Nº 1 (9,5 mm);Caja de 10 unidades.;24.85;24,85 €;778
7091;2909;REPOSICIÓN ANCOREX TITANIO;;POSTES;Titanio medios Nº 2 (9,5 mm);Caja de 10 unidades.;24.85;24,85 €;778
7092;2910;REPOSICIÓN ANCOREX TITANIO;;POSTES;Titanio medios Nº 3 (9,5 mm);Caja de 10 unidades.;24.85;24,85 €;778
7093;2911;REPOSICIÓN ANCOREX TITANIO;;POSTES;Titanio medios Nº 4 (9,5 mm);Caja de 10 unidades.;24.85;24,85 €;778
7094;2912;REPOSICIÓN ANCOREX TITANIO;;POSTES;Titanio medios Nº 5 (9,5 mm);Caja de 10 unidades.;24.85;24,85 €;778
7095;2913;REPOSICIÓN ANCOREX TITANIO;;POSTES;Titanio medios Nº 6 (9,5 mm);Caja de 10 unidades.;24.85;24,85 €;778
7096;2914;REPOSICIÓN ANCOREX TITANIO;;POSTES;Titanio largos Nº 1 (12 mm);Caja de 10 unidades.;24.85;24,85 €;778
7097;2915;REPOSICIÓN ANCOREX TITANIO;;POSTES;Titanio largos Nº 2 (12 mm);Caja de 10 unidades.;24.85;24,85 €;778
7098;2916;REPOSICIÓN ANCOREX TITANIO;;POSTES;Titanio largos Nº 3 (12 mm);Caja de 10 unidades.;24.85;24,85 €;778
7099;2917;REPOSICIÓN ANCOREX TITANIO;;POSTES;Titanio largos Nº 4 (12 mm);Caja de 10 unidades.;24.85;24,85 €;778
7100;2918;REPOSICIÓN ANCOREX TITANIO;;POSTES;Titanio largos Nº 5 (12 mm);Caja de 10 unidades.;24.85;24,85 €;778
7101;2919;REPOSICIÓN ANCOREX TITANIO;;POSTES;Titanio largos Nº 6 (12 mm);Caja de 10 unidades.;24.85;24,85 €;778
7102;2920;REPOSICIÓN ANCOREX TITANIO;;POSTES;Titanio extra-largos Nº 4 (14 mm);Caja de 10 unidades.;24.85;24,85 €;778
7103;2921;REPOSICIÓN ANCOREX TITANIO;;POSTES;Titanio extra-largos Nº 6 (14 mm);Caja de 10 unidades.;24.85;24,85 €;778
7104;2950;DORADOS COMPOSITE ESTUCHE;;POSTES;Estuche;Cilíndricos. Caja en 20 tamaños x 12 uds. Cabeza con más retención. Roscados y/o cementados.;112.45;112,45 €;778
7105;2953;REPOSICIÓN ANCOREX TITANIO;Dentatus;POSTES;Llave en cruz. Válida para todos los postes;Caja de 10 unidades.;8.36;8,36 €;778
7106;2954;REPOSICIÓN ANCOREX TITANIO;Dentatus;POSTES;Llave hueca. Válida para todos los postes;Caja de 10 unidades.;8.36;8,36 €;778
7107;2960;REPOSICIÓN DORADOS COMPOSITE;;POSTES;Dorados cortos Nº 1 (8 mm);Caja de 12 unidades.;24.85;24,85 €;778
7108;2961;REPOSICIÓN DORADOS COMPOSITE;;POSTES;Dorados cortos Nº 2 (8 mm);Caja de 12 unidades.;24.85;24,85 €;778
7109;2962;REPOSICIÓN DORADOS COMPOSITE;;POSTES;Dorados cortos Nº 3 (8 mm);Caja de 12 unidades.;24.85;24,85 €;778
7110;2963;REPOSICIÓN DORADOS COMPOSITE;;POSTES;Dorados cortos Nº 4 (8 mm);Caja de 12 unidades.;24.85;24,85 €;778
7111;2964;REPOSICIÓN DORADOS COMPOSITE;;POSTES;Dorados cortos Nº 5 (8 mm);Caja de 12 unidades.;24.85;24,85 €;778
7112;2965;REPOSICIÓN DORADOS COMPOSITE;;POSTES;Dorados cortos Nº 6 (8 mm);Caja de 12 unidades.;24.85;24,85 €;778
7113;2970;REPOSICIÓN DORADOS COMPOSITE;;POSTES;Dorados medios Nº 1 (9,5 mm);Caja de 12 unidades.;24.85;24,85 €;778
7114;2971;REPOSICIÓN DORADOS COMPOSITE;;POSTES;Dorados medios Nº 2 (9,5 mm);Caja de 12 unidades.;24.85;24,85 €;778
7115;2972;REPOSICIÓN DORADOS COMPOSITE;;POSTES;Dorados medios Nº 3 (9,5 mm);Caja de 12 unidades.;24.85;24,85 €;778
7116;2973;REPOSICIÓN DORADOS COMPOSITE;;POSTES;Dorados medios Nº 4 (9,5 mm);Caja de 12 unidades.;24.85;24,85 €;778
7117;2974;REPOSICIÓN DORADOS COMPOSITE;;POSTES;Dorados medios Nº 5 (9,5 mm);Caja de 12 unidades.;24.85;24,85 €;778
7118;2975;REPOSICIÓN DORADOS COMPOSITE;;POSTES;Dorados medios Nº 6 (9,5 mm);Caja de 12 unidades.;24.85;24,85 €;778
7119;2980;REPOSICIÓN DORADOS COMPOSITE;;POSTES;Dorados largos Nº 1 (12 mm);Caja de 12 unidades.;24.85;24,85 €;778
7120;2981;REPOSICIÓN DORADOS COMPOSITE;;POSTES;Dorados largos Nº 2 (12 mm);Caja de 12 unidades.;24.85;24,85 €;778
7121;2982;REPOSICIÓN DORADOS COMPOSITE;;POSTES;Dorados largos Nº 3 (12 mm);Caja de 12 unidades.;24.85;24,85 €;778
7122;2983;REPOSICIÓN DORADOS COMPOSITE;;POSTES;Dorados largos Nº 4 (12 mm);Caja de 12 unidades.;24.85;24,85 €;778
7123;2984;REPOSICIÓN DORADOS COMPOSITE;;POSTES;Dorados largos Nº 5 (12 mm);Caja de 12 unidades.;24.85;24,85 €;778
7124;2985;REPOSICIÓN DORADOS COMPOSITE;;POSTES;Dorados largos Nº 6 (12 mm);Caja de 12 unidades.;24.85;24,85 €;778
7125;2986;REPOSICIÓN DORADOS COMPOSITE;;POSTES;Dorados extra-largos Nº 4 (14 mm);Caja de 12 unidades.;24.85;24,85 €;778
7126;2987;REPOSICIÓN DORADOS COMPOSITE;;POSTES;Dorados extra-largos Nº 6 (14 mm);Caja de 12 unidades.;24.85;24,85 €;778
7127;2951;DRILLS PARA POSTES;Nordin;POSTES;Para Postes -L Long.: 33 mm.;Caja de 6 unidades. Del 1 al 6.;50.85;50,85 €;780
7128;2952;DRILLS PARA POSTES;Nordin;POSTES;Para Postes -C Long.: 28 mm.;Caja de 6 unidades. Del 1 al 6.;50.85;50,85 €;780
7129;60170;PARAPOST XP;Whaledent;POSTES;Surtido de acero inoxidable;10 uds.;92.03;92,03 €;780
7130;60171;PARAPOST XP;Whaledent;POSTES;Titanio Nº 4,5;10 uds.;92.03;92,03 €;780
7131;60172;PARAPOST XP;Whaledent;POSTES;Titanio Nº 3;10 uds.;92.03;92,03 €;780
7132;60173;PARAPOST XP;Whaledent;POSTES;Titanio Nº 4;10 uds.;92.03;92,03 €;780
7133;60174;PARAPOST XP;Whaledent;POSTES;Titanio Nº 5;10 uds.;92.03;92,03 €;780
7134;60175;PARAPOST XP;Whaledent;POSTES;Titanio Nº 6;10 uds.;92.03;92,03 €;780
7135;6020;PARAPOST XT;Whaledent;POSTES;Estuche;ños,;401.49;401,49 €;780
7136;6021;PARAPOST XT;Whaledent;POSTES;Nº 3 Marrón.;;0.9;0,90 €;780
7137;6022;PARAPOST XT;Whaledent;POSTES;Nº 4 Amarillo.;;1.0;1,00 €;780
7138;6023;PARAPOST XT;Whaledent;POSTES;Nº 4,5;;1.14;1,14 €;780
7139;6024;PARAPOST XT;Whaledent;POSTES;Nº 5 Rojo.;;1.25;1,25 €;780
7140;6025;PARAPOST XT;Whaledent;POSTES;Nº 5,5;;1.4;1,40 €;780
7141;6319;CARBOPOST ESTUCHE;Carbotech;POSTES;Estuche;20 uds. + 4 taladros.;237.29;237,29 €;781
7142;69760;CARBOPOST ESTUCHE;Carbotech;POSTES;Ø 1 mm. Blanco. ( 10 uds. );Reposición.;69.11;69,11 €;781
7143;69769;CARBOPOST ESTUCHE;Carbotech;POSTES;Taladro Nº1. Blanco.;Reposición.;31.54;31,54 €;781
7144;69770;CARBOPOST ESTUCHE;Carbotech;POSTES;Ø 1,2 mm. Amarillo. (10 uds.);Reposición.;69.11;69,11 €;781
7145;69779;CARBOPOST ESTUCHE;Carbotech;POSTES;Taladro Nº2. Amarillo.;Reposición.;31.54;31,54 €;781
7146;69780;CARBOPOST ESTUCHE;Carbotech;POSTES;Ø 1,4 mm. Rojo. ( 10 uds. );Reposición.;69.11;69,11 €;781
7147;69790;CARBOPOST ESTUCHE;Carbotech;POSTES;Ø 1,6 mm. Azul. ( 10 uds. );Reposición.;69.11;69,11 €;781
7148;2137;PINS;;POSTES;;;0.76;0,76 €;782
7149;2138;PINS;;POSTES;;;0.76;0,76 €;782
7150;2139;PINS;;POSTES;;;0.76;0,76 €;782
7151;2140;PINS;;POSTES;;;0.76;0,76 €;782
7152;2141;PINS;;POSTES;;;235.76;235,76 €;782
7153;2142;PINS;;POSTES;;;235.76;235,76 €;782
7154;2143;PINS;;POSTES;;;60.27;60,27 €;782
7155;2144;PINS;;POSTES;;;60.27;60,27 €;782
7156;59357;Produto Dentário;;POSTES;;;104.93;104,93 €;782
7157;59358;Produto Dentário;;POSTES;;;0.76;0,76 €;782
7158;6002;MINIKIN L-511;Whaledent;POSTES;;Caja de;203.08;203,08 €;782
7159;6003;MININ L-721;Whaledent;POSTES;;Caja de 24 uds. + 1 drill. Titanio.;172.96;172,96 €;782
7160;6009;BONDENT 20 SL;Whaledent;POSTES;;Caja de 20 uds.;203.08;203,08 €;782
7161;0153;PINS TITANIO;Nordin;POSTES;Ø,6 mm.;Caja de 100 uds.;157.89;157,89 €;783
7162;0154;PINS TITANIO;Nordin;POSTES;Ø,75 mm.;Caja de 100 uds.;157.89;157,89 €;783
7163;0960;PINS CALCINABLES;Directa;POSTES;;Caja con 60 unidades. + 4 drills.;15.01;15,01 €;783
7164;2229;REPOSICIÓN CALCIPOST;Roen;POSTES;Ø 0,8 mm. Nº 1;Caja de 100 unidades.;19.8;19,80 €;783
7165;2230;REPOSICIÓN CALCIPOST;Roen;POSTES;Ø 1 mm. Nº 2;Caja de 100 unidades.;19.8;19,80 €;783
7166;6004;MININ DOBLE L-732;Whaledent;POSTES;;Caja de 60 uds.;344.16;344,16 €;783
7167;6005;REGULAR L-741;Whaledent;POSTES;;Caja de 24 uds.;344.16;344,16 €;783
7168;6006;PINS TMS LINK PLUS;Whaledent;POSTES;Regular Doble L-751;Caja de 24 uds. + 2 drills. + 1 drill.;193.89;193,89 €;783
7169;99923;PINS TMS LINK PLUS;Whaledent;POSTES;Minim 2/1 Plata-Titanio;Caja de 24 uds. + 2 drills. + 1 drill.;139.54;139,54 €;783
7170;0887;MIRAFLUOR SABOR FRESA;Hager & Werken;PREVENCIÓN Y PROFILAXIS;Mirafluor k-gel 0,615% niños;250 ml. de 1 sólo minuto;55.76;55,76 €;786
7171;2119;FLÚOR EN GEL;Laboratorios Clarben;PREVENCIÓN Y PROFILAXIS;Sabor fresa;500 ml. Tixotrópico.;55.76;55,76 €;786
7172;2120;FLÚOR EN GEL;Laboratorios Clarben;PREVENCIÓN Y PROFILAXIS;Sabor menta;500 ml. Tixotrópico.;55.76;55,76 €;786
7173;2121;FLÚOR EN GEL;Laboratorios Clarben;PREVENCIÓN Y PROFILAXIS;Sabor cereza;500 ml. Tixotrópico.;55.76;55,76 €;786
7174;5530;FLÚOR EN GEL FLUGEL;Dentaflux;PREVENCIÓN Y PROFILAXIS;Sabor fresa;1litro.Tixotrópico. 1,23%F. 1 sólo minuto.;31.39;31,39 €;786
7175;5531;FLÚOR EN GEL FLUGEL;Dentaflux;PREVENCIÓN Y PROFILAXIS;Sabor menta;1litro.Tixotrópico. 1,23%F. 1 sólo minuto.;31.39;31,39 €;786
7176;5532;FLÚOR EN GEL FLUGEL;Dentaflux;PREVENCIÓN Y PROFILAXIS;Sabor naranja;1litro.Tixotrópico. 1,23%F. 1 sólo minuto.;31.39;31,39 €;786
7177;55325;FLÚOR EN GEL FLUGEL;Dentaflux;PREVENCIÓN Y PROFILAXIS;Sabor limón;1litro.Tixotrópico. 1,23%F. 1 sólo minuto.;31.39;31,39 €;786
7178;70281;LUNOS GEL DE FLUORURO;Dürr;PREVENCIÓN Y PROFILAXIS;;250 ml.;32.39;32,39 €;786
7179;75647;IPS E.MAX GEL;Ivoclar;PREVENCIÓN Y PROFILAXIS;20 g;;10.2;10,20 €;786
7180;87199;MIRAFLUOR SABOR FRESA;Hager & Werken;PREVENCIÓN Y PROFILAXIS;Mirafluor gel 1,23%;250 ml. de 1 sólo minuto;55.76;55,76 €;786
7181;93591;GBT AIRFOAM;EMS;PREVENCIÓN Y PROFILAXIS;150 ml;;31.25;31,25 €;786
7182;16071;PAROGUARD COLUTORIO;Hager & Werken;PREVENCIÓN Y PROFILAXIS;Envase 5 Litros;1 ud.;52.17;52,17 €;787
7183;16072;PAROGUARD COLUTORIO;Hager & Werken;PREVENCIÓN Y PROFILAXIS;Tapón dosificador;1 ud.;15.26;15,26 €;787
7184;4150;CUBETAS PARA FLÚOR;Dentaflux;PREVENCIÓN Y PROFILAXIS;Pequeñas;Dobles. 50 uds. Blancas.;40.86;40,86 €;787
7185;4151;CUBETAS PARA FLÚOR;Dentaflux;PREVENCIÓN Y PROFILAXIS;Medias;Dobles. 50 uds. Blancas.;52.17;52,17 €;787
7186;4152;CUBETAS PARA FLÚOR;Dentaflux;PREVENCIÓN Y PROFILAXIS;Grandes;Dobles. 50 uds. Blancas.;15.26;15,26 €;787
7187;54534;CUBETAS FLÚOR;Bestdent;PREVENCIÓN Y PROFILAXIS;X-Pequeñas verdes.;50 uds.;29.72;29,72 €;787
7188;54535;CUBETAS FLÚOR;Bestdent;PREVENCIÓN Y PROFILAXIS;Pequeñas amarillas.;50 uds.;29.72;29,72 €;787
7189;54536;CUBETAS FLÚOR;Bestdent;PREVENCIÓN Y PROFILAXIS;Medias azules.;50 uds.;29.72;29,72 €;787
7190;6897;CUBETAS PARA FLÚOR;Laboratorios Clarben;PREVENCIÓN Y PROFILAXIS;Pequeñas amarillas.;Envase de 50 unidades.;56.18;56,18 €;787
7191;6898;CUBETAS PARA FLÚOR;Laboratorios Clarben;PREVENCIÓN Y PROFILAXIS;Medianas blancas.;Envase de 50 unidades.;56.18;56,18 €;787
7192;6899;CUBETAS PARA FLÚOR;Laboratorios Clarben;PREVENCIÓN Y PROFILAXIS;Grandes azules.;Envase de 50 unidades.;56.18;56,18 €;787
7193;97983;CERVITEC GEL;Ivoclar Vivadent;PREVENCIÓN Y PROFILAXIS;;20 gr.;10.6;10,60 €;787
7194;70106;ICON;DMG;PREVENCIÓN Y PROFILAXIS;Icon Vestibular Smooth Surface Intro;;0.45;0,45 €;788
7195;74586;ICON;DMG;PREVENCIÓN Y PROFILAXIS;Icon Proximal Intro Kit 2 pacientes;10 tubos x 40 gr.;0.45;0,45 €;788
7196;83600;TOOTH MOUSSE;G.C.;PREVENCIÓN Y PROFILAXIS;Surtido;10 tubos x 40 gr.;219.2;219,20 €;788
7197;83601;TOOTH MOUSSE;G.C.;PREVENCIÓN Y PROFILAXIS;Fresa;10 tubos x 40 gr.;219.2;219,20 €;788
7198;83602;TOOTH MOUSSE;G.C.;PREVENCIÓN Y PROFILAXIS;Tutti frutti;10 tubos x 40 gr.;219.2;219,20 €;788
7199;83603;TOOTH MOUSSE;G.C.;PREVENCIÓN Y PROFILAXIS;Menta;10 tubos x 40 gr.;219.2;219,20 €;788
7200;83604;MI PASTE PLUS;G.C.;PREVENCIÓN Y PROFILAXIS;Surtido;10 tubos x 40 gr.;245.1;245,10 €;788
7201;83605;MI PASTE PLUS;G.C.;PREVENCIÓN Y PROFILAXIS;Fresa;10 tubos x 40 gr.;245.1;245,10 €;788
7202;83606;MI PASTE PLUS;G.C.;PREVENCIÓN Y PROFILAXIS;Vainilla;10 tubos x 40 gr.;245.1;245,10 €;788
7203;83607;MI PASTE PLUS;G.C.;PREVENCIÓN Y PROFILAXIS;Menta;10 tubos x 40 gr.;245.1;245,10 €;788
7204;96445;CERVITEC PLUS;Ivoclar Vivadent;PREVENCIÓN Y PROFILAXIS;20 monodosis x 0,25 gr.;;0.25;0,25 €;788
7205;99827;MI PASTE;G.C.;PREVENCIÓN Y PROFILAXIS;;Envase de tubos que no requiere del uso de tejidos dentarios. Disponible para super- sur tido de cada proximales. Elimina la innecesaria remo- macedonia, menta y prolonga la vitalidad del;128.9;128,90 €;788
7206;22481;CLINPRO CLEAR;Solventum (3M);PREVENCIÓN Y PROFILAXIS;Menta 50u.;Tubo de 0,5 ml.;143.46;143,46 €;789
7207;22482;CLINPRO CLEAR;Solventum (3M);PREVENCIÓN Y PROFILAXIS;Sandia 50u.;Tubo de 0,5 ml.;143.46;143,46 €;789
7208;22483;CLINPRO CLEAR;Solventum (3M);PREVENCIÓN Y PROFILAXIS;Neutro 50u.;Tubo de 0,5 ml.;143.46;143,46 €;789
7209;22484;CLINPRO CLEAR;Solventum (3M);PREVENCIÓN Y PROFILAXIS;Menta 100u.;Tubo de 0,5 ml.;259.38;259,38 €;789
7210;22485;CLINPRO CLEAR;Solventum (3M);PREVENCIÓN Y PROFILAXIS;Sandia 100u.;Tubo de 0,5 ml.;259.38;259,38 €;789
7211;22486;CLINPRO CLEAR;Solventum (3M);PREVENCIÓN Y PROFILAXIS;Neutro 100u.;Tubo de 0,5 ml.;259.38;259,38 €;789
7212;99912;REMIN PRO;Voco;PREVENCIÓN Y PROFILAXIS;Remin Pro Surtido. 3 tubos x 40 gr.;;59.8;59,80 €;789
7213;99922;REMIN PRO;Voco;PREVENCIÓN Y PROFILAXIS;Remin Pro Surtido. 12 tubos x 40 gr.;;209.4;209,40 €;789
7214;25111;CLINPRO™ TOOTH CRÈME;Solventum (3M);PREVENCIÓN Y PROFILAXIS;Pasta de dientes;Tubo de 90 ml.;7.22;7,22 €;790
7215;32492;FLUOR PROTECTOR S;Ivoclar Vivadent;PREVENCIÓN Y PROFILAXIS;Botella 7 gr.;;35.62;35,62 €;790
7216;32493;FLUOR PROTECTOR S;Ivoclar Vivadent;PREVENCIÓN Y PROFILAXIS;20 Monodosis;;75.15;75,15 €;790
7217;32494;FLUOR PROTECTOR S;Ivoclar Vivadent;PREVENCIÓN Y PROFILAXIS;3x7 gr.;;154.5;154,50 €;790
7218;56003;CHICLES XYLITOL;Hager &;PREVENCIÓN Y PROFILAXIS;Menta fuerte.;;19.73;19,73 €;790
7219;56004;CHICLES XYLITOL;Hager &;PREVENCIÓN Y PROFILAXIS;Sandía.;;19.73;19,73 €;790
7220;87190;CHICLES XYLITOL;Hager &;PREVENCIÓN Y PROFILAXIS;Surtido.;;35.62;35,62 €;790
7221;87191;CHICLES XYLITOL;Hager &;PREVENCIÓN Y PROFILAXIS;Drops surtido;;20.35;20,35 €;790
7222;87193;CHICLES XYLITOL;Hager &;PREVENCIÓN Y PROFILAXIS;Chicles;;3.81;3,81 €;790
7223;87194;CHICLES XYLITOL;Hager &;PREVENCIÓN Y PROFILAXIS;Chicles;;3.81;3,81 €;790
7224;87195;CHICLES XYLITOL;Hager &;PREVENCIÓN Y PROFILAXIS;Chicles;;3.81;3,81 €;790
7225;87209;MIRADENT XYLIPOP;Hager;PREVENCIÓN Y PROFILAXIS;;;24.17;24,17 €;790
7226;2420;GLUMA DESENSITIZER;Kulzer;PREVENCIÓN Y PROFILAXIS;5 ml.;Inmediato alivio de la dentina expuesta;119.0;119,00 €;791
7227;48852;PROFLUORID VARNISH;Bausch;PREVENCIÓN Y PROFILAXIS;Caramelo;200 monodosis;360.9;360,90 €;791
7228;48860;PROFLUORID VARNISH;Bausch;PREVENCIÓN Y PROFILAXIS;Caramelo;Tubo 10 ml.;34.0;34,00 €;791
7229;48861;PROFLUORID VARNISH;Bausch;PREVENCIÓN Y PROFILAXIS;Cereza;Tubo 10 ml.;34.0;34,00 €;791
7230;6940;DESENSITIZER HEALDENT;Elsodent;PREVENCIÓN Y PROFILAXIS;10 ml.;Con antiséptico, cloruro Liner antimicrobiano postoperatoria. Puede de cualquier obturación.;91.38;91,38 €;791
7231;75418;PROFLUORID VARNISH;Bausch;PREVENCIÓN Y PROFILAXIS;Menta;Tubo 10 ml.;34.0;34,00 €;791
7232;83038;SHIELD FORCE PLUS;Tokuyama;PREVENCIÓN Y PROFILAXIS;3ml. + 25 Aplicadores + 1 recipiente;;88.04;88,04 €;791
7233;85503;GLUMA DESENSITIZER;Kulzer;PREVENCIÓN Y PROFILAXIS;;7 ml.;74.31;74,31 €;791
7234;91581;PROFLUORID VARNISH;Bausch;PREVENCIÓN Y PROFILAXIS;Melón;200 monodosis;74.31;74,31 €;791
7235;91582;PROFLUORID VARNISH;Bausch;PREVENCIÓN Y PROFILAXIS;Cereza;200 monodosis;360.9;360,90 €;791
7236;91583;PROFLUORID VARNISH;Bausch;PREVENCIÓN Y PROFILAXIS;Chicle;200 monodosis;360.9;360,90 €;791
7237;91584;PROFLUORID VARNISH;Bausch;PREVENCIÓN Y PROFILAXIS;Chicle;50 monodosis;120.3;120,30 €;791
7238;91585;PROFLUORID VARNISH;Bausch;PREVENCIÓN Y PROFILAXIS;Melón;Tubo 50 ml.;118.4;118,40 €;791
7239;91586;PROFLUORID VARNISH;Bausch;PREVENCIÓN Y PROFILAXIS;Cola lima;Tubo 10 ml.;34.0;34,00 €;791
7240;96811;PROFLUORID VARNISH;Bausch;PREVENCIÓN Y PROFILAXIS;Melón;Tubo 10 ml.;34.0;34,00 €;791
7241;96838;PROFLUORID VARNISH;Bausch;PREVENCIÓN Y PROFILAXIS;Melón;50 monodosis;120.3;120,30 €;791
7242;96852;PROFLUORID VARNISH;Bausch;PREVENCIÓN Y PROFILAXIS;Caramelo;50 monodosis;120.3;120,30 €;791
7243;100586;PROFLUORID VARNISH;Voco;PREVENCIÓN Y PROFILAXIS;Caramelo;Tubo 10 ml.;39.2;39,20 €;792
7244;100587;PROFLUORID VARNISH;Voco;PREVENCIÓN Y PROFILAXIS;Cereza;Tubo 10 ml.;39.2;39,20 €;792
7245;100588;PROFLUORID VARNISH;Voco;PREVENCIÓN Y PROFILAXIS;Menta;Tubo 10 ml.;39.2;39,20 €;792
7246;100589;PROFLUORID VARNISH;Voco;PREVENCIÓN Y PROFILAXIS;Chicle;Tubo 10 ml.;39.2;39,20 €;792
7247;100590;PROFLUORID VARNISH;Voco;PREVENCIÓN Y PROFILAXIS;Caramelo;50 monodosis;138.4;138,40 €;792
7248;100591;PROFLUORID VARNISH;Voco;PREVENCIÓN Y PROFILAXIS;Cereza;50 monodosis;138.4;138,40 €;792
7249;100592;PROFLUORID VARNISH;Voco;PREVENCIÓN Y PROFILAXIS;Menta;50 monodosis;138.4;138,40 €;792
7250;100593;PROFLUORID VARNISH;Voco;PREVENCIÓN Y PROFILAXIS;Chicle;50 monodosis;138.4;138,40 €;792
7251;100594;PROFLUORID VARNISH;Voco;PREVENCIÓN Y PROFILAXIS;Surtido 48u.;50 monodosis;138.4;138,40 €;792
7252;100595;PROFLUORID VARNISH;Voco;PREVENCIÓN Y PROFILAXIS;Caramelo;200 monodosis;138.4;138,40 €;792
7253;100596;PROFLUORID VARNISH;Voco;PREVENCIÓN Y PROFILAXIS;Cereza;200 monodosis;138.4;138,40 €;792
7254;100597;PROFLUORID VARNISH;Voco;PREVENCIÓN Y PROFILAXIS;Menta;200 monodosis;138.4;138,40 €;792
7255;100598;PROFLUORID VARNISH;Voco;PREVENCIÓN Y PROFILAXIS;Chicle;200 monodosis;138.4;138,40 €;792
7256;383602;DURAPHAT 5000 CREMA DENTAL;Colgate;PREVENCIÓN Y PROFILAXIS;;Pasta desensibilizante. Tubo de 51 gr. dental • Superficies después de;26.45;26,45 €;792
7257;48558;PROFLUORID VARNISH;Voco;PREVENCIÓN Y PROFILAXIS;Ampolla cilíndrica 5 x 1,7 ml melón.;50 monodosis;32.6;32,60 €;792
7258;59339;PROFLUORID VARNISH;Voco;PREVENCIÓN Y PROFILAXIS;Monodosis. 50 unidades;200 monodosis;95.2;95,20 €;792
7259;59356;PROFLUORID VARNISH;Voco;PREVENCIÓN Y PROFILAXIS;Monodosis. 200 unidades;200 monodosis;288.0;288,00 €;792
7260;96801;PROFLUORID VARNISH;Voco;PREVENCIÓN Y PROFILAXIS;Bifluorid 10. Frasco 10 gr.;200 monodosis;146.6;146,60 €;792
7261;10005;ENAMELAST;Ultradent;PREVENCIÓN Y PROFILAXIS;20 Jeringas 2 x 1,2 ml;;88.1;88,10 €;793
7262;2265;AGUJAS MIRAJECT;Hager & Werken;PREVENCIÓN Y PROFILAXIS;P 0,8 mm x 25 mm.;100 agujas para 5% que contiene una base de resina. Punta roma. se adhiere;19.04;19,04 €;793
7263;383603;DURAPHAT BARNIZ TUBO;Colgate;PREVENCIÓN Y PROFILAXIS;Tubo 10ml;;68.88;68,88 €;793
7264;43433;AGUJAS MIRAJECT;Hager & Werken;PREVENCIÓN Y PROFILAXIS;Super 0,9 mm x 32 mm.;100 agujas para 5% que contiene una base de resina. Punta roma. se adhiere;19.04;19,04 €;793
7265;56648;ENAMELAST;Ultradent;PREVENCIÓN Y PROFILAXIS;Jeringa. 2 x 1,2 ml;;10.4;10,40 €;793
7266;56687;ENAMELAST MONODOSIS;Ultradent;PREVENCIÓN Y PROFILAXIS;Naranja;50 monodosis;96.7;96,70 €;793
7267;56688;ENAMELAST MONODOSIS;Ultradent;PREVENCIÓN Y PROFILAXIS;Menta;50 monodosis;96.7;96,70 €;793
7268;56689;ENAMELAST MONODOSIS;Ultradent;PREVENCIÓN Y PROFILAXIS;Chicle;50 monodosis;96.7;96,70 €;793
7269;56690;ENAMELAST MONODOSIS;Ultradent;PREVENCIÓN Y PROFILAXIS;Frutos rojos;50 monodosis;96.7;96,70 €;793
7270;56691;ENAMELAST MONODOSIS;Ultradent;PREVENCIÓN Y PROFILAXIS;Frutos rojos;200 monodosis;339.8;339,80 €;793
7271;56692;ENAMELAST MONODOSIS;Ultradent;PREVENCIÓN Y PROFILAXIS;Caramelo;50 monodosis;96.7;96,70 €;793
7272;56693;ENAMELAST MONODOSIS;Ultradent;PREVENCIÓN Y PROFILAXIS;Neutro;50 monodosis;96.7;96,70 €;793
7273;46028;MI VARNISH;GC;PREVENCIÓN Y PROFILAXIS;Fresh Strawberry.;0,4 ml. 35 unidosis.;118.05;118,05 €;794
7274;46029;MI VARNISH;GC;PREVENCIÓN Y PROFILAXIS;Fresh Mint.;0,4 ml. 35 unidosis.;118.05;118,05 €;794
7275;56880;RIVA STAR KIT;SDI;PREVENCIÓN Y PROFILAXIS;Kit cápsulas;10 cápsulas de Riva las Riva Green (paso 2) + 2 u. x barrera;106.09;106,09 €;794
7276;63566;RIVA STAR AQUA KIT;SDI;PREVENCIÓN Y PROFILAXIS;Kit cápsulas;10 cápsulas Riva Silver (paso 1) + 10 cápsu- azul) + 10 cápsulas Riva Star Paso 2 (verde) gingival + accesorios;120.12;120,12 €;794
7277;63567;RIVA STAR AQUA KIT;SDI;PREVENCIÓN Y PROFILAXIS;Kit botellas;1u. Riva Star Aqua de 1,5 ml (paso 1) + 1 bote azul) + 1u. Riva Star paso 2 x 3 ml (etiqueta;143.9;143,90 €;794
7278;63568;RIVA STAR KIT;SDI;PREVENCIÓN Y PROFILAXIS;;1 bote de Riva Star de Riva Star de 3 ml (paso 2);128.04;128,04 €;794
7279;90303;PERFECT PROTECT;Voco;PREVENCIÓN Y PROFILAXIS;;2 jeringas de 2 ml;32.2;32,20 €;794
7280;98627;PERFECT PROTECT;Voco;PREVENCIÓN Y PROFILAXIS;Desensibilizante (4 x 1,2 ml.);UltraEz;36.3;36,30 €;794
7281;0866;MIRA-2-TON;Hager & W erken;PREVENCIÓN Y PROFILAXIS;Caja 50 uds. en blister.;;16.66;16,66 €;795
7282;0867;MIRA-2-TON;Hager & W erken;PREVENCIÓN Y PROFILAXIS;Líquido 60ml.;;17.55;17,55 €;795
7283;2288;ESPONJAS DETECTORAS DE PLACA RONDELLS;Directa;PREVENCIÓN Y PROFILAXIS;Azul;Detectan con coloración diferente la placa nueva y la antigua. Bote de 100 uds.;26.52;26,52 €;795
7284;23815;PLAQUE TEST;Ivoclar Vivadent;PREVENCIÓN Y PROFILAXIS;Bote 10 ml.;1 clicker x 10 gr.;25.35;25,35 €;795
7285;25112;CLINPRO XT VARNISH;Solventum (3M);PREVENCIÓN Y PROFILAXIS;;1 clicker x 10 gr.;182.66;182,66 €;795
7286;42868;TRI PLAQUE ID GEL;GC;PREVENCIÓN Y PROFILAXIS;Sabor Frambuesa;Tubo 40 gr.;63.55;63,55 €;795
7287;93481;SALIVA-CHECK BUFFER;G.C.;PREVENCIÓN Y PROFILAXIS;Saliva-Check Buffer (20 test);20 tiras de prueba de pH in vitro pH (5.0 - 8.0) + 20 copas contenedoras de saliva + 20 piezas de goma de cera (para estimulación de saliva) + 20 pipetas dispensadoras de saliva + 20 tiras reactivas tampón.;141.05;141,05 €;795
7288;98842;ESPONJAS DETECTORAS DE PLACA RONDELLS;Directa;PREVENCIÓN Y PROFILAXIS;Rojo;Detectan con coloración diferente la placa nueva y la antigua. Bote de 100 uds.;26.52;26,52 €;795
7289;2133;CARIES DETECTOR;Kuraray;PREVENCIÓN Y PROFILAXIS;;Glisol de Propileno. Nuevo bote de infecciones cruzadas. Colorea en segundos;62.09;62,09 €;796
7290;23850;HELIOSEAL F PLUS;Ivoclar Vivadent;PREVENCIÓN Y PROFILAXIS;1 jeringa x 1,25 gr.;1 jeringa de 3 ml;1.25;1,25 €;796
7291;23851;HELIOSEAL F PLUS;Ivoclar Vivadent;PREVENCIÓN Y PROFILAXIS;5 jeringas x 1,25 gr.;3 ml;1.25;1,25 €;796
7292;23852;HELIOSEAL F PLUS;Ivoclar Vivadent;PREVENCIÓN Y PROFILAXIS;50 cavifil x 0,1 gr.;3 ml;106.0;106,00 €;796
7293;32682;GEL PAPACÁRIE DUO;Papacarie;PREVENCIÓN Y PROFILAXIS;;1 jeringa de 3 ml;165.0;165,00 €;796
7294;43426;REVELADOR DE BIOFILM;EMS;PREVENCIÓN Y PROFILAXIS;;250 pellets de Propileo) que tiñe únicamente el;66.25;66,25 €;796
7295;69088;BRIX3000;Brix;PREVENCIÓN Y PROFILAXIS;;3 ml;136.5;136,50 €;796
7296;98629;SABLE SEEK INDICADOR;Ultradent;PREVENCIÓN Y PROFILAXIS;4 jeringas de 1, 2 ml. + 20 puntas;Indicador Caries Verde;78.4;78,40 €;796
7297;48480;FISSURIT F;Voco;PREVENCIÓN Y PROFILAXIS;Fisurit FX. 2 x 2,5 gr.;4 jeringas de 1,2 ml. + 8 puntas.;62.7;62,70 €;797
7298;48494;FISSURIT F;Voco;PREVENCIÓN Y PROFILAXIS;Fisurit F. 2 x 2 gr.;4 jeringas de 1,2 ml. + 8 puntas.;53.0;53,00 €;797
7299;48523;IONOSEAL;Voco;PREVENCIÓN Y PROFILAXIS;Ionoseal New (3 Jeringas + puntas);3 jeringas de 2,5 gr. + 20 puntas.;174.6;174,60 €;797
7300;63546;SELLADOR DE FISURAS;Bestdent;PREVENCIÓN Y PROFILAXIS;;1,2 ml x 2 jeringas;32.98;32,98 €;797
7301;7633;SELLADOR DE FISURAS;Pulpdent;PREVENCIÓN Y PROFILAXIS;;4 jeringas de 1,2 ml. + 8 puntas.;65.0;65,00 €;797
7302;96830;GRANDIO SEAL SET;Voco;PREVENCIÓN Y PROFILAXIS;;5 x 2 gr. + 5 ml. + cánulas de aplicación.;170.4;170,40 €;797
7303;97113;GRANDIO SEAL SET;Voco;PREVENCIÓN Y PROFILAXIS;2 x 2 gr.;5 x 2 gr. + 5 ml. + cánulas de aplicación.;69.8;69,80 €;797
7304;99857;FISSURIT F;Voco;PREVENCIÓN Y PROFILAXIS;Fisurit F. 5 x 2 gr.;4 jeringas de 1,2 ml. + 8 puntas.;164.0;164,00 €;797
7305;2510;CLINPRO KIT;Solventum (3M);PREVENCIÓN Y PROFILAXIS;;Cambia de color rosa a blanco al fotopolimerizar. 2 jeringas x 1,2 ml. Ultradent lanza al mercado un físicas y una aplicación más sencilla. Sus + 3 ml. Ácido + 20 puntas/sellador + 20 puntas/ácido;63.45;63,45 €;798
7306;2511;CLINPRO REPOSICIÓN;Solventum (3M);PREVENCIÓN Y PROFILAXIS;;Jeringa de 1,2 ml.;22.4;22,40 €;798
7307;36980;ULTRASEAL XT HYDRO;Ultradent;PREVENCIÓN Y PROFILAXIS;Ultraseal XT Hydro Opaque White;;202.6;202,60 €;798
7308;36982;ULTRASEAL XT HYDRO;Ultradent;PREVENCIÓN Y PROFILAXIS;Ultraseal XT Hydro Opaque White.;;142.3;142,30 €;798
7309;78854;QUICK SEAL SELF ETCH;B .J.M. Laboratories;PREVENCIÓN Y PROFILAXIS;;2 jeringas x 1,2 ml. + 4 puntas;37.46;37,46 €;798
7310;22027;ZIRCATE;Dentsply;PREVENCIÓN Y PROFILAXIS;Naranja. Sin flúor. Grano medio;Tubo 170 g;95.12;95,12 €;799
7311;22028;NUPRO SENSODYNE;Dentsply;PREVENCIÓN Y PROFILAXIS;Menta. Con flúor. Grano medio;Tarro de 340 gramos;95.12;95,12 €;799
7312;22029;NUPRO SENSODYNE;Dentsply;PREVENCIÓN Y PROFILAXIS;Naranja. Con flúor. Grano medio;Tarro de 340 gramos;95.12;95,12 €;799
7313;22030;NUPRO SENSODYNE;Dentsply;PREVENCIÓN Y PROFILAXIS;Naranja. Con flúor. Grano fino;200 copas monodosis;95.12;95,12 €;799
7314;22031;NUPRO SENSODYNE;Dentsply;PREVENCIÓN Y PROFILAXIS;Menta. Con flúor. Grano fino;200 copas monodosis;95.12;95,12 €;799
7315;22032;ZIRCATE;Dentsply;PREVENCIÓN Y PROFILAXIS;Naranja. Sin flúor. Grano fino;Tubo 170 g;95.12;95,12 €;799
7316;22033;NUPRO SENSODYNE;Dentsply;PREVENCIÓN Y PROFILAXIS;Naranja. Sin flúor. Grano grueso;Tarro de 340 gramos;70.91;70,91 €;799
7317;22034;ZIRCATE;Dentsply;PREVENCIÓN Y PROFILAXIS;Menta. Con flúor. Grano Grueso;Tubo 170 g;95.12;95,12 €;799
7318;22035;NUPRO SENSODYNE;Dentsply;PREVENCIÓN Y PROFILAXIS;Naranja. Con flúor. Grano Grueso;Tarro de 340 gramos;95.12;95,12 €;799
7319;22036;ZIRCATE;Dentsply;PREVENCIÓN Y PROFILAXIS;Naranja. Sin flúor. Grano Grueso;Tubo 170 g;95.12;95,12 €;799
7320;22037;NUPRO SENSODYNE;Dentsply;PREVENCIÓN Y PROFILAXIS;Menta. Con flúor. Grano grueso;Tarro de 340 gramos;70.91;70,91 €;799
7321;22038;NUPRO SENSODYNE;Dentsply;PREVENCIÓN Y PROFILAXIS;Menta. Con flúor. Grano fino/medio;Tarro de 340 gramos;79.8;79,80 €;799
7322;22040;NUPRO SENSODYNE;Dentsply;PREVENCIÓN Y PROFILAXIS;Naranja. Sin flúor. Grano medio/grueso;Tarro de 340 gramos;79.8;79,80 €;799
7323;22041;NUPRO SENSODYNE;Dentsply;PREVENCIÓN Y PROFILAXIS;Naranja. Sin flúor. Grano fino/medio/grueso;Tarro de 340 gramos;79.8;79,80 €;799
7324;22042;NUPRO SENSODYNE;Dentsply;PREVENCIÓN Y PROFILAXIS;Menta. Sin flúor. Grano medio/grueso;Tarro de 340 gramos;79.8;79,80 €;799
7325;22043;NUPRO SENSODYNE;Dentsply;PREVENCIÓN Y PROFILAXIS;Menta. Sin flúor. Grano fino/medio;Tarro de 340 gramos;79.8;79,80 €;799
7326;23518;NUPRO SENSODYNE;Dentsply;PREVENCIÓN Y PROFILAXIS;Naranja. Con flúor. Grano medio/grueso;Tarro de 340 gramos;95.12;95,12 €;799
7327;23519;NUPRO SENSODYNE;Dentsply;PREVENCIÓN Y PROFILAXIS;Menta. Con flúor. Grano medio/grueso;Tarro de 340 gramos;95.12;95,12 €;799
7328;23520;NUPRO SENSODYNE;Dentsply;PREVENCIÓN Y PROFILAXIS;Naranja. Con flúor. Grano medio/grueso;Tarro de 340 gramos;79.8;79,80 €;799
7329;23521;NUPRO SENSODYNE;Dentsply;PREVENCIÓN Y PROFILAXIS;Menta. Con flúor. Grano medio/grueso;Tarro de 340 gramos;79.8;79,80 €;799
7330;3014;ZIRCATE;Dentsply;PREVENCIÓN Y PROFILAXIS;Menta;Tubo 170 g;55.53;55,53 €;799
7331;01582;PASTA PROFILAXIS;Bestdent;PREVENCIÓN Y PROFILAXIS;40 gr.;Pasta de profilaxis de grano medio. Contiene mentol para aportarle una agradable sensación de frescor a sus pacientes. Aroma fresa. Sin flúor.;9.95;9,95 €;800
7332;01600;PASTA PROFILAXIS;Bestdent;PREVENCIÓN Y PROFILAXIS;180 gr.;Pasta de profilaxis de grano medio. Contiene mentol para aportarle una agradable sensación de frescor a sus pacientes. Aroma fresa. Sin flúor.;30.67;30,67 €;800
7333;0459;PASTA PROFILAXIS CLEANIC;Kerr;PREVENCIÓN Y PROFILAXIS;Menta;Tubo 100 gr.;31.75;31,75 €;800
7334;1671;PASTA PROFILAXIS CLEANIC;Kerr;PREVENCIÓN Y PROFILAXIS;;Tubo 100 gr.;37.16;37,16 €;800
7335;1907;DETARTRINE;Septodont;PREVENCIÓN Y PROFILAXIS;Tarro 45 gr.;Mentolado. Sin;29.5;29,50 €;800
7336;19701;DETARTRINE;Septodont;PREVENCIÓN Y PROFILAXIS;;Tarro de 45 gr.;30.67;30,67 €;800
7337;45069;PROPHY BOX S53;Kerr;PREVENCIÓN Y PROFILAXIS;Kit;Pack de introducción de profilaxis.;37.16;37,16 €;800
7338;49530;PASTA PROFILAXIS CLEANIC;Kerr;PREVENCIÓN Y PROFILAXIS;;Tubo 100 gr.;31.75;31,75 €;800
7339;59372;PASTA PROFILAXIS CLEANIC;Kerr;PREVENCIÓN Y PROFILAXIS;;Tubo 100 gr.;25.74;25,74 €;800
7340;86923;PASTA PROFILAXIS CLEANIC;Kerr;PREVENCIÓN Y PROFILAXIS;Frutas del bosque;Tubo 100 gr.;31.75;31,75 €;800
7341;96450;PASTA PROFILAXIS CLEANIC;Kerr;PREVENCIÓN Y PROFILAXIS;;Tubo 100 gr.;31.75;31,75 €;800
7342;98936;PASTA PROFILAXIS CLEANIC;Kerr;PREVENCIÓN Y PROFILAXIS;Manzana;Tubo 100 gr.;31.75;31,75 €;800
7343;99983;PASTA PROFILAXIS CLEANIC;Kerr;PREVENCIÓN Y PROFILAXIS;;Tubo 100 gr.;31.75;31,75 €;800
7344;10194;PROPHYCARE HAP;Directa;PREVENCIÓN Y PROFILAXIS;;60 ml.;33.21;33,21 €;801
7345;23904;PROXYT;Ivoclar Vivadent;PREVENCIÓN Y PROFILAXIS;Grano fino;80 gr.;24.15;24,15 €;801
7346;23905;PROXYT;Ivoclar Vivadent;PREVENCIÓN Y PROFILAXIS;Grano medio;80 gr.;24.15;24,15 €;801
7347;23906;PROXYT;Ivoclar Vivadent;PREVENCIÓN Y PROFILAXIS;Grano grueso;80 gr.;24.15;24,15 €;801
7348;25709;PROPHY PASTE SIN PARABENOS;Directa;PREVENCIÓN Y PROFILAXIS;Azul 250 micras;60 ml.;29.07;29,07 €;801
7349;25710;PROPHY PASTE SIN PARABENOS;Directa;PREVENCIÓN Y PROFILAXIS;Rojo 120 micras;60 ml.;29.07;29,07 €;801
7350;35510;CLEAN POLISH SUPERPOLISH;Kerr;PREVENCIÓN Y PROFILAXIS;Super Polish;Tubo de 50 gr. de superficies dentales y obturaciones;18.71;18,71 €;801
7351;48481;CLEAN JOY;Bausch;PREVENCIÓN Y PROFILAXIS;Menta. Grano grueso;Tubo de 100 gramos;27.4;27,40 €;801
7352;48482;CLEAN JOY;Bausch;PREVENCIÓN Y PROFILAXIS;Menta. Grano medio;Tubo de 100 gramos;27.4;27,40 €;801
7353;48483;CLEAN JOY;Bausch;PREVENCIÓN Y PROFILAXIS;Menta. Grano fino;Tubo de 100 gramos;27.4;27,40 €;801
7354;48485;CLEAN JOY;Bausch;PREVENCIÓN Y PROFILAXIS;Caramelo. Grano grueso;Tubo de 100 gramos;27.4;27,40 €;801
7355;48486;CLEAN JOY;Bausch;PREVENCIÓN Y PROFILAXIS;Cereza. Grano grueso;Tubo de 100 gramos;27.4;27,40 €;801
7356;63400;PROPHY PASTA;Directa;PREVENCIÓN Y PROFILAXIS;Azul. Granulometría 250 micrones.;Con flúor, 60 ml.;29.07;29,07 €;801
7357;63410;PROPHY PASTA;Directa;PREVENCIÓN Y PROFILAXIS;Roja. Granulometría 120 micrones.;Con flúor, 60 ml.;29.07;29,07 €;801
7358;65410;PROPHY PASTE SIN PARABENOS;Directa;PREVENCIÓN Y PROFILAXIS;Amarilla 40 micras;60 ml.;29.07;29,07 €;801
7359;65411;PROPHY PASTE SIN PARABENOS;Directa;PREVENCIÓN Y PROFILAXIS;Verde 170 micras;60 ml.;29.07;29,07 €;801
7360;85265;PROPHY PASTA;Directa;PREVENCIÓN Y PROFILAXIS;Lila. Granulometría 120 micrones.;Con flúor, 60 ml.;34.58;34,58 €;801
7361;96430;PROPHY PASTA;Directa;PREVENCIÓN Y PROFILAXIS;Amarilla. Granulometría 40 micrones.;Con flúor, 60 ml.;29.07;29,07 €;801
7362;96771;CLEAN POLISH SUPERPOLISH;Kerr;PREVENCIÓN Y PROFILAXIS;Clean Polish.;Tubo de 50 gr. de superficies dentales y obturaciones;18.71;18,71 €;801
7363;96914;PROPHY PASTA;Directa;PREVENCIÓN Y PROFILAXIS;Verde. Granulometría 170 micrones.;Con flúor, 60 ml.;29.07;29,07 €;801
7364;2125;PROFEX - COPAS INDIVIDUALES;Laboratorios Clarben;PREVENCIÓN Y PROFILAXIS;Abrasividad alta.;100 uds. de 2 gr. + las ofertas mensuales;56.6;56,60 €;802
7365;434030;POLVO AIR-FLOW PLUS;EMS;PREVENCIÓN Y PROFILAXIS;400 g;;130.0;130,00 €;802
7366;434041;BICARBONATO AIR-FLOW;EMS;PREVENCIÓN Y PROFILAXIS;Neutro;4 botes de 300 gramos.;142.5;142,50 €;802
7367;454035;POLVO AIR-FLOW PLUS;EMS;PREVENCIÓN Y PROFILAXIS;4 x 400 g;;503.75;503,75 €;802
7368;45633;BICARBONATO AIR-FLOW;EMS;PREVENCIÓN Y PROFILAXIS;Menta;4 botes de 300 gramos.;142.5;142,50 €;802
7369;63414;PROPHY PASTA EN COPAS;Directa;PREVENCIÓN Y PROFILAXIS;Prophy pasta roja. Grano fino.;144 uds. de 2 mg.;135.19;135,19 €;802
7370;63415;PROPHY PASTA EN COPAS;Directa;PREVENCIÓN Y PROFILAXIS;Prophy pasta verde. Grano medio;144 uds. de 2 mg.;135.19;135,19 €;802
7371;7634;PROFEX - COPAS INDIVIDUALES;Laboratorios Clarben;PREVENCIÓN Y PROFILAXIS;Abrasividad media.;100 uds. de 2 gr. + las ofertas mensuales;56.6;56,60 €;802
7372;88522;BICARBONATO AIR-FLOW;EMS;PREVENCIÓN Y PROFILAXIS;Cereza;4 botes de 300 gramos.;142.5;142,50 €;802
7373;90758;POLVO DE PROFILAXIS;D-Devices;PREVENCIÓN Y PROFILAXIS;Supra Fast (300g);1 bote;31.35;31,35 €;802
7374;90759;POLVO DE PROFILAXIS;D-Devices;PREVENCIÓN Y PROFILAXIS;Sub Gentle (120g);1 bote;26.25;26,25 €;802
7375;93535;BICARBONATO AIR-FLOW;EMS;PREVENCIÓN Y PROFILAXIS;Tutti frutti;4 botes de 300 gramos.;142.5;142,50 €;802
7376;93539;BICARBONATO AIR-FLOW;EMS;PREVENCIÓN Y PROFILAXIS;Bicarbonato perio. 4 x 120 gr.;4 botes de 300 gramos. de manchas producidas por en pacientes con sensibilidad dental,;135.0;135,00 €;802
7377;98894;BICARBONATO AIR-FLOW;EMS;PREVENCIÓN Y PROFILAXIS;Limón;4 botes de 300 gramos.;142.5;142,50 €;802
7378;04042;PROPHYPEARLS;Kavo;PREVENCIÓN Y PROFILAXIS;Sabor neutro;En vase de 80 tubos;186.33;186,33 €;803
7379;04043;PROPHYPEARLS;Kavo;PREVENCIÓN Y PROFILAXIS;Sabor neutro. 4 frascos de 250;En vase de 80 tubos;149.5;149,50 €;803
7380;04044;PROPHYPEARLS;Kavo;PREVENCIÓN Y PROFILAXIS;Sabor menta;En vase de 80 tubos;205.83;205,83 €;803
7381;04045;PROPHYPEARLS;Kavo;PREVENCIÓN Y PROFILAXIS;Sabor melocotón;En vase de 80 tubos;205.83;205,83 €;803
7382;04046;PROPHYPEARLS;Kavo;PREVENCIÓN Y PROFILAXIS;Sabor naranja;En vase de 80 tubos;205.83;205,83 €;803
7383;04047;PROPHYPEARLS;Kavo;PREVENCIÓN Y PROFILAXIS;Sabor grosella negra;En vase de 80 tubos;205.83;205,83 €;803
7384;19680;AIR-N-GO;Acteon;PREVENCIÓN Y PROFILAXIS;Multisabor. 4 botes de 250 gr.;;128.13;128,13 €;803
7385;19681;AIR-N-GO;Acteon;PREVENCIÓN Y PROFILAXIS;Menta. 4 botes de 250 gr.;;128.13;128,13 €;803
7386;19682;AIR-N-GO;Acteon;PREVENCIÓN Y PROFILAXIS;Limón. 4 botes de 250 gr.;;128.13;128,13 €;803
7387;19695;AIR-N-GO;Acteon;PREVENCIÓN Y PROFILAXIS;Neutro. 4 botes de 250 gr.;;128.13;128,13 €;803
7388;3009;JET FRESH POLVO PULIDO;Dentsply;PREVENCIÓN Y PROFILAXIS;;Envase de 369;57.61;57,61 €;803
7389;59591;POLVO PROPHYFLEX;Kavo;PREVENCIÓN Y PROFILAXIS;Sabor naranja.;80 sobres;163.58;163,58 €;803
7390;73853;POLVO DE PROFILAXIS SOFT L LEMON;Mectron;PREVENCIÓN Y PROFILAXIS;;4 botes de 250 g;142.0;142,00 €;803
7391;25119;CLINPRO PROPHY POLVO;Solv entum (3M);PREVENCIÓN Y PROFILAXIS;;2 x 160 gr.;75.49;75,49 €;804
7392;70294;LUNOS POLVO DE PROFILAXIS;Dürr;PREVENCIÓN Y PROFILAXIS;Sabor neutro;Caja de 4 uds. calcio.;133.9;133,90 €;804
7393;70295;LUNOS POLVO DE PROFILAXIS;Dürr;PREVENCIÓN Y PROFILAXIS;Sabor naranja;Caja de 4 uds. calcio.;244.11;244,11 €;804
7394;70296;LUNOS POLVO DE PROFILAXIS;Dürr;PREVENCIÓN Y PROFILAXIS;Sabor menta;Caja de 4 uds. calcio.;150.58;150,58 €;804
7395;73847;LUNOS POLVO DE PROFILAXIS PERIO;Dürr;PREVENCIÓN Y PROFILAXIS;Sabor neutro;;150.58;150,58 €;804
7396;73848;LUNOS POLVO DE PROFILAXIS;Dürr;PREVENCIÓN Y PROFILAXIS;Sabor frutas del bosque;Caja de 4 uds. calcio.;150.58;150,58 €;804
7397;75658;VD AEROSOL REDUCTION;Ivoclar;PREVENCIÓN Y PROFILAXIS;;1 botella de mezcla;49.0;49,00 €;804
7398;96636;FLASH PEARL;NSK;PREVENCIÓN Y PROFILAXIS;100 uds. x 15 gr.;Flash pearl polvo;244.11;244,11 €;804
7399;96644;FLASH PEARL;NSK;PREVENCIÓN Y PROFILAXIS;4 uds. x 300 gr.;Flash pearl polvo;133.9;133,90 €;804
7400;0120;la superfície de los CEPILLOS NYLON;Proclinic;PREVENCIÓN Y PROFILAXIS;Caja con 10 unidades. 10 uds.;Para C.A. Desde;11.58;11,58 €;805
7401;01201;CEPILLOS NYLON;Proclinic;PREVENCIÓN Y PROFILAXIS;Cepillos nylon duros/azules.;100 uds.;72.2;72,20 €;805
7402;01202;CEPILLOS NYLON;Proclinic;PREVENCIÓN Y PROFILAXIS;Cepillos nylon medios/ lilas .;100 uds.;72.2;72,20 €;805
7403;01203;CEPILLOS NYLON;Proclinic;PREVENCIÓN Y PROFILAXIS;Cepillos nylon suaves/rosas.;100 uds.;72.2;72,20 €;805
7404;0121;la superfície de los CEPILLOS NYLON;Proclinic;PREVENCIÓN Y PROFILAXIS;Envase económico de 100 unidades.;Para C.A. Desde;103.06;103,06 €;805
7405;0857;MIRA CLEAN COMPRIMIDOS;Hager & Werken;PREVENCIÓN Y PROFILAXIS;Menta (verde);1.000 uds.;30.65;30,65 €;805
7406;0858;MIRA CLEAN COMPRIMIDOS;Hager & Werken;PREVENCIÓN Y PROFILAXIS;Timol (rosa);1.000 uds.;30.65;30,65 €;805
7407;0126;COPAS DE GOMA;Proclinic;PREVENCIÓN Y PROFILAXIS;;Caja con 36 uds. Para C.A.;59.15;59,15 €;806
7408;26800;CEPILLOS PROFILAXIS;Bestdent;PREVENCIÓN Y PROFILAXIS;;100 uds.;58.25;58,25 €;806
7409;4159;CEPILLOS NYLON;Dentaflux;PREVENCIÓN Y PROFILAXIS;10 unidades.;Para C.A.;13.61;13,61 €;806
7410;4160;CEPILLOS NYLON;Dentaflux;PREVENCIÓN Y PROFILAXIS;100 unidades.;Para C.A.;109.85;109,85 €;806
7411;433602;MICRO CEPILLO DE TITANIO PARA IMPLANTES;Ancladen;PREVENCIÓN Y PROFILAXIS;;1 unidad.;59.15;59,15 €;806
7412;69120;CEPILLOS DE CERDA NATURAL;Stoddard;PREVENCIÓN Y PROFILAXIS;;12 uds. Ø 8 mm.;21.33;21,33 €;806
7413;98091;CEPILLOS DE NYLON PUNTA UNIBRUSH WSM;EVE;PREVENCIÓN Y PROFILAXIS;;10 unidades;6.98;6,98 €;806
7414;01261;COPAS DE;Proclinic;PREVENCIÓN Y PROFILAXIS;Copas de goma;36 uds.;18.98;18,98 €;807
7415;01262;COPAS DE;Proclinic;PREVENCIÓN Y PROFILAXIS;Copas de goma;36 uds.;18.98;18,98 €;807
7416;01263;COPAS DE;Proclinic;PREVENCIÓN Y PROFILAXIS;Copas de goma;36 uds.;18.98;18,98 €;807
7417;26801;COPAS PROFILAXIS;Bestdent;PREVENCIÓN Y PROFILAXIS;;;51.13;51,13 €;807
7418;4161;COPAS DE GOMA;Dentaflux;PREVENCIÓN Y PROFILAXIS;;Caja 36 uds.;27.6;27,60 €;807
7419;5682;KIT PROFILAXIS;Edenta;PREVENCIÓN Y PROFILAXIS;;Limpieza y pulido no agresivo de los dientes naturales. Para eliminar depósitos en los dientes sin utilizar pasta abrasiva ya que el pulidor integra el abrasivo. Abrasión mínima del esmalte y dentina. Se utilizan con refrigeración de spray.;27.6;27,60 €;807
7420;96976;COPAS DE GOMA;Stoddard;PREVENCIÓN Y PROFILAXIS;;Copas de goma para profilaxis con de dureza para adaptarse a cada nece- 6 láminas interiores. 100 uds. de látex.;146.34;146,34 €;807
7421;49529;PRO-CUP C.A.;Kerr;PREVENCIÓN Y PROFILAXIS;Caja de 30 uds.;Rollo de 2 m.;36.68;36,68 €;808
7422;5425;COPAS AZULES PARA PROFILAXIS;Edenta;PREVENCIÓN Y PROFILAXIS;Caja de 12 uds.;Con partículas 5000 revoluciones;25.34;25,34 €;808
7423;63729;CASCADE TIRAS ACABADO;La Maison Dentaire;PREVENCIÓN Y PROFILAXIS;Tiras cascade. 2 m.;Rollo de 2 m.;36.68;36,68 €;808
7424;7673;FRESAS STAINBUSTER;Carbotech;PREVENCIÓN Y PROFILAXIS;Fresas punta;6 uds.;41.71;41,71 €;808
7425;7674;FRESAS STAINBUSTER;Carbotech;PREVENCIÓN Y PROFILAXIS;Fresas llama;6 uds.;41.71;41,71 €;808
7426;7675;FRESAS STAINBUSTER;Carbotech;PREVENCIÓN Y PROFILAXIS;Fresas cono;6 uds.;41.71;41,71 €;808
7427;76751;FRESAS STAINBUSTER;Carbotech;PREVENCIÓN Y PROFILAXIS;Fresas bala;6 uds.;41.71;41,71 €;808
7428;91030;HILO DENTAL TEPE 40M;TePe;PREVENCIÓN Y PROFILAXIS;;1 unidad de 40 metros;4.19;4,19 €;808
7429;96413;PRO-CUP C.A.;Kerr;PREVENCIÓN Y PROFILAXIS;Caja de 120 uds.;Rollo de 2 m.;103.09;103,09 €;808
7430;98119;HILO DENTAL PARA PUENTES E IMPLANTES;TePe;PREVENCIÓN Y PROFILAXIS;;1 caja de 30 hilos;4.19;4,19 €;808
7431;18604;HILO DENTAL DE SEDA ENCERADO;P.D.;PREVENCIÓN Y PROFILAXIS;;1 unidad de 25 m;4.75;4,75 €;809
7432;18607;HILO DENTAL DE NYLON;P.D.;PREVENCIÓN Y PROFILAXIS;;1 unidad de 25 m;3.18;3,18 €;809
7433;32404;SOFT-PICKS;GUM;PREVENCIÓN Y PROFILAXIS;Mentolado Pequeño;100 unidades;32.0;32,00 €;809
7434;32405;SOFT-PICKS;GUM;PREVENCIÓN Y PROFILAXIS;Mentolado Mediano;100 unidades;32.0;32,00 €;809
7435;32407;SOFT-PICKS;GUM;PREVENCIÓN Y PROFILAXIS;;100 unidades;32.36;32,36 €;809
7436;32408;SOFT-PICKS;GUM;PREVENCIÓN Y PROFILAXIS;Pro Mediano;100 unidades;32.36;32,36 €;809
7437;32409;SOFT-PICKS;GUM;PREVENCIÓN Y PROFILAXIS;Pro Grande;100 unidades;32.36;32,36 €;809
7438;32411;SEDA DENTAL;Gum;PREVENCIÓN Y PROFILAXIS;Gum Ortho;50 hilos;6.91;6,91 €;809
7439;32413;SEDA DENTAL;Gum;PREVENCIÓN Y PROFILAXIS;Gum Expanding;30 metros;5.82;5,82 €;809
7440;32414;SEDA DENTAL;Gum;PREVENCIÓN Y PROFILAXIS;Gum Easy;30 metros;4.75;4,75 €;809
7441;95127;CEPILLO INTERDENTAL;TePe;PREVENCIÓN Y PROFILAXIS;Morado: 1,1 mm, tamaño ISO 6. 25;100 unidades;14.8;14,80 €;809
7442;96668;CEPILLO INTERDENTAL;TePe;PREVENCIÓN Y PROFILAXIS;Rosa: 0,4 mm, tamaño ISO 0. 25 uds.;;14.8;14,80 €;809
7443;96669;CEPILLO INTERDENTAL;TePe;PREVENCIÓN Y PROFILAXIS;Naranja: 0,45 mm, tamaño ISO 1. 25;;0.45;0,45 €;809
7444;96670;CEPILLO INTERDENTAL;TePe;PREVENCIÓN Y PROFILAXIS;Rojo: 0,5 mm, tamaño ISO 2. 25 uds.;;14.8;14,80 €;809
7445;96671;CEPILLO INTERDENTAL;TePe;PREVENCIÓN Y PROFILAXIS;Azul: 0,6 mm, tamaño ISO 3. 25 uds.;;14.8;14,80 €;809
7446;96672;CEPILLO INTERDENTAL;TePe;PREVENCIÓN Y PROFILAXIS;Amarillo: 0,7 mm, tamaño ISO 4. 25;;14.8;14,80 €;809
7447;96673;CEPILLO INTERDENTAL;TePe;PREVENCIÓN Y PROFILAXIS;Verde: 0,8 mm, tamaño ISO 5. 25 uds.;100 unidades;14.8;14,80 €;809
7448;97563;CEPILLO INTERDENTAL;TePe;PREVENCIÓN Y PROFILAXIS;Gris: 1,3 mm, tamaño ISO 7. 25 uds.;100 unidades;14.8;14,80 €;809
7449;20013;CEPILLO COMPACT TUFT;TePe;PREVENCIÓN Y PROFILAXIS;;14 uds.;36.68;36,68 €;810
7450;20014;CEPILLO PARA IMPLANTES/ORTO;TePe;PREVENCIÓN Y PROFILAXIS;;14 uds.;34.15;34,15 €;810
7451;28011;GOOD LIMPIADOR DE;TePe;PREVENCIÓN Y PROFILAXIS;;1 ud.;4.42;4,42 €;810
7452;90046;KIT ORTODONCIA TEPE;TePe;PREVENCIÓN Y PROFILAXIS;;1u. x .cepillo manual + 4u. x cepillo interdental TePe EasyPick TePe Compact Tuft + 2u. x TePe Interdental Angle + 1u. x TePe cera Orthontic.;36.68;36,68 €;810
7453;95632;TEPE GOOD MINI FLOSSER;TePe;PREVENCIÓN Y PROFILAXIS;;36 uds.;3.36;3,36 €;810
7454;98118;KIT IMPLANTES TEPE;TePe;PREVENCIÓN Y PROFILAXIS;;1u. x Cepillo Compact Tuft + 1u. x Cepillo + 1u. x cepillo manual Implant Orthodontic + 1u. x Cepillo Universal Care + 1 caja de Brush + 1u. x TePe 30u. x Hilo dental Bridge & Implant + 8u. x Cepillos Interdentales;26.68;26,68 €;810
7455;36780;CEPILLOS HAPPY MORNING;Hager & Werken;PREVENCIÓN Y PROFILAXIS;Sin pasta de dientes;Cepillos de dientes con pasta dental.;39.33;39,33 €;811
7456;56006;CEPILLOS HAPPY MORNING;Hager & Werken;PREVENCIÓN Y PROFILAXIS;Con pasta de dientes;40 unidades;47.08;47,08 €;811
7457;6891;CEPILLOS TOPBRUSH;Akzenta;PREVENCIÓN Y PROFILAXIS;Cepillos Topbruxh 100 uds.;14 uds. en colores;24.47;24,47 €;811
7458;78666;CEPILLO INFANTIL SUAVE;TePe;PREVENCIÓN Y PROFILAXIS;;14 uds. en colores;29.32;29,32 €;811
7459;87189;CEPILLOS HAPPY MORNING;Hager & Werken;PREVENCIÓN Y PROFILAXIS;Con pasta de dientes;Cepillos de dientes con pasta dental.;39.33;39,33 €;811
7460;93586;CEPILLOS DENTALES TOP;Akzenta;PREVENCIÓN Y PROFILAXIS;;Surtido 100 uds.;29.32;29,32 €;811
7461;32416;CEPILLOS GUM SONIC;Gum;PREVENCIÓN Y PROFILAXIS;Sonic Daily blanco;1 unidad;13.05;13,05 €;812
7462;32417;CEPILLOS GUM SONIC;Gum;PREVENCIÓN Y PROFILAXIS;Sonic Daily negro;1 unidad;13.05;13,05 €;812
7463;32420;CEPILLOS GUM SONIC;Gum;PREVENCIÓN Y PROFILAXIS;Sonic Sensitive;1 unidad;14.07;14,07 €;812
7464;32422;CEPILLOS GUM SONIC;Gum;PREVENCIÓN Y PROFILAXIS;Sonic Ortho;1 unidad;14.07;14,07 €;812
7465;32424;KIT DE VIAJE GUM ACTIVITAL;GUM;PREVENCIÓN Y PROFILAXIS;;1 cepillo de dientes de dientes de 12 ml + 1 hilo dental y goma.;5.75;5,75 €;812
7466;5505;CEPILLO HYGIONIC;Foradent;PREVENCIÓN Y PROFILAXIS;Cepillo + 2 cabezales;Cepillo electrónico repele la placa los dientes durante;22.98;22,98 €;812
7467;5506;CEPILLO HYGIONIC;Foradent;PREVENCIÓN Y PROFILAXIS;Recambio 2 cabezas;Cepillo electrónico repele la placa los dientes durante;9.71;9,71 €;812
7468;69867;WATERPIK PLUS INALAMBRICO WP-490;Waterpik;PREVENCIÓN Y PROFILAXIS;;1 irrigador + 4 boquillas + cable de carga;13.05;13,05 €;812
7469;L50211;KIT DE ORTODONCIA;Bader;PREVENCIÓN Y PROFILAXIS;;Pack x12 estuches 3 morados). Completo kit de ortodoncia adaptado los consumidores, especialmente aquellos tamiento de ortodoncia o brakets. Para Cada estudche incluye: - Cepillo de dientes - Cepillo de dientes viaje;5.75;5,75 €;812
7470;14785;COLUTORIO NORMODENT CLINIC EXPERT;Normon;PREVENCIÓN Y PROFILAXIS;;1 litro su composición cloruro de cetilpiridinio;11.94;11,94 €;814
7471;16874;COLUTORIO GINGIKIN B5 CETILPIRIDINIO;KIN;PREVENCIÓN Y PROFILAXIS;;1 litro.;13.12;13,12 €;814
7472;20020;PERIOKIN HYALURONIC 1%;Kinn;PREVENCIÓN Y PROFILAXIS;;125 ml;12.47;12,47 €;814
7473;70395;CREMA DENTAL CHARCOAL CARBÓN ACTIVO;Foradent;PREVENCIÓN Y PROFILAXIS;;75 ml.;5.14;5,14 €;814
7474;93335;COLUTORIO GINGIVAL COMPLEX CON CETILPIRIDINIO;KIN;PREVENCIÓN Y PROFILAXIS;;Garrafa 5 litros + dispensador;44.93;44,93 €;814
7475;93338;PERIOKIN COLUTORIO CON;KIN;PREVENCIÓN Y PROFILAXIS;;Bidón 5l;36.59;36,59 €;814
7476;32410;COLUTORIO PAROEX;Gum;PREVENCIÓN Y PROFILAXIS;;5 litros + dosificador;35.53;35,53 €;815
7477;434032;COLUTORIO BACTERIX PRO CETILPIRIDINIO;EMS;PREVENCIÓN Y PROFILAXIS;;4 botellas de 1;93.3;93,30 €;815
7478;73135;COLUTORIO PERÓXIDO DE HIDRÓGENO 1%;Sparkle Smile;PREVENCIÓN Y PROFILAXIS;;1 litro. litro.;10.84;10,84 €;815
7479;15162;directamente 30 minutos,;;PREVENCIÓN Y PROFILAXIS;;;12.54;12,54 €;817
7480;15164;directamente 30 minutos,;;PREVENCIÓN Y PROFILAXIS;;;9.95;9,95 €;817
7481;74272;PEN BLANQUEAMIENTO;;PREVENCIÓN Y PROFILAXIS;;;192.25;192,25 €;817
7482;74273;PARA CASA 10 jeringas Proclinic;;PREVENCIÓN Y PROFILAXIS;carbamida al 16%.;;80.15;80,15 €;817
7483;74274;durante del paciente,;;PREVENCIÓN Y PROFILAXIS;;;106.87;106,87 €;817
7484;74275;durante del paciente,;;PREVENCIÓN Y PROFILAXIS;;;106.87;106,87 €;817
7485;74310;Produto Dentário;;PREVENCIÓN Y PROFILAXIS;;;56.0;56,00 €;817
7486;36999;OPALESCENCE BOOST;Ultradent;PREVENCIÓN Y PROFILAXIS;Intro Kit;4 Jeringas Opalescence principalmente por factores + 2 adaptadores de traumáticos o;248.2;248,20 €;818
7487;63547;CON;Bestdent;PREVENCIÓN Y PROFILAXIS;;4 jeringas de 1,2 ml.;39.45;39,45 €;818
7488;74250;BLANQUEAMIENTO HOME;Bestdent;PREVENCIÓN Y PROFILAXIS;Peróxido de carbamida al 10;3 jeringas de 3 ml. Producto registrado;49.99;49,99 €;818
7489;74251;BLANQUEAMIENTO HOME;Bestdent;PREVENCIÓN Y PROFILAXIS;Peróxido de carbamida al 16;3 jeringas de 3 ml. Producto registrado;49.99;49,99 €;818
7490;74252;BLANQUEAMIENTO HOME;Bestdent;PREVENCIÓN Y PROFILAXIS;;1 jeringa automix de de 1,2 ml. resina protectora de tres ciclos. Resultados;60.87;60,87 €;818
7491;96556;OPALESCENCE BOOST;Ultradent;PREVENCIÓN Y PROFILAXIS;Patient Kit;2 jeringas Opalescence + 1 IsoBlock + puntas;135.9;135,90 €;818
7492;97549;OPALESCENCE BOOST;Ultradent;PREVENCIÓN Y PROFILAXIS;Eco Kit;20 Jeringas Opalescence;616.8;616,80 €;818
7493;100082;PASTAS BLANQUEADORAS;Ultradent;PREVENCIÓN Y PROFILAXIS;Opalescence Sensitivity 30 ml. (24;6 kits paciente (cada;85.0;85,00 €;820
7494;18846;PASTAS BLANQUEADORAS;Ultradent;PREVENCIÓN Y PROFILAXIS;Opalescence Sensitivity 100 ml. (1;6 kits paciente (cada;8.67;8,67 €;820
7495;36991;OPALESCENCE PF;Ultradent;PREVENCIÓN Y PROFILAXIS;Doctor Kit. PF 16% Menta;8 jeringas x 1.2 ml. + planchas;95.2;95,20 €;820
7496;36992;OPALESCENCE PF;Ultradent;PREVENCIÓN Y PROFILAXIS;Doctor Kit. PF 16% Regular;8 jeringas x 1.2 ml. + planchas;95.2;95,20 €;820
7497;36993;Blanqueamiento para casa;;PREVENCIÓN Y PROFILAXIS;Patient Kit. PF 16% Menta.;8 jeringas x 1.2 ml. (1,5 gr.) + accesorios;87.0;87,00 €;820
7498;36994;Blanqueamiento para casa;;PREVENCIÓN Y PROFILAXIS;Patient Kit. PF 16% Regular;8 jeringas x 1.2 ml. (1,5 gr.) + accesorios;87.0;87,00 €;820
7499;36995;OPALESCENCE PF;Ultradent;PREVENCIÓN Y PROFILAXIS;Refill. PF 16% Regular;40 jeringas x 1,2 ml.;95.2;95,20 €;820
7500;36998;OPALESCENCE PF;Ultradent;PREVENCIÓN Y PROFILAXIS;Patient Kit. PF 10% Menta;8 jeringas x 1.2 ml. + planchas;87.0;87,00 €;820
7501;63910;OPALESCENCE GO;Ultradent;PREVENCIÓN Y PROFILAXIS;Kit paciente 6% Menta;20 cubetas prellenadas tubo de 30 ml de;83.9;83,90 €;820
7502;63917;OPALESCENCE QUICK PF;Ultradent;PREVENCIÓN Y PROFILAXIS;;4 x 1,2 ml Opalescence;60.2;60,20 €;820
7503;63934;OPALESCENCE GO;Ultradent;PREVENCIÓN Y PROFILAXIS;Kit paciente bulk 6% Menta;6 kits paciente (cada;419.9;419,90 €;820
7504;63939;OPALESCENCE GO;Ultradent;PREVENCIÓN Y PROFILAXIS;Kit paciente 6% Melón;20 cubetas prellenadas tubo de 30 ml de;83.9;83,90 €;820
7505;63941;OPALESCENCE GO;Ultradent;PREVENCIÓN Y PROFILAXIS;Mini kit 6% Menta;8 cubetas prellenadas OPALESCENCE;39.2;39,20 €;820
7506;96288;OPALESCENCE PF;Ultradent;PREVENCIÓN Y PROFILAXIS;Refill. PF 10% Mint.;40 jeringas x 1,2 ml.;95.2;95,20 €;820
7507;96289;OPALESCENCE QUICK PF;Ultradent;PREVENCIÓN Y PROFILAXIS;Refill. PF 16% Mint.;;95.2;95,20 €;820
7508;96552;OPALESCENCE PF;Ultradent;PREVENCIÓN Y PROFILAXIS;Doctor Kit. PF 10% Regular;8 jeringas x 1.2 ml. + planchas;95.2;95,20 €;820
7509;97498;OPALESCENCE PF;Ultradent;PREVENCIÓN Y PROFILAXIS;Doctor Kit. PF 10% Menta;8 jeringas x 1.2 ml. + planchas;95.2;95,20 €;820
7510;97547;OPALESCENCE PF;Ultradent;PREVENCIÓN Y PROFILAXIS;Patient Kit. PF 10% Regular;;87.0;87,00 €;820
7511;97548;OPALESCENCE PF;Ultradent;PREVENCIÓN Y PROFILAXIS;Refill. PF 10% Regular;40 jeringas x 1,2 ml.;95.2;95,20 €;820
7512;98623;PASTAS BLANQUEADORAS;Ultradent;PREVENCIÓN Y PROFILAXIS;Opalescence 100 ml. (12 uds.);6 kits paciente (cada;97.3;97,30 €;820
7513;18700;OPALUSTRE;Ultradent;PREVENCIÓN Y PROFILAXIS;;Opalustre Kit. 2 Jeringas de 1,2 10 White Mac Tips 5 OpalCups de 5 OpalCups de;96.0;96,00 €;821
7514;63943;OPALDAM GREEN;Ultradent;PREVENCIÓN Y PROFILAXIS;;4 jeringas de 1,2 ml;109.0;109,00 €;821
7515;63944;OPALDAM GREEN;Ultradent;PREVENCIÓN Y PROFILAXIS;Kit;4 Jeringas x 1,2 ml.+ boquillas;109.0;109,00 €;821
7516;63945;OPALDAM GREEN;Ultradent;PREVENCIÓN Y PROFILAXIS;;20 jeringas de 1,2 ml;95.3;95,30 €;821
7517;96292;OPALDAM;Ultradent;PREVENCIÓN Y PROFILAXIS;Kit;4 jeringas de 1,2;95.3;95,30 €;821
7518;96294;LC BLOCK-OUT RESIN;Ultradent;PREVENCIÓN Y PROFILAXIS;20 envases;Kit: 2 jeringas de 1,2 ml, 20 boquillas.;199.5;199,50 €;821
7519;96295;PLANCHAS SOFT TRAY;Ultradent;PREVENCIÓN Y PROFILAXIS;Planchas Soft Tray Classic;25 uds.;35.5;35,50 €;821
7520;96557;OPALDAM;Ultradent;PREVENCIÓN Y PROFILAXIS;Kit;4 Jeringas x 1,2 ml.+ inferior a 0,2 mm. Ideal para desmi-;109.0;109,00 €;821
7521;96559;OPALESCENCE ENDO KIT;Ultradent;PREVENCIÓN Y PROFILAXIS;;Kit: 2 jeringas de 1,2 ml, 20 boquillas.;35.5;35,50 €;821
7522;98631;PLANCHAS SOFT TRAY;Ultradent;PREVENCIÓN Y PROFILAXIS;Planchas Soft Tray Classic;25 uds.;199.5;199,50 €;821
7523;98634;LC BLOCK-OUT RESIN;Ultradent;PREVENCIÓN Y PROFILAXIS;Kit: 4 x 1,2 ml.;25 uds.;59.4;59,40 €;821
7524;63376;POLA NIGHT & POLA DAY;SDI;PREVENCIÓN Y PROFILAXIS;Pola Day 6%. 10 jeringas con planchas;Jeringas de 1,3 gr.;82.6;82,60 €;822
7525;63377;POLA NIGHT & POLA DAY;SDI;PREVENCIÓN Y PROFILAXIS;Pola Night 10%. 10 jeringas con planchas;Jeringas de 1,3 gr.;82.6;82,60 €;822
7526;63500;POLA NIGHT & POLA DAY;SDI;PREVENCIÓN Y PROFILAXIS;Pola Night 16%. 10 jeringas con planchas;Jeringas de 1,3 gr.;82.6;82,60 €;822
7527;64001;POLANIGHT 10% PC PARA;SDI;PREVENCIÓN Y PROFILAXIS;;4 jeringas 3 gr;60.57;60,57 €;822
7528;74056;ISOBLOCK;Ultradent;PREVENCIÓN Y PROFILAXIS;;10 unidades. Protector retención lingual. Acceso completo a;27.2;27,20 €;822
7529;75786;POLA RAPID PH 6%;SDI Australia;PREVENCIÓN Y PROFILAXIS;1 paciente;1 jeringa de 2,8 ml de Pola Rapid PH 6% + Accesorios;78.35;78,35 €;822
7530;75787;POLA RAPID PH 6%;SDI Australia;PREVENCIÓN Y PROFILAXIS;3 pacientes;3 jeringa de 2,8 ml de Pola Rapid PH 6% + Accesorios;60.57;60,57 €;822
7531;79998;POLA LIGHT KIT;SDI;PREVENCIÓN Y PROFILAXIS;Peróxido de hidrógeno al 6%;4 jeringas Pola Day férula LED + 1 cable;92.84;92,84 €;822
7532;97827;POLA NIGHT & POLA DAY;SDI;PREVENCIÓN Y PROFILAXIS;Pola Day 6% 50 jeringas;Jeringas de 1,3 gr.;295.04;295,04 €;822
7533;99525;POLA NIGHT & POLA DAY;SDI;PREVENCIÓN Y PROFILAXIS;Pola Night 10%. 50 jeringas;Jeringas de 1,3 gr.;295.04;295,04 €;822
7534;99526;POLA NIGHT & POLA DAY;SDI;PREVENCIÓN Y PROFILAXIS;Pola Night 16%. 50 jeringas;Jeringas de 1,3 gr.;295.04;295,04 €;822
7535;46870;PHILIPS ZOOM NITEWHITE;Philips;PREVENCIÓN Y PROFILAXIS;NiteWhite 16% PC;6 jeringas de peróxido termoplásticas para la elaboración de férulas;76.26;76,26 €;823
7536;67981;POLA LUMINATE 6% 1 PACK;SDI;PREVENCIÓN Y PROFILAXIS;;;39.6;39,60 €;823
7537;79996;POLA OFFICE;SDI;PREVENCIÓN Y PROFILAXIS;Pola Office;;39.6;39,60 €;823
7538;90568;PHILIPS ZOOM NITEWHITE;Philips;PREVENCIÓN Y PROFILAXIS;Nitewhite 16% PC;25 jeringas de peróxido;241.78;241,78 €;823
7539;91006;PHILIPS ZOOM NITEWHITE;Philips;PREVENCIÓN Y PROFILAXIS;Nitewhite 10% PC;6 jeringas de peróxido termoplásticas para la elaboración de férulas;77.27;77,27 €;823
7540;91007;PHILIPS ZOOM DAYWHITE;Philips;PREVENCIÓN Y PROFILAXIS;Daywhite 6% PH;: 6 jeringas de peróxido de hidrógeno al 6% x 2,4 ml + 2 planchas termoplásticas para la elaboración de férulas (1 mm de grosor) + 1 caja porta férulas.;77.27;77,27 €;823
7541;91008;PHILIPS ZOOM NITEWHITE;Philips;PREVENCIÓN Y PROFILAXIS;Nitewhite 10% PC;3 jeringas x 2,4 ml;37.02;37,02 €;823
7542;91009;PHILIPS ZOOM NITEWHITE;Philips;PREVENCIÓN Y PROFILAXIS;Nitewhite 16% PC;3 jeringas x 2,4 ml;37.02;37,02 €;823
7543;91010;PHILIPS ZOOM DAYWHITE;Philips;PREVENCIÓN Y PROFILAXIS;Daywhite 6% PH;3 jeringas x 2,4 ml de peróxido de carbamida al 6%;37.02;37,02 €;823
7544;97828;POLA OFFICE;SDI;PREVENCIÓN Y PROFILAXIS;Boquillas Pola;;26.78;26,78 €;823
7545;98503;POLA OFFICE;SDI;PREVENCIÓN Y PROFILAXIS;Pola Office+.;;39.6;39,60 €;823
7546;99746;POLA OFFICE;SDI;PREVENCIÓN Y PROFILAXIS;Pola Office+.;;114.23;114,23 €;823
7547;46871;BLANQUEAMIENTO PHILIPS ZOOM;Philips;PREVENCIÓN Y PROFILAXIS;Kit ZOOM clínica para 2 pacientes;2 jeringas x 4,6 gr de peróxido de hidrogeno al 25% + 2 jeringas Liquidam x 2,9 gr + 2 guías para luz + 2 retractores + 12 gasas de 5 x 5 cm + 4 rollos de algodón + 2 botes de vitamina E x 0,43 gr con pincel aplicador + 4 protectores para la zona externa de la boca + 2 aspiradores quirúrgicos + 2 jeringas de gel desensibilizante Relief.;315.74;315,74 €;824
7548;46872;BLANQUEAMIENTO PHILIPS ZOOM;Philips;PREVENCIÓN Y PROFILAXIS;Kit ZOOM clínica + NiteWhite para 2 pacientes;2 jeringas x 4,6 gr de peróxido de hidrogeno al 25% + 2 jeringas Liquidam x 2,9 gr + 2 guías para luz + 2 retractores + 12 gasas de 5 x 5 cm + 4 rollos de algodón + 2 botes de vitamina E x 0,43 gr con pincel aplicador + 4 protectores para la zona externa de la boca + 2 aspiradores quirúrgicos + 2 jeringas de gel desensibilizante Relief + 2 jeringas NiteWhite al 16% de peróxido de carbamida + 4 planchas termoplásticas para la elaboración de férulas (1 mm de grosor) + 2 cajas porta férulas + 2 folletos de instrucciones para pacientes.;320.52;320,52 €;824
7549;91011;BLANQUEAMIENTO PHILIPS ZOOM;Philips;PREVENCIÓN Y PROFILAXIS;Kit ZOOM clínica + DayWhite para 2 pacientes;2 jeringas x 4,6 gr de peróxido de hidrogeno al 25% + 2 jeringas Liquidam x 2,9 gr + 2 guías para luz + 2 retractores + 12 gasas de 5 x 5 cm + 4 rollos de algodón + 2 botes de vitamina E x 0,43 gr con pincel aplicador + 4 protectores para la zona externa de la boca + 2 aspiradores quirúrgicos + 2 jeringas de gel desensibilizante Relief + 2 jeringas DayWhite al 6% de peróxido de hidrógeno + 4 planchas termoplásticas para la elaboración de férulas (1 mm de grosor) + 2 cajas porta férulas + 2 folletos de instrucciones para pacientes.;320.52;320,52 €;824
7550;91016;BLANQUEAMIENTO PHILIPS ZOOM;Philips;PREVENCIÓN Y PROFILAXIS;Kit ZOOM Sensitive Care 6% + Nitewhite 16% para 2 pacientes;4 jeringas de 2,4 ml de peróxido de hidrogeno al 6% (blanqueamiento de clínica activado por luz) + 4 Whitening Accelerator pH Booster + 2 guías de luz + 2 jeringas Liquidam de 2,9 g + 2 retractores + 2 aspiradores quirúrgicos + 12 gasas de 5 x 5 cm + 4 rollos de algodón + 2 botes de vitamina E de 0,43 g con pincel aplicador + 4 protectores para la zona externa + 4 Jeringas de tratamineto domiciliario NiteWhite 16% PC + 4 Planchas de polietileno para férulas de 1 mm + 2 Cajas portaférulas;277.0;277,00 €;824
7551;0980;NORBLANC HOME;Normon;PREVENCIÓN Y PROFILAXIS;16% Kit: 4 jeringas de 3 gr. + Cánulas aplicadoras.;;78.06;78,06 €;826
7552;25808;VIVASTYLE;Ivoclar Vivadent;PREVENCIÓN Y PROFILAXIS;Starter kit 16%;3 jeringas de 3 ml + caja portaférulas;90.25;90,25 €;826
7553;25809;VIVASTYLE;Ivoclar Vivadent;PREVENCIÓN Y PROFILAXIS;Reposición 16%;3 jeringas de 3 ml;63.7;63,70 €;826
7554;3275;VIVASTYLE PAINT ON PLUS;Ivoclar Vivadent;PREVENCIÓN Y PROFILAXIS;;;144.5;144,50 €;826
7555;3015;ILLUMINÉ HOME;Dentsply;PREVENCIÓN Y PROFILAXIS;Patient kit 15% PC;3 jeringas x 3 ml. + Portaférulas + Neceser.;100.16;100,16 €;827
7556;3016;ILLUMINÉ HOME;Dentsply;PREVENCIÓN Y PROFILAXIS;Patient kit 10% PC;3 jeringas x 3 ml. + Portaférulas + Neceser.;100.16;100,16 €;827
7557;3031;ILLUMINÉ HOME;Dentsply;PREVENCIÓN Y PROFILAXIS;;10 jeringas x 3 ml. PC 15%.;273.29;273,29 €;827
7558;48510;PERFECT BLEACH;Voco;PREVENCIÓN Y PROFILAXIS;Perfect Bleach Set 16%: 6;;140.9;140,90 €;827
7559;48511;PERFECT BLEACH;Voco;PREVENCIÓN Y PROFILAXIS;Perfect Bleach Reposición;;64.2;64,20 €;827
7560;99765;PERFECT BLEACH;Voco;PREVENCIÓN Y PROFILAXIS;Perfect Bleach Patient Kit;;84.7;84,70 €;827
7561;99829;PERFECT BLEACH;Voco;PREVENCIÓN Y PROFILAXIS;Perfect Bleach Office Plus;;320.8;320,80 €;827
7562;99868;PERFECT BLEACH;Voco;PREVENCIÓN Y PROFILAXIS;Perfect Bleach Patient Kit;;84.7;84,70 €;827
7563;24942;VIVIDA HOME KIT;Kulzer;PREVENCIÓN Y PROFILAXIS;;1 Pasta pre-tratamiento de 50g, 3 jeringas tratamiento de 50g y 1 caja porta-férulas;64.95;64,95 €;828
7564;78835;BRILLIANT LUMINA BASIC KIT;Coltene-Whaledent;PREVENCIÓN Y PROFILAXIS;;4 botes de Gel de 2 ml + 1 bote de de gel blanqueador de 3ml, 1 Pasta post Activador de 5 ml + instrucciones;101.94;101,94 €;828
7565;18768;QUICK WHITE;Quick;PREVENCIÓN Y PROFILAXIS;Kit 3 Pacientes;;200.36;200,36 €;829
7566;18790;QUICK WHITE TETRA;Quick White;PREVENCIÓN Y PROFILAXIS;;Contenido del kit: Bolsa primera sesión: 1 bote 35% PH, Bolsa segunda sesión: 1 pincel aplicador, hidrogeno Accesorios: 1 caja 1 jeringas 3c.c. para;134.62;134,62 €;829
7567;18791;QUICK WHITE;Quick;PREVENCIÓN Y PROFILAXIS;;;89.91;89,91 €;829
7568;74178;QUICK WHITE;Quick;PREVENCIÓN Y PROFILAXIS;Kit 3 Pacientes;;200.36;200,36 €;829
7569;93456;QUICK WHITE RECALL;Quick White;PREVENCIÓN Y PROFILAXIS;;Contenido del kit: 1 Frasco polvo activador 1 Ampolla Peróxido hidrógeno 1 Cápsula pasta pulido inic ial 1 Cápsula vitamina E 1 Jeringa resina protectora 1 pincel aplicador Instrucciones;53.94;53,94 €;829
7570;93461;RESINA PROTECTORA;Quic k;PREVENCIÓN Y PROFILAXIS;;;59.0;59,00 €;829
7571;18764;LÁPIZ BLANQUEAMIENTO;Quick White;PREVENCIÓN Y PROFILAXIS;Gel 12% Peróxido Hidrógeno;Lápiz de blanqueamiento;12.96;12,96 €;830
7572;18788;PERÓXIDO DE CARBAMIDA;Quick White;PREVENCIÓN Y PROFILAXIS;16%;Contenido del kit: juego de féru- 10 jeringas de 3c.c Instrucciones.;109.98;109,98 €;830
7573;18789;LÁPIZ BLANQUEAMIENTO;Quick White;PREVENCIÓN Y PROFILAXIS;;Lápiz de blanqueamiento;76.71;76,71 €;830
7574;55350;SISTEMA BLANQUEADOR;Dentaflux;PREVENCIÓN Y PROFILAXIS;;Gel de alta viscosidad carbamida. 6 Jeringas planc has para férulas;21.2;21,20 €;830
7575;5579;SISTEMA BLADEN DENTAFLUX 16%;Dentaflux;PREVENCIÓN Y PROFILAXIS;;2 jeringas x 3 ml. al 16% las dos planchas necesarias para la está registrado en el Ministerio;28.83;28,83 €;830
7576;74177;LÁPIZ BLANQUEAMIENTO;Quick White;PREVENCIÓN Y PROFILAXIS;Gel 6% Peróxido Hidrógeno;Lápiz de blanqueamiento;12.96;12,96 €;830
7577;93459;PROFESSIONAL;Quick;PREVENCIÓN Y PROFILAXIS;;;21.2;21,20 €;830
7578;99605;PERÓXIDO DE CARBAMIDA;Quick White;PREVENCIÓN Y PROFILAXIS;30%;Contenido del kit: juego de féru- 10 jeringas de 3c.c Instrucciones.;76.71;76,71 €;830
7579;21228;SNOW SMILE PROFFESIONAL 3 PACIENTES;Laboratorios Clarben;PREVENCIÓN Y PROFILAXIS;;3 jeringas blanqueamiento PH 30% x 2,5 ml protector de encías. 3 jeringas protector encías x 1,5 gr;297.11;297,11 €;831
7580;25733;BLANQUEADOR BITE&WHITE;CAVEX;PREVENCIÓN Y PROFILAXIS;;8 cubetas prellenadas;54.44;54,44 €;831
7581;9617;SNOW SMILE PROFFESIONAL;Laboratorios Clarben;PREVENCIÓN Y PROFILAXIS;;Lápiz de blanqueamiento. 2 Jeringas x 2,5ml de 1 Jeringa x 3g de protector;261.14;261,14 €;831
7582;9770;ENA WHITE POWER KIT;Micerium;PREVENCIÓN Y PROFILAXIS;;Gel de Blanqueamiento Hidrógeno al 35%,5 gr. Ena Dam, protector;132.0;132,00 €;831
7583;9771;ENA WHITE REGULAR ENDO & SENSITIVE KIT;Micerium;PREVENCIÓN Y PROFILAXIS;;Gel de Blanqueamiento Hidrógeno al 12%, 2 ml. Ena Dam, protector;91.2;91,20 €;831
7584;9772;ENA WHITE LIGHT HOME;Micerium;PREVENCIÓN Y PROFILAXIS;;Gel de Blanqueamiento Peróxido de Hidrógeno al 6% 4 x 3 ml.;79.2;79,20 €;831
7585;21227;SNOW SMILE HOME;Laboratorios Clarben;PREVENCIÓN Y PROFILAXIS;;1 unidad. un blanqueamiento delicado y eficaz.;97.09;97,09 €;832
7586;78723;VIVASTYLE PLANCHAS PARA FÉRULAS;IVOCLAR;PREVENCIÓN Y PROFILAXIS;;12 unidades;34.75;34,75 €;832
7587;82013;BLANCONE TOUCH;IDS;PREVENCIÓN Y PROFILAXIS;;3 jeringa de gel blanqueador jeringas gel activador;224.49;224,49 €;832
7588;93460;GAFAS PROTECTORAS PARA BLANQUEAMIENTO;Quick White;PREVENCIÓN Y PROFILAXIS;;1 unidad. un blanqueamiento delicado y eficaz.;48.18;48,18 €;832
7589;93464;BASTONCILLOS DE VITAMINA;Quick White;PREVENCIÓN Y PROFILAXIS;;Contenido del 72 bastoncillos una mayor comodidad a;46.73;46,73 €;832
7590;0840;ÓXIDO DE ALUMINIO;Hager & Werken;PREVENCIÓN Y PROFILAXIS;50 micras;;16.67;16,67 €;833
7591;08500;ÓXIDO DE ALUMINIO;Hager & Werken;PREVENCIÓN Y PROFILAXIS;90 micras;;16.67;16,67 €;833
7592;38915;BÁLSAMO LABIAL CARMEX;Carmex;PREVENCIÓN Y PROFILAXIS;Tarro clásico;1 tarro de 7,5 gr;5.26;5,26 €;833
7593;38925;SILKSES;Sesderma;PREVENCIÓN Y PROFILAXIS;Click;;5.26;5,26 €;833
7594;38926;SILKSES;Sesderma;PREVENCIÓN Y PROFILAXIS;Tubo;;5.26;5,26 €;833
7595;38927;BÁLSAMO LABIAL CARMEX;Carmex;PREVENCIÓN Y PROFILAXIS;Tarro sandía;1 tarro de 7,5 gr;5.26;5,26 €;833
7596;38938;BÁLSAMO LABIAL CARMEX;Carmex;PREVENCIÓN Y PROFILAXIS;Tarro cereza;1 tarro de 7,5 gr;5.26;5,26 €;833
7597;38939;SILKSES;Sesderma;PREVENCIÓN Y PROFILAXIS;Tubos;;9.95;9,95 €;833
7598;43214;SILKSES;Sesderma;PREVENCIÓN Y PROFILAXIS;;;5.95;5,95 €;833
7599;69124;BÁLSAMO LABIAL TWIST STICK;Carmex;PREVENCIÓN Y PROFILAXIS;Lima;4,2 gramos;5.26;5,26 €;833
7600;69128;BÁLSAMO LABIAL TWIST STICK;Carmex;PREVENCIÓN Y PROFILAXIS;Tropical;4,2 gramos;5.26;5,26 €;833
7601;21679;BASTONCILLOS CON GLICERINA;Medistock;PREVENCIÓN Y PROFILAXIS;;25 sobres con 3 bastoncillos;13.4;13,40 €;834
7602;3252;SKYCE TRANSPARENTE;Ivoclar Vivadent;PREVENCIÓN Y PROFILAXIS;;5 unidades de 1,9 mm ø.;82.8;82,80 €;834
7603;45683;JOYAS DENTALES TWINKLES;Twinkles;PREVENCIÓN Y PROFILAXIS;Transparente;6 uds.;49.51;49,51 €;834
7604;45684;JOYAS DENTALES TWINKLES;Twinkles;PREVENCIÓN Y PROFILAXIS;Azul zafiro;6 uds.;49.51;49,51 €;834
7605;69131;PARCHES HERPES LABIAL;Senti2;PREVENCIÓN Y PROFILAXIS;;1 caja de 16 parches;13.4;13,40 €;834
7606;69133;TIRAS NASALES;Senti2;PREVENCIÓN Y PROFILAXIS;;10 unidades;5.99;5,99 €;834
7607;0195;PAPEL ARTICULAR;Proclinic;PRÓTESIS;Color azul;Espesor 200 micras.;19.36;19,36 €;838
7608;01951;PAPEL ARTICULAR;Proclinic;PRÓTESIS;;;16.37;16,37 €;838
7609;01952;PAPEL ARTICULAR;Proclinic;PRÓTESIS;Color rojo;Espesor 200 micras.;19.36;19,36 €;838
7610;01956;PAPEL ARTICULAR;Proclinic;PRÓTESIS;;;16.37;16,37 €;838
7611;2001;BK 03 AZUL;Bausch;PRÓTESIS;BK 01 azul;Papel de 200 micras Coloración progresiva. distribución de Caja con 300 hojas.;24.92;24,92 €;838
7612;2002;BK 03 AZUL;Bausch;PRÓTESIS;BK 02 rojo;Papel de 200 micras Coloración progresiva. distribución de Caja con 300 hojas.;24.92;24,92 €;838
7613;2003;BK 03 AZUL;Bausch;PRÓTESIS;;200 micras. de cartón.;19.61;19,61 €;838
7614;2013;BK 1001 AZUL;Bausch;PRÓTESIS;;Reposición de;24.92;24,92 €;838
7615;96525;PAPEL BK 05;Bausch;PRÓTESIS;Papel BK 05 Largo.;200 micras. de cartón.;24.92;24,92 €;838
7616;01954;PAPEL ARTICULAR;Proclinic;PRÓTESIS;Papel articular rojo fino.;Espesor 40 µ. Caja;10.33;10,33 €;840
7617;01955;PAPEL ARTICULAR;Proclinic;PRÓTESIS;Papel articular azul fino.;Espesor 40 µ. Caja;10.33;10,33 €;840
7618;2005;BK FINO;Bausch;PRÓTESIS;BK 09 Librito azul;Espesor 40 µ. Librito con 200 hojas.;20.02;20,02 €;840
7619;2006;BK FINO;Bausch;PRÓTESIS;BK 10 Librito rojo;Espesor 40 µ. Librito con 200 hojas.;20.02;20,02 €;840
7620;H20663;OCLUSIÓN;Proclinic;PRÓTESIS;Verde;75 ml.;19.5;19,50 €;840
7621;H20666;OCLUSIÓN;Proclinic;PRÓTESIS;Blanco;75 ml.;19.5;19,50 €;840
7622;H99003;SPRAY OCLUSION OCCLUTEC NEW;Renfert;PRÓTESIS;Verde;Spray de 75 ml.;11.88;11,88 €;840
7623;H99004;SPRAY OCLUSION OCCLUTEC NEW;Renfert;PRÓTESIS;Rojo;Spray de 75 ml.;11.88;11,88 €;840
7624;H99042;ARTI-SPRAY;Bausc h;PRÓTESIS;Blanco;Arti-Spray es un;19.5;19,50 €;840
7625;H99044;ARTI-SPRAY;Bausc h;PRÓTESIS;Rojo;Arti-Spray es un;19.5;19,50 €;840
7626;H99046;ARTI-SPRAY;Bausc h;PRÓTESIS;Azul;Arti-Spray es un;19.5;19,50 €;840
7627;H99048;ARTI-SPRAY;Bausc h;PRÓTESIS;Verde;Arti-Spray es un;19.5;19,50 €;840
7628;15698;TROLLFOIL;TrollDental;PRÓTESIS;Azul;100 unidades;34.11;34,11 €;841
7629;15699;TROLLFOIL;TrollDental;PRÓTESIS;Rojo;100 unidades;34.11;34,11 €;841
7630;2007;BK 81 AZUL-ROJO HERRADURA;Bausch;PRÓTESIS;;Espesor 40 µ. Caja;38.72;38,72 €;841
7631;96526;PAPEL BK 51;Bausch;PRÓTESIS;Papel BK 51 azul. 100 μ.;;34.11;34,11 €;841
7632;96527;PAPEL BK 80 Y PAPEL BK;Bausch;PRÓTESIS;Papel BK 80.;Espesor 40 µ. Caja;38.72;38,72 €;841
7633;96528;PAPEL BK 80 Y PAPEL BK;Bausch;PRÓTESIS;Papel BK 61.;Espesor 40 µ. Caja;38.72;38,72 €;841
7634;H99020;ARTI-FOL METALLIC NEGRO/ROJO. 22MM/12 MICRAS;Bausch;PRÓTESIS;BK 28 20 cm. Con dispensador;Utiliza una singular lámina metálica Shimstock 61 de 12 micras recubierta por ambas caras con pigmentos en polvo ultrafinos que permite marcar claramente todos los puntos de contacto oclusales. Marca con total precisión las superficies oclu-;19.04;19,04 €;841
7635;75435;ARTI-CERAM VERDE;Bausch;PRÓTESIS;200 micras. Tiras;50 hojas;9.77;9,77 €;842
7636;75436;ARTI-CERAM VERDE;Bausch;PRÓTESIS;200 micras. Herradura;50 hojas;29.24;29,24 €;842
7637;75437;ARTI-CERAM VERDE;Bausch;PRÓTESIS;100 micras. Tiras;50 hojas;19.04;19,04 €;842
7638;75438;ARTI-CERAM VERDE;Bausch;PRÓTESIS;100 micras. Herradura;50 hojas;29.24;29,24 €;842
7639;H99022;ARTI-FOL METALLIC BK;Bausch;PRÓTESIS;BK 31. Rojo. 12 μ. 20 m.;;15.36;15,36 €;842
7640;H99024;ARTI-FOL METALLIC BK;Bausch;PRÓTESIS;BK 33. Azul. 12 μ. 20 m.;;15.36;15,36 €;842
7641;H99026;ARTI-FOL BK;Bausch;PRÓTESIS;BK 21. Rojo. Un lado. 8 μ. 20 m.;50 hojas;15.08;15,08 €;842
7642;H99028;ARTI-FOL BK;Bausch;PRÓTESIS;BK 23. Azul. Un lado. 8 μ. 20 m.;50 hojas;15.08;15,08 €;842
7643;H99032;ARTI-FOL BK;Bausch;PRÓTESIS;BK 25. Rojo. Bilateral. 8 μ. 20 m.;50 hojas;19.04;19,04 €;842
7644;H99037;ARTI-FOL METALLIC BK;Bausch;PRÓTESIS;BK 39. Sin color. 12 μ.20 m.;;13.68;13,68 €;842
7645;6513;HERRADURA;R oeko;PRÓTESIS;Caja 72 uds.;80 micras. Azul/Rojo. eficiente, incluso en férulas oclusales con claridad, se pueden marcar;12.65;12,65 €;843
7646;75434;ARTI-FOL METALLIC COMPLETE;Bausch;PRÓTESIS;;20 Unidades (12;7.33;7,33 €;843
7647;75439;CERA EXTRA-DURA ARTI-PINK;Bausch;PRÓTESIS;Planchas;12 unidades (150;35.9;35,90 €;843
7648;75440;CERA EXTRA-DURA ARTI-PINK;Bausch;PRÓTESIS;L (79x68mm);24 unidades ovales;35.89;35,89 €;843
7649;75441;CERA EXTRA-DURA ARTI-PINK;Bausch;PRÓTESIS;M (68x60mm);24 unidades ovales;35.89;35,89 €;843
7650;75442;CERA EXTRA-DURA ARTI-PINK;Bausch;PRÓTESIS;S (64x56mm);24 unidades ovales;35.89;35,89 €;843
7651;93484;FLEXIMETER STRIPS;Bausch;PRÓTESIS;BK 250. Rosas. 1 mm.;24 unidades ovales;31.05;31,05 €;843
7652;93485;FLEXIMETER STRIPS;Bausch;PRÓTESIS;BK 251. Verdes. 1,5 mm.;24 unidades ovales;31.05;31,05 €;843
7653;93486;FLEXIMETER STRIPS;Bausch;PRÓTESIS;BK 252. Azules. 2 mm.;12 unidades (150;31.05;31,05 €;843
7654;96537;PINZA ARTI-FOL Y ARTI-FOL;Bausch;PRÓTESIS;Pinza BK 145;;87.88;87,88 €;843
7655;96538;PINZA ARTI-FOL Y ARTI-FOL;Bausch;PRÓTESIS;BK 35. Rojo, un lado. 8 mm.;;14.8;14,80 €;843
7656;96541;FLEXIMETER STRIPS;Bausch;PRÓTESIS;BK 253. 5 piezas x 3 tamaños.;12 unidades (150;31.05;31,05 €;843
7657;0705;PINZA PAPEL ARTICULAR;C arl Martin;PRÓTESIS;;;36.35;36,35 €;844
7658;10102;SPOT IT;Directa;PRÓTESIS;Surtido 9 + 9 uds.;;41.35;41,35 €;844
7659;10103;SPOT IT;Directa;PRÓTESIS;Recto 18 uds.;;41.35;41,35 €;844
7660;10104;SPOT IT;Directa;PRÓTESIS;Angulado 18 uds.;;41.35;41,35 €;844
7661;3816;P.S.I.;Coltene;PRÓTESIS;;55 ml. Base + 20 ml. Activador + Instrucciones de uso.;41.35;41,35 €;844
7662;4314;RADAR HERRADURA BLUE/RED;Nordin;PRÓTESIS;;Caja 6 Blocks x Espesor: 65 µ.;12.74;12,74 €;844
7663;4315;RADAR CURVADO BLUE/RED;Nordin;PRÓTESIS;;Caja 12 Blocks control del registro de la articulación. Espesor: 65 µ. una cara azul y otra roja para el rápido;14.73;14,73 €;844
7664;59723;PINZA PAPEL ARTICULAR;Proclinic;PRÓTESIS;;;18.29;18,29 €;844
7665;10130;ARTI-BRUX;Bausch;PRÓTESIS;;Set contiene: Barniz Arti-Brux® 15 monouso, 1 Multi-Hold 40 cepillos Master-Brush 1 cepillo de pulir;74.15;74,15 €;845
7666;10131;BIO-INK®-FLOW;Bausch;PRÓTESIS;;Set contiene: 1 ml, 10 vasos dappen 1 Multi-HoldTM, TM, uso, 50 cepillos en dispensador, dispensador.;74.15;74,15 €;845
7667;42903;FIT CHECKER ADVANCED;GC;PRÓTESIS;Puntas de mezcla amarillas. 60;;91.8;91,80 €;845
7668;46021;FIT CHECKER ADVANCED;GC;PRÓTESIS;Fit Checker Advanced White;;92.0;92,00 €;845
7669;46022;FIT CHECKER ADVANCED;GC;PRÓTESIS;Fit Checker Advanced White;;103.95;103,95 €;845
7670;46023;FIT CHECKER ADVANCED;GC;PRÓTESIS;Fit Checker Advanced Blue Cartuchos.;;103.95;103,95 €;845
7671;96539;ARTI-SPOT;Bausch;PRÓTESIS;Arti-Spot 2. Rojo. 15 ml.;;31.07;31,07 €;845
7672;96540;ARTI-SPOT;Bausch;PRÓTESIS;Arti-Spot 3. Azul. 15 ml.;Set contiene: 1 ml, 10 vasos dappen 1 Multi-HoldTM, TM, uso, 50 cepillos en dispensador, dispensador.;31.07;31,07 €;845
7673;96826;FIT TEST;Voco;PRÓTESIS;Puntas de mezcla marrón tipo 9 (50 uds.);;58.1;58,10 €;845
7674;98945;FIT TEST;Voco;PRÓTESIS;Fit Test C&B (QuickMix 5 ml.);;44.6;44,60 €;845
7675;5455;BLUE’SPOT;;PRÓTESIS;;;41.79;41,79 €;846
7676;H11132;ARCO FACIAL UNIVERSAL;Fag Dentaire;PRÓTESIS;;metálico Articulador metálico semi-ajustable tipo cisa de los movimientos mandibulares. Equipado;264.0;264,00 €;846
7677;H11133;ARCO FACIAL UNIVERSAL;Fag Dentaire;PRÓTESIS;;Arco facial completo. inlays, onlays precisa del paciente;206.0;206,00 €;846
7678;H11134;KIT SPLIT CAST;Fag Dentaire;PRÓTESIS;;;264.0;264,00 €;846
7679;H11141;KIT SPLIT CAST;Fag Dentaire;PRÓTESIS;Incluye 2 tornillos,;;334.0;334,00 €;846
7680;H11101;PLETINA MAGNÉTICA CON;;PRÓTESIS;;Pletina magnética completa imán y alojamiento.;18.6;18,60 €;847
7681;H11102;PLATINAS DE MONTAJE QUICK;Fag Dentaire;PRÓTESIS;;Sistema de platinas viejos sistemas de ensamblajes platinas se mantienen en su lugar mediante;1.7;1,70 €;847
7682;H11113;ARTICULADOR FUNCIONAL DOS PUNTOS;Mestra;PRÓTESIS;;;39.12;39,12 €;847
7683;H11124;ARTICULADOR BALANCEADO;Mestra;PRÓTESIS;;1 ud.;5.83;5,83 €;847
7684;H11125;ARTICULADOR BALANCEADO;Mestra;PRÓTESIS;;El nuevo articulador aleación ligera lo que le da gran manejabilidad;85.86;85,86 €;847
7685;H11130;PLETINA DE MONTAJE;;PRÓTESIS;Metálicas autocentrables. 1 ud.;;4.84;4,84 €;847
7686;H11136;PLATINAS DE MONTAJE QUICK;Fag Dentaire;PRÓTESIS;24 unidades;Sistema de platinas viejos sistemas de ensamblajes platinas se mantienen en su lugar mediante;66.0;66,00 €;847
7687;3615;CENTRAL IZQUIERDO Nº 15 16 17 18 19 102 103;;PRÓTESIS;3616 3617 3618 3619 3672 3673 3670;;;Sob consulta;848
7688;3625;LATERAL IZQUIERDO Nº 25 26 27 28 29 200;;PRÓTESIS;3626 3627 3628 3629 3675;;;Sob consulta;848
7689;3635;CANINO IZQUIERDO Nº 35 36 37 38 39 302 303;;PRÓTESIS;3636 3637 3638 3639 3678 3679 3676;;;Sob consulta;848
7690;3640;BICÚSPIDES GRANDES Nº 40 41 42 43 44 45 46 47;;PRÓTESIS;3641 3642 3643 3644 3645 3646 3647 3648;;;Sob consulta;848
7691;3901;ESTUCHE ION C-180;Solventum (3M);PRÓTESIS;Estuche;Caja 180 uds. (60 formas x 3 uds). 3950 3951 3952 3953 3954 Con guía de tamaños. Con mic rofibras de vidrio.;455.59;455,59 €;848
7692;3915;REPOSICIÓN 5 CORONAS;Directa;PRÓTESIS;3916 3917 3918 3919 3972 3973 3970;Caja 5 uds. de la misma forma.;455.59;455,59 €;848
7693;3925;REPOSICIÓN 5 CORONAS;Directa;PRÓTESIS;3926 3927 3928 3929 3975;Caja 5 uds. de la misma forma.;455.59;455,59 €;848
7694;3935;REPOSICIÓN 5 CORONAS;Directa;PRÓTESIS;3936 3937 3938 3939 3978 3979 3976;Caja 5 uds. de la misma forma.;455.59;455,59 €;848
7695;3940;ESTUCHE ION C-180;Solventum (3M);PRÓTESIS;3941 3942 3943 3944;Caja 180 uds. (60 formas x 3 uds). 3950 3951 3952 3953 3954 Con guía de tamaños. Con mic rofibras de vidrio.;455.59;455,59 €;848
7696;3960;ESTUCHE ION C-180;Solventum (3M);PRÓTESIS;3961 3962 3963 3964;Caja 180 uds. (60 formas x 3 uds). 3950 3951 3952 3953 3954 Con guía de tamaños. Con mic rofibras de vidrio.;455.59;455,59 €;848
7697;2569;ESTUCHE NICHRO ND-96 PEDODÓNTICAS;Solventum (3M);PRÓTESIS;Estuche;Caja con 96 uds. 48 formas x 2 uds. Para el primer y segundo Molar Inferior Derecho (E-LR) molar primario. 6 5 4 3 2;770.32;770,32 €;849
7698;2570;ESTUCHE NICHRO PO-96;Solventum (3M);PRÓTESIS;;Caja con 96 uds. Para el primer molar permanente.;791.46;791,46 €;849
7699;2597;ESTUCHE ISO-FORM MC-64;Solventum (3M);PRÓTESIS;;Caja con 64 coronas provisionales para molares. Aleación de estaño y plata.;318.75;318,75 €;849
7700;4002;ESTUCHE ISO-FORM MC-64;Solventum (3M);PRÓTESIS;4003 4004;Caja con 64 coronas provisionales para molares. Aleación de estaño y plata.;43.82;43,82 €;849
7701;4014;ESTUCHE ISO-FORM MC-64;Solventum (3M);PRÓTESIS;4015 4016;Caja con 64 coronas provisionales para molares. Aleación de estaño y plata.;318.75;318,75 €;849
7702;4030;P rimer Molar Nº 2 3;;PRÓTESIS;4031 4032;;770.32;770,32 €;849
7703;4036;S egundo Molar Nº 2 3;;PRÓTESIS;4037 4038;;770.32;770,32 €;849
7704;4054;ESTUCHE NICHRO ND-96 PEDODÓNTICAS;Solventum (3M);PRÓTESIS;4055 4056;Caja con 96 uds. 48 formas x 2 uds. Para el primer y segundo Molar Inferior Derecho (E-LR) molar primario. 6 5 4 3 2;770.32;770,32 €;849
7705;4060;ESTUCHE NICHRO ND-96 PEDODÓNTICAS;Solventum (3M);PRÓTESIS;4061 4062;Caja con 96 uds. 48 formas x 2 uds. Para el primer y segundo Molar Inferior Derecho (E-LR) molar primario. 6 5 4 3 2;770.32;770,32 €;849
7706;2598;ESTUCHE ISO-FORM BC-64;Solventum (3M);PRÓTESIS;;Caja con 64 coronas Aleación de estaño;318.75;318,75 €;850
7707;56477;Produto Dentário;;PRÓTESIS;U-50;;318.75;318,75 €;850
7708;59458;Produto Dentário;;PRÓTESIS;L-70;;318.75;318,75 €;850
7709;8202;ESTUCHE ISO-FORM BC-64;Solventum (3M);PRÓTESIS;;;6.76;6,76 €;850
7710;8203;ESTUCHE ISO-FORM BC-64;Solventum (3M);PRÓTESIS;;;6.76;6,76 €;850
7711;8204;ESTUCHE ISO-FORM BC-64;Solventum (3M);PRÓTESIS;;;6.76;6,76 €;850
7712;8205;ESTUCHE ISO-FORM BC-64;Solventum (3M);PRÓTESIS;;;6.76;6,76 €;850
7713;8206;ESTUCHE ISO-FORM BC-64;Solventum (3M);PRÓTESIS;;;6.76;6,76 €;850
7714;8207;ESTUCHE ISO-FORM BC-64;Solventum (3M);PRÓTESIS;;;6.76;6,76 €;850
7715;8208;ESTUCHE ISO-FORM BC-64;Solventum (3M);PRÓTESIS;;;6.76;6,76 €;850
7716;8209;ESTUCHE ISO-FORM BC-64;Solventum (3M);PRÓTESIS;;;6.76;6,76 €;850
7717;8210;ESTUCHE ISO-FORM BC-64;Solventum (3M);PRÓTESIS;;;6.76;6,76 €;850
7718;8211;ESTUCHE ISO-FORM BC-64;Solventum (3M);PRÓTESIS;;;6.76;6,76 €;850
7719;8212;ESTUCHE ISO-FORM BC-64;Solventum (3M);PRÓTESIS;;;6.76;6,76 €;850
7720;8213;ESTUCHE ISO-FORM BC-64;Solventum (3M);PRÓTESIS;;;6.76;6,76 €;850
7721;8214;ESTUCHE ISO-FORM BC-64;Solventum (3M);PRÓTESIS;;;6.76;6,76 €;850
7722;8216;ESTUCHE ISO-FORM BC-64;Solventum (3M);PRÓTESIS;;;6.76;6,76 €;850
7723;8218;ESTUCHE ISO-FORM BC-64;Solventum (3M);PRÓTESIS;;;6.76;6,76 €;850
7724;8219;ESTUCHE ISO-FORM BC-64;Solventum (3M);PRÓTESIS;;;6.76;6,76 €;850
7725;8220;ESTUCHE ISO-FORM BC-64;Solventum (3M);PRÓTESIS;;;6.76;6,76 €;850
7726;8221;ESTUCHE ISO-FORM BC-64;Solventum (3M);PRÓTESIS;;;6.76;6,76 €;850
7727;99109;ESTUCHE ISO-FORM BC-64;Solventum (3M);PRÓTESIS;U-48;;318.75;318,75 €;850
7728;99110;ESTUCHE ISO-FORM BC-64;Solventum (3M);PRÓTESIS;L-48;;318.75;318,75 €;850
7729;99111;ESTUCHE ISO-FORM BC-64;Solventum (3M);PRÓTESIS;U-58;;318.75;318,75 €;850
7730;99112;ESTUCHE ISO-FORM BC-64;Solventum (3M);PRÓTESIS;U-65;;318.75;318,75 €;850
7731;99113;ESTUCHE ISO-FORM BC-64;Solventum (3M);PRÓTESIS;U-63;;318.75;318,75 €;850
7732;99114;ESTUCHE ISO-FORM BC-64;Solventum (3M);PRÓTESIS;U-61;Caja con 64 coronas Aleación de estaño;318.75;318,75 €;850
7733;99115;ESTUCHE ISO-FORM BC-64;Solventum (3M);PRÓTESIS;U-79;Caja con 64 coronas Aleación de estaño;318.75;318,75 €;850
7734;99116;ESTUCHE ISO-FORM BC-64;Solventum (3M);PRÓTESIS;U-71;Caja con 64 coronas Aleación de estaño;318.75;318,75 €;850
7735;99117;REFERENCIA SUPERIORES;;PRÓTESIS;U-60;;318.75;318,75 €;850
7736;99118;REFERENCIA SUPERIORES;;PRÓTESIS;U-64;;318.75;318,75 €;850
7737;99119;REFERENCIA SUPERIORES;;PRÓTESIS;U-66;;318.75;318,75 €;850
7738;99120;ESTUCHE ISO-FORM BC-64;Solventum (3M);PRÓTESIS;U-68;Caja con 64 coronas Aleación de estaño;318.75;318,75 €;850
7739;99121;ESTUCHE ISO-FORM BC-64;Solventum (3M);PRÓTESIS;U-70;Caja con 64 coronas Aleación de estaño;318.75;318,75 €;850
7740;99122;ESTUCHE ISO-FORM BC-64;Solventum (3M);PRÓTESIS;U-78;Caja con 64 coronas Aleación de estaño;318.75;318,75 €;850
7741;99123;ESTUCHE ISO-FORM BC-64;Solventum (3M);PRÓTESIS;L-69;Caja con 64 coronas Aleación de estaño;318.75;318,75 €;850
7742;99124;ESTUCHE ISO-FORM BC-64;Solventum (3M);PRÓTESIS;L-67;Caja con 64 coronas Aleación de estaño;318.75;318,75 €;850
7743;99125;ESTUCHE ISO-FORM BC-64;Solventum (3M);PRÓTESIS;L-65;Caja con 64 coronas Aleación de estaño;318.75;318,75 €;850
7744;99126;ESTUCHE ISO-FORM BC-64;Solventum (3M);PRÓTESIS;L-79;Caja con 64 coronas Aleación de estaño;318.75;318,75 €;850
7745;99127;ESTUCHE ISO-FORM BC-64;Solventum (3M);PRÓTESIS;L-68;Caja con 64 coronas Aleación de estaño;318.75;318,75 €;850
7746;99128;ESTUCHE ISO-FORM BC-64;Solventum (3M);PRÓTESIS;L-78;Caja con 64 coronas Aleación de estaño;318.75;318,75 €;850
7747;99129;ESTUCHE ISO-FORM BC-64;Solventum (3M);PRÓTESIS;U-59;Caja con 64 coronas Aleación de estaño;318.75;318,75 €;850
7748;99130;ESTUCHE ISO-FORM BC-64;Solventum (3M);PRÓTESIS;U-51;Caja con 64 coronas Aleación de estaño;318.75;318,75 €;850
7749;99131;ESTUCHE ISO-FORM BC-64;Solventum (3M);PRÓTESIS;U-72;Caja con 64 coronas Aleación de estaño;318.75;318,75 €;850
7750;99132;ESTUCHE ISO-FORM BC-64;Solventum (3M);PRÓTESIS;U-74;;318.75;318,75 €;850
7751;99133;ESTUCHE ISO-FORM BC-64;Solventum (3M);PRÓTESIS;U-73;;318.75;318,75 €;850
7752;99134;ESTUCHE ISO-FORM BC-64;Solventum (3M);PRÓTESIS;U-76;;318.75;318,75 €;850
7753;99135;ESTUCHE ISO-FORM BC-64;Solventum (3M);PRÓTESIS;U-75;;318.75;318,75 €;850
7754;99136;ESTUCHE ISO-FORM BC-64;Solventum (3M);PRÓTESIS;U-62;;318.75;318,75 €;850
7755;99137;ESTUCHE ISO-FORM BC-64;Solventum (3M);PRÓTESIS;L-64;;318.75;318,75 €;850
7756;99138;ESTUCHE ISO-FORM BC-64;Solventum (3M);PRÓTESIS;U-77;;318.75;318,75 €;850
7757;99139;ESTUCHE ISO-FORM BC-64;Solventum (3M);PRÓTESIS;L-63;;318.75;318,75 €;850
7758;99140;REFERENCIA INFERIORES;;PRÓTESIS;L-60;;318.75;318,75 €;850
7759;99141;REFERENCIA INFERIORES;;PRÓTESIS;L-61;;318.75;318,75 €;850
7760;99142;ESTUCHE ISO-FORM BC-64;Solventum (3M);PRÓTESIS;L-66;;318.75;318,75 €;850
7761;99143;ESTUCHE ISO-FORM BC-64;Solventum (3M);PRÓTESIS;L-77;;318.75;318,75 €;850
7762;99144;ESTUCHE ISO-FORM BC-64;Solventum (3M);PRÓTESIS;L-75;;318.75;318,75 €;850
7763;99145;ESTUCHE ISO-FORM BC-64;Solventum (3M);PRÓTESIS;L-73;;318.75;318,75 €;850
7764;99146;ESTUCHE ISO-FORM BC-64;Solventum (3M);PRÓTESIS;L-71;;318.75;318,75 €;850
7765;99147;ESTUCHE ISO-FORM BC-64;Solventum (3M);PRÓTESIS;L-72;;318.75;318,75 €;850
7766;99148;ESTUCHE ISO-FORM BC-64;Solventum (3M);PRÓTESIS;L-74;;318.75;318,75 €;850
7767;99149;ESTUCHE ISO-FORM BC-64;Solventum (3M);PRÓTESIS;L-76;;318.75;318,75 €;850
7768;99150;ESTUCHE ISO-FORM BC-64;Solventum (3M);PRÓTESIS;U-47;;318.75;318,75 €;850
7769;99151;ESTUCHE ISO-FORM BC-64;Solventum (3M);PRÓTESIS;U-45;;318.75;318,75 €;850
7770;99152;ESTUCHE ISO-FORM BC-64;Solventum (3M);PRÓTESIS;U-43;;318.75;318,75 €;850
7771;99153;ESTUCHE ISO-FORM BC-64;Solventum (3M);PRÓTESIS;U-42;;318.75;318,75 €;850
7772;99154;ESTUCHE ISO-FORM BC-64;Solventum (3M);PRÓTESIS;U-44;;318.75;318,75 €;850
7773;99155;ESTUCHE ISO-FORM BC-64;Solventum (3M);PRÓTESIS;U-46;;318.75;318,75 €;850
7774;99156;ESTUCHE ISO-FORM BC-64;Solventum (3M);PRÓTESIS;U-57;;318.75;318,75 €;850
7775;99157;ESTUCHE ISO-FORM BC-64;Solventum (3M);PRÓTESIS;U-55;;318.75;318,75 €;850
7776;99158;ESTUCHE ISO-FORM BC-64;Solventum (3M);PRÓTESIS;U-53;;318.75;318,75 €;850
7777;99159;ESTUCHE ISO-FORM BC-64;Solventum (3M);PRÓTESIS;U-54;;318.75;318,75 €;850
7778;99160;ESTUCHE ISO-FORM BC-64;Solventum (3M);PRÓTESIS;U-56;;318.75;318,75 €;850
7779;99161;ESTUCHE ISO-FORM BC-64;Solventum (3M);PRÓTESIS;L-47;;318.75;318,75 €;850
7780;99162;ESTUCHE ISO-FORM BC-64;Solventum (3M);PRÓTESIS;L-45;;318.75;318,75 €;850
7781;99164;ESTUCHE ISO-FORM BC-64;Solventum (3M);PRÓTESIS;L-43;;318.75;318,75 €;850
7782;99165;ESTUCHE ISO-FORM BC-64;Solventum (3M);PRÓTESIS;L-42;;318.75;318,75 €;850
7783;99166;ESTUCHE ISO-FORM BC-64;Solventum (3M);PRÓTESIS;L-44;;318.75;318,75 €;850
7784;99167;ESTUCHE ISO-FORM BC-64;Solventum (3M);PRÓTESIS;L-46;;318.75;318,75 €;850
7785;99168;ESTUCHE ISO-FORM BC-64;Solventum (3M);PRÓTESIS;L-57;;318.75;318,75 €;850
7786;99169;ESTUCHE ISO-FORM BC-64;Solventum (3M);PRÓTESIS;L-55;;318.75;318,75 €;850
7787;99170;ESTUCHE ISO-FORM BC-64;Solventum (3M);PRÓTESIS;L-53;;318.75;318,75 €;850
7788;99171;ESTUCHE ISO-FORM BC-64;Solventum (3M);PRÓTESIS;L-52;;318.75;318,75 €;850
7789;99172;ESTUCHE ISO-FORM BC-64;Solventum (3M);PRÓTESIS;L-54;;318.75;318,75 €;850
7790;99173;ESTUCHE ISO-FORM BC-64;Solventum (3M);PRÓTESIS;L-56;;318.75;318,75 €;850
7791;99174;ESTUCHE ISO-FORM BC-64;Solventum (3M);PRÓTESIS;L-59;;318.75;318,75 €;850
7792;99175;ESTUCHE ISO-FORM BC-64;Solventum (3M);PRÓTESIS;L-62;;318.75;318,75 €;850
7793;99176;ESTUCHE ISO-FORM BC-64;Solventum (3M);PRÓTESIS;U-67;;318.75;318,75 €;850
7794;99177;ESTUCHE ISO-FORM BC-64;Solventum (3M);PRÓTESIS;U-69;;318.75;318,75 €;850
7795;99498;Produto Dentário;;PRÓTESIS;L-51;;318.75;318,75 €;850
7796;99499;Produto Dentário;;PRÓTESIS;L-41;;318.75;318,75 €;850
7797;99600;Produto Dentário;;PRÓTESIS;L-50;;318.75;318,75 €;850
7798;99651;REFERENCIA INFERIORES Nº;;PRÓTESIS;L-40;;318.75;318,75 €;850
7799;99666;REFERENCIA SUPERIORES;;PRÓTESIS;U-40;;318.75;318,75 €;850
7800;99667;REFERENCIA SUPERIORES;;PRÓTESIS;U-41;;318.75;318,75 €;850
7801;99668;REFERENCIA SUPERIORES;;PRÓTESIS;U-52;;318.75;318,75 €;850
7802;69400;RESINA PARA CORONAS Y PUENTES C&B;Proclinic;PRÓTESIS;Resina C&B color A2;1 cartucho x 50 ml. + 10 puntas;102.71;102,71 €;851
7803;69401;RESINA PARA CORONAS Y PUENTES C&B;Proclinic;PRÓTESIS;Resina C&B color A3;1 cartucho x 50 ml. + 10 puntas;102.71;102,71 €;851
7804;69404;RESINA PARA CORONAS Y PUENTES C&B;Proclinic;PRÓTESIS;Resina C&B color A1;1 cartucho x 50 ml. + 10 puntas;102.71;102,71 €;851
7805;32112;STRUCTUR PREMIUM;Voco;PRÓTESIS;A3.5;Cartucho 75 gr. +;149.8;149,80 €;852
7806;4840;y puentes provisionales STRUCTUR 2 SC;Voco;PRÓTESIS;A2;1 cartucho de 50 ml. + puntas de mezcla;133.2;133,20 €;852
7807;4845;STRUCTUR PREMIUM;Voco;PRÓTESIS;A2;Cartucho 75 gr. +;149.8;149,80 €;852
7808;4846;STRUCTUR PREMIUM;Voco;PRÓTESIS;A3;Cartucho 75 gr. +;149.8;149,80 €;852
7809;48771;y puentes provisionales STRUCTUR 2 SC;Voco;PRÓTESIS;50 puntas de mezcla;1 cartucho de 50 ml. + puntas de mezcla;58.1;58,10 €;852
7810;4878;y puentes provisionales STRUCTUR 2 SC;Voco;PRÓTESIS;Kit A3;1 cartucho de 50 ml. + pistola + puntas de mezcla.;227.8;227,80 €;852
7811;4879;y puentes provisionales STRUCTUR 2 SC;Voco;PRÓTESIS;A3;1 cartucho de 50 ml. + puntas de mezcla;133.2;133,20 €;852
7812;49075;y puentes provisionales STRUCTUR 2 SC;Voco;PRÓTESIS;A1;1 cartucho de 50 ml. + puntas de mezcla;133.2;133,20 €;852
7813;49080;STRUCTUR 3;Voco;PRÓTESIS;Kit A2;1 cartucho de 50 ml. + + puntas de mezcla;238.4;238,40 €;852
7814;49082;STRUCTUR 3;Voco;PRÓTESIS;A2;1 cartucho de 50 ml. +;143.6;143,60 €;852
7815;49083;STRUCTUR 3;Voco;PRÓTESIS;A3;1 cartucho de 50 ml. +;143.6;143,60 €;852
7816;49084;STRUCTUR 3;Voco;PRÓTESIS;A1;1 cartucho de 50 ml. +;143.6;143,60 €;852
7817;55091;y puentes provisionales STRUCTUR 2 SC;Voco;PRÓTESIS;A3.5;1 cartucho de 50 ml. + puntas de mezcla;133.2;133,20 €;852
7818;55104;y puentes provisionales STRUCTUR 2 SC;Voco;PRÓTESIS;BL;1 cartucho de 50 ml. + puntas de mezcla;133.2;133,20 €;852
7819;55105;y puentes provisionales STRUCTUR 2 SC;Voco;PRÓTESIS;B1;1 cartucho de 50 ml. + puntas de mezcla;133.2;133,20 €;852
7820;55106;STRUCTUR 3;Voco;PRÓTESIS;A3.5;1 cartucho de 50 ml. +;143.6;143,60 €;852
7821;69402;CON RESINA CORONAS Y PUENTES;Bestdent;PRÓTESIS;A2;Cartucho de 75 gr.;94.33;94,33 €;852
7822;69403;CON RESINA CORONAS Y PUENTES;Bestdent;PRÓTESIS;A3;Cartucho de 75 gr.;94.33;94,33 €;852
7823;69405;CON RESINA CORONAS Y PUENTES;Bestdent;PRÓTESIS;A1;Cartucho de 75 gr.;94.33;94,33 €;852
7824;96810;y puentes provisionales STRUCTUR 2 SC;Voco;PRÓTESIS;Pistola dispensadora;1 cartucho de 50 ml. + puntas de mezcla;114.65;114,65 €;852
7825;96839;STRUCTUR PREMIUM;Voco;PRÓTESIS;A1;Cartucho 75 gr. +;149.8;149,80 €;852
7826;99714;y puentes provisionales STRUCTUR 2 SC;Voco;PRÓTESIS;C2;1 cartucho de 50 ml. + puntas de mezcla;133.2;133,20 €;852
7827;24191;PREVISION TEMP;Kulzer;PRÓTESIS;A2;1 cartucho de 50;145.4;145,40 €;853
7828;24192;PREVISION TEMP;Kulzer;PRÓTESIS;A3;1 cartucho de 50;145.4;145,40 €;853
7829;3945;PROTEMP 4;Solventum (3M);PRÓTESIS;Intro Kit A2;1 cartucho de 50 ml. A2 + 16 puntas de mezcla (10:1) + Pistola Protemp 4 (10:1);195.94;195,94 €;853
7830;3946;PROTEMP 4;Solventum (3M);PRÓTESIS;A1;1 cartucho de 50 ml. A2 + 16 puntas de mezcla (10:1);123.13;123,13 €;853
7831;3947;PROTEMP 4;Solventum (3M);PRÓTESIS;A2;1 cartucho de 50 ml. A2 + 16 puntas de mezcla (10:1);123.13;123,13 €;853
7832;3948;PROTEMP 4;Solventum (3M);PRÓTESIS;B3;1 cartucho de 50 ml. A2 + 16 puntas de mezcla (10:1);123.13;123,13 €;853
7833;3949;PROTEMP 4;Solventum (3M);PRÓTESIS;Extra-Blanco;1 cartucho de 50 ml. A2 + 16 puntas de mezcla (10:1);123.13;123,13 €;853
7834;4464;KDM CROWN 76 COLOR;KDM;PRÓTESIS;A2;1 cartucho x 75;119.65;119,65 €;853
7835;44700;KDM CROWN 76 COLOR;KDM;PRÓTESIS;Puntas de mezcla 50 uds.;1 cartucho x 75;71.9;71,90 €;853
7836;4471;KDM CROWN 76 COLOR;KDM;PRÓTESIS;A3;1 cartucho x 75;119.65;119,65 €;853
7837;45189;PROTEMP 4;Solventum (3M);PRÓTESIS;Pistola Protemp 4 (10:1);1 cartucho de 50 ml. A2 + 16 puntas de mezcla (10:1);109.06;109,06 €;853
7838;4585;PROTEMP 4;Solventum (3M);PRÓTESIS;50 puntas de mezcla (10:1);1 cartucho de 50 ml. A2 + 16 puntas de mezcla (10:1);55.71;55,71 €;853
7839;56991;LUXATEMP AUTOMIX PLUS;DMG;PRÓTESIS;A3.5;Cartucho 76 gr. + 15 cánulas;134.28;134,28 €;853
7840;70105;LUXATEMP FLUORESCENCE;DMG;PRÓTESIS;A3.5;Cartucho 76 gr.+;143.86;143,86 €;853
7841;74039;LUXATEMP AUTOMIX PLUS;DMG;PRÓTESIS;A2;Cartucho 76 gr. + 15 cánulas;134.28;134,28 €;853
7842;7499;PROTEMP 4;Solventum (3M);PRÓTESIS;A3;1 cartucho de 50 ml. A2 + 16 puntas de mezcla (10:1);123.13;123,13 €;853
7843;74990;PROTEMP 4;Solventum (3M);PRÓTESIS;A3,5;1 cartucho de 50 ml. A2 + 16 puntas de mezcla (10:1);123.13;123,13 €;853
7844;7654;LUXATEMP FLUORESCENCE;DMG;PRÓTESIS;A2;Cartucho 76 gr.+;145.4;145,40 €;853
7845;96906;LUXATEMP FLUORESCENCE;DMG;PRÓTESIS;A3;Cartucho 76 gr.+;143.86;143,86 €;853
7846;98978;LUXATEMP FLUORESCENCE;DMG;PRÓTESIS;A1;Cartucho 76 gr.+;145.4;145,40 €;853
7847;0316;TAB 2000;Kerr;PRÓTESIS;Color claro;50 gr. polvo un aspecto elástico que permite la fácil;43.39;43,39 €;854
7848;39991;CORONAS PROTEMP A2;Solventum (3M);PRÓTESIS;Molar superior grande;5 uds.;50.33;50,33 €;854
7849;39992;CORONAS PROTEMP A2;Solventum (3M);PRÓTESIS;Molar superior pequeño;5 uds.;50.33;50,33 €;854
7850;39993;CORONAS PROTEMP A2;Solventum (3M);PRÓTESIS;Molar inferior grande;5 uds.;50.33;50,33 €;854
7851;39994;CORONAS PROTEMP A2;Solventum (3M);PRÓTESIS;Molar inferior pequeño;5 uds.;50.33;50,33 €;854
7852;39995;CORONAS PROTEMP A2;Solventum (3M);PRÓTESIS;Molar bicúspide superior grande;5 uds.;50.33;50,33 €;854
7853;39996;CORONAS PROTEMP A2;Solventum (3M);PRÓTESIS;Molar bicúspide superior pequeño;5 uds.;50.33;50,33 €;854
7854;39997;CORONAS PROTEMP A2;Solventum (3M);PRÓTESIS;Molar bicúspide inferior;5 uds.;50.33;50,33 €;854
7855;39998;CORONAS PROTEMP A2;Solventum (3M);PRÓTESIS;Molar cúspide grande;5 uds.;50.33;50,33 €;854
7856;39999;CORONAS PROTEMP A2;Solventum (3M);PRÓTESIS;Molar cúspide pequeño;5 uds.;50.33;50,33 €;854
7857;40001;CORONAS PROTEMP A2;Solventum (3M);PRÓTESIS;;Estuche 16 coronas + 10 medidores;155.25;155,25 €;854
7858;4638;REVOTEK LC;GC;PRÓTESIS;;Barra 16 gr. + espátula. Listo para su uso. Sin preimpresión. No pegajoso. Fotocurable. Barra para 30 coronas.;98.9;98,90 €;854
7859;56043;PHOENIX;Elsodent;PRÓTESIS;A2;50 ml. + 10 puntas;119.07;119,07 €;854
7860;56044;PHOENIX;Elsodent;PRÓTESIS;A3;50 ml. + 10 puntas;119.07;119,07 €;854
7861;70371;TEMPSMART DC CARTUCHO;GC;PRÓTESIS;A2;1 cartucho de 48;126.85;126,85 €;854
7862;70372;TEMPSMART DC CARTUCHO;GC;PRÓTESIS;A3;1 cartucho de 48;126.85;126,85 €;854
7863;46481;UNIFAST III;GC;PRÓTESIS;Dentina A2, A3 de 35 gr.;Resina acrílica autopolimerizables de larga duración. Incorpora la tecnología samiento de polímerosnueva y revolucionaria.;125.15;125,15 €;856
7864;46482;RESINA BLANCA C&B;Sintodent;PRÓTESIS;Polvo 35 gr. A2;;41.8;41,80 €;856
7865;46483;RESINA BLANCA C&B;Sintodent;PRÓTESIS;Polvo 35 gr. A3;;41.8;41,80 €;856
7866;46484;RESINA BLANCA C&B;Sintodent;PRÓTESIS;Líquido 42 ml.;El kit contiene:;33.51;33,51 €;856
7867;59459;RESINA BLANCA C&B;Sintodent;PRÓTESIS;Polvo 100 gr. B2;Resina acrílica autopolimerizables de larga duración. Incorpora la tecnología samiento de polímerosnueva y revolucionaria.;94.4;94,40 €;856
7868;70034;UNIFAST TRAD;G.C.;PRÓTESIS;Líquido. 250 ml.;;83.1;83,10 €;856
7869;70035;UNIFAST TRAD;G.C.;PRÓTESIS;Polvo. 250 gr.;;153.4;153,40 €;856
7870;7660;TEMPORARY COLD KIT;Major;PRÓTESIS;;El kit contiene:;149.1;149,10 €;856
7871;83192;RESINA BLANCA C&B;Sintodent;PRÓTESIS;Sintodent resina blanca C&B Kit:;;44.73;44,73 €;856
7872;83193;RESINA BLANCA C&B;Sintodent;PRÓTESIS;Sintodent monómero C&B (125;;44.73;44,73 €;856
7873;83212;UNIFAST TRAD;G.C.;PRÓTESIS;Sintodent Resina C&B A1 (100 gr.);;44.73;44,73 €;856
7874;83213;UNIFAST TRAD;G.C.;PRÓTESIS;Sintodent Resina C&B A2 (100 gr.);;44.73;44,73 €;856
7875;83214;UNIFAST TRAD;G.C.;PRÓTESIS;Sintodent Resina C&B A3 (100 gr.);;44.73;44,73 €;856
7876;83215;UNIFAST TRAD;G.C.;PRÓTESIS;Sintodent Resina C&B A3,5 (100 gr.);;44.73;44,73 €;856
7877;83216;RESINA BLANCA C&B;Sintodent;PRÓTESIS;Sintodent Resina C&B B3 (100 gr.);;44.73;44,73 €;856
7878;83217;RESINA BLANCA C&B;Sintodent;PRÓTESIS;Sintodent Resina C&B B4 (100 gr.);;44.73;44,73 €;856
7879;83218;RESINA BLANCA C&B;Sintodent;PRÓTESIS;Sintodent Resina C&B C2 (100 gr.);;44.73;44,73 €;856
7880;83219;RESINA BLANCA C&B;Sintodent;PRÓTESIS;Sintodent Resina C&B D3 (100 gr.);;44.73;44,73 €;856
7881;83223;RESINA BLANCA C&B;Sintodent;PRÓTESIS;Sintodent Resina C&B;;113.45;113,45 €;856
7882;8384;RESINA BLANCA C&B;Sintodent;PRÓTESIS;Polvo 35 gr. A1;;41.8;41,80 €;856
7883;8385;RESINA BLANCA C&B;Sintodent;PRÓTESIS;Polvo 35 gr. Incisal;;41.8;41,80 €;856
7884;8390;UNIFAST TRAD;G.C.;PRÓTESIS;Ivory polvo. 100 gr.;;80.4;80,40 €;856
7885;8391;UNIFAST TRAD;G.C.;PRÓTESIS;Líquido. 100 ml.;;47.75;47,75 €;856
7886;8552;RESINA BLANCA C&B;Sintodent;PRÓTESIS;Polvo 100 gr. A3,5;Resina acrílica autopolimerizables de larga duración. Incorpora la tecnología samiento de polímerosnueva y revolucionaria.;94.4;94,40 €;856
7887;8562;UNIFAST TRAD;G.C.;PRÓTESIS;Pink polvo. 100 gr.;;80.4;80,40 €;856
7888;96991;RESINA BLANCA C&B;Sintodent;PRÓTESIS;;El kit contiene:;125.15;125,15 €;856
7889;98470;RESINA BLANCA C&B;Sintodent;PRÓTESIS;Polvo 35 gr. nº3 Rosa;;41.8;41,80 €;856
7890;98996;RESINA BLANCA C&B;Sintodent;PRÓTESIS;Polvo 100 gr. A2;Resina acrílica autopolimerizables de larga duración. Incorpora la tecnología samiento de polímerosnueva y revolucionaria.;94.4;94,40 €;856
7891;98997;RESINA BLANCA C&B;Sintodent;PRÓTESIS;Polvo 100 gr. A3;Resina acrílica autopolimerizables de larga duración. Incorpora la tecnología samiento de polímerosnueva y revolucionaria.;94.4;94,40 €;856
7892;98998;RESINA BLANCA C&B;Sintodent;PRÓTESIS;Polvo 300 gr. A2;Resina acrílica autopolimerizables de larga duración. Incorpora la tecnología samiento de polímerosnueva y revolucionaria.;207.7;207,70 €;856
7893;98999;RESINA BLANCA C&B;Sintodent;PRÓTESIS;Polvo 300 gr. A3;Resina acrílica autopolimerizables de larga duración. Incorpora la tecnología samiento de polímerosnueva y revolucionaria.;207.7;207,70 €;856
7894;99000;RESINA BLANCA C&B;Sintodent;PRÓTESIS;Líquido 104 ml.;El kit contiene:;69.0;69,00 €;856
7895;99606;RESINA BLANCA C&B;Sintodent;PRÓTESIS;Polvo 100 gr. A1;;94.4;94,40 €;856
7896;99965;RESINA BLANCA C&B;Sintodent;PRÓTESIS;Polvo 35 gr. A3,5;;41.8;41,80 €;856
7897;H0017;CON LIGHT KIT 3 X 3 GR;Kuss Dental;PRÓTESIS;Amarillo fluorescente;Material fotopolimerizable Estética asombrosa y altos para la modelación universal en boca. 15 cánulas de mezcla) nente, resulta superior a otros materiales nentes de polvo y liquido.;110.16;110,16 €;857
7898;H5505;NEW OUTLINE LIQUIDO;Anaxdent;PRÓTESIS;;El líquido para trabajar en frío el polvo New;409.72;409,72 €;857
7899;H5509;NEW OUTLINE DENTIN;Anaxdent;PRÓTESIS;White I00 gr.;El líquido para trabajar en frío el polvo New;93.03;93,03 €;857
7900;H5511;NEW OUTLINE DENTIN;Anaxdent;PRÓTESIS;A1 I00 gr.;El líquido para trabajar en frío el polvo New;93.03;93,03 €;857
7901;H5513;NEW OUTLINE DENTIN;Anaxdent;PRÓTESIS;A2 I00 gr.;El líquido para trabajar en frío el polvo New;93.03;93,03 €;857
7902;H5515;NEW OUTLINE DENTIN;Anaxdent;PRÓTESIS;A3 I00 gr.;El líquido para trabajar en frío el polvo New;93.03;93,03 €;857
7903;H5557;NEW OUTLINE DENTIN;Anaxdent;PRÓTESIS;High value (Blanquecino);El líquido para trabajar en frío el polvo New;93.03;93,03 €;857
7904;H5559;NEW OUTLINE DENTIN;Anaxdent;PRÓTESIS;Medium value (Universal);El líquido para trabajar en frío el polvo New;409.72;409,72 €;857
7905;H5563;NEW OUTLINE LIQUIDO;Anaxdent;PRÓTESIS;100 ml.;El líquido para trabajar en frío el polvo New;93.03;93,03 €;857
7906;H5565;NEW OUTLINE LIQUIDO;Anaxdent;PRÓTESIS;250 ml.;El líquido para trabajar en frío el polvo New;168.77;168,77 €;857
7907;H5567;NEW OUTLINE LIQUIDO;Anaxdent;PRÓTESIS;500 ml.;El líquido para trabajar en frío el polvo New;278.82;278,82 €;857
7908;H5569;NEW OUTLINE LIQUIDO;Anaxdent;PRÓTESIS;1000 ml.;El líquido para trabajar en frío el polvo New;93.03;93,03 €;857
7909;H5625;VISCO III 76G;Anaxdent;PRÓTESIS;Bleach;bis-acrílico para restauraciones Ideal para rebasar piezas hechas en el temperatura de trabajo protege el diente.;110.16;110,16 €;857
7910;H5627;VISCO III 76G;Anaxdent;PRÓTESIS;A1;bis-acrílico para restauraciones Ideal para rebasar piezas hechas en el temperatura de trabajo protege el diente.;110.16;110,16 €;857
7911;H5629;VISCO III 76G;Anaxdent;PRÓTESIS;A2;bis-acrílico para restauraciones Ideal para rebasar piezas hechas en el temperatura de trabajo protege el diente.;110.16;110,16 €;857
7912;H5630;VISCO III 76G;Anaxdent;PRÓTESIS;A3;bis-acrílico para restauraciones Ideal para rebasar piezas hechas en el temperatura de trabajo protege el diente.;110.16;110,16 €;857
7913;25800;QUICK UP;Voco;PRÓTESIS;;Quic k Up Set: 7,5 gr.Quick Up + 4 ml. adhesivo 2 gr. Quick Up;212.7;212,70 €;858
7914;25801;REPOSICIÓN QUICK UP JERINGA;Voco;PRÓTESIS;;1 jeringa de 7,5 idóneo para pegar attachments o Quick Up se aplica en el consul-;76.0;76,00 €;858
7915;H00225;DISPENSER D2;Zhermack;PRÓTESIS;;Pistola dispensadora de 50 ml.;94.56;94,56 €;858
7916;H02707;POLÍMERO ORTHOCRYL;Dentaurum;PRÓTESIS;1 Kg.;Transparente. Acrílico para construcción en técnica de rociado;94.56;94,56 €;858
7917;H02721;MONÓMERO ORTHOCRYL;Dentaurum;PRÓTESIS;Transparente. 500 ml.;Transparente. Autopolimerizable con amplio margen de elaboración para fácil construcción de placas ortodónticas. autopolimerizable;31.2;31,20 €;858
7918;H02722;MONÓMERO ORTHOCRYL;Dentaurum;PRÓTESIS;Transparente. 1 l.;Transparente. Autopolimerizable con amplio margen de elaboración para fácil construcción de placas ortodónticas. autopolimerizable;48.47;48,47 €;858
7919;H02729;MONÓMERO ORTHOCRYL;Dentaurum;PRÓTESIS;Rosa. Transparente. 500 ml.;Transparente. Autopolimerizable con amplio margen de elaboración para fácil construcción de placas ortodónticas. autopolimerizable;119.66;119,66 €;858
7920;H101493;ACRIFIX;Kuss Dental;PRÓTESIS;KIT color Rosa 3 jeringas;Resina antialergica fotopolimerizable, libre de metacrilato de metilo para laboratorio y clínica. QM Endurece mediante lámparas de luz entre 360 y 420 nm. Se pude repasar con facilidad y deja un acabado muy brillante. g + accesorios.;76.0;76,00 €;858
7921;H101494;ACRIFIX;Kuss Dental;PRÓTESIS;Jeringa Rosa 3 gr.;Resina antialergica fotopolimerizable, libre de metacrilato de metilo para laboratorio y clínica. QM Endurece mediante lámparas de luz entre 360 y 420 nm. Se pude repasar con facilidad y deja un acabado muy brillante. g + accesorios.;32.28;32,28 €;858
7922;H101495;ACRIFIX;Kuss Dental;PRÓTESIS;Jeringa A3 3 gr.;Resina antialergica fotopolimerizable, libre de metacrilato de metilo para laboratorio y clínica. QM Endurece mediante lámparas de luz entre 360 y 420 nm. Se pude repasar con facilidad y deja un acabado muy brillante. g + accesorios.;32.28;32,28 €;858
7923;H101497;ACRIFIX;Kuss Dental;PRÓTESIS;Bonding 5 ml.;Resina antialergica fotopolimerizable, libre de metacrilato de metilo para laboratorio y clínica. QM Endurece mediante lámparas de luz entre 360 y 420 nm. Se pude repasar con facilidad y deja un acabado muy brillante. g + accesorios.;18.2;18,20 €;858
7924;2172;DURALAY;Reliance;PRÓTESIS;Duralay estuche polvo rojo;Estuche 56 gr. polvo + 60 ml. líquido.;50.88;50,88 €;859
7925;4611;PATTERN RESIN LS;G.C.;PRÓTESIS;Kit;Kit: 100 gr polvo de mezcla + 1 cepillo;117.8;117,80 €;859
7926;6346;DURALAY;Reliance;PRÓTESIS;Reposición liquido;Estuche 56 gr. polvo + 60 ml. líquido.;23.88;23,88 €;859
7927;93416;DURALAY;Reliance;PRÓTESIS;Duralay estuche polvo clear;Estuche 56 gr. polvo + 60 ml. líquido.;50.88;50,88 €;859
7928;96929;DURALAY;Reliance;PRÓTESIS;Reposición polvo clear;Estuche 56 gr. polvo + 60 ml. líquido.;140.62;140,62 €;859
7929;H0015;KIERO BLOCK;Kuss Dental;PRÓTESIS;3 jeringas;;49.8;49,80 €;859
7930;H00551;PATTERN RESIN LS;G.C.;PRÓTESIS;Polvo 100 gr.;Kit: 100 gr polvo de mezcla + 1 cepillo;66.85;66,85 €;859
7931;H00554;PATTERN RESIN LS;G.C.;PRÓTESIS;Líquido 250 ml.;Kit: 100 gr polvo de mezcla + 1 cepillo;95.8;95,80 €;859
7932;H00556;PATTERN RESIN LS;G.C.;PRÓTESIS;Líquido 100 ml.;Kit: 100 gr polvo de mezcla + 1 cepillo;50.3;50,30 €;859
7933;H101478;DELTA-SPLINT;Kuss Dental;PRÓTESIS;Kit introducción compuesto;Composite fotopolimerizable cualquier tipo de férula (placa de descarga, luz entre 320 y 400 nm.;179.0;179,00 €;859
7934;H101479;DELTA-SPLINT;Kuss Dental;PRÓTESIS;12 barras de 9 gr. en cajas;Composite fotopolimerizable cualquier tipo de férula (placa de descarga, luz entre 320 y 400 nm.;140.62;140,62 €;859
7935;2703;VISCO-GEL;Dentsply;PRÓTESIS;;;41.72;41,72 €;860
7936;H0016;KIERO FORM KIT 3 X 3 GR;Kuss Dental;PRÓTESIS;;;61.8;61,80 €;860
7937;H00559;GC METAL PRIMER;GC;PRÓTESIS;;y cualquier tipo de;234.55;234,55 €;860
7938;H09018;KIERO LINK;Kiero;PRÓTESIS;KIT 1 opaquer rosa 10 g, 1 opaquer;Unión química entre;138.9;138,90 €;860
7939;H09019;KIERO LINK;Kiero;PRÓTESIS;KIT 1 opaquer rosa 10 g, 1 opaquer;Unión química entre;138.9;138,90 €;860
7940;H09020;KIERO LINK;Kiero;PRÓTESIS;Tubo Bonding 4g;Unión química entre;89.38;89,38 €;860
7941;H09021;KIERO LINK;Kiero;PRÓTESIS;Opaquer en polvo Rosa 10 g;Unión química entre;41.72;41,72 €;860
7942;H09022;KIERO LINK;Kiero;PRÓTESIS;Opaquer en polvo A3 10 g;Unión química entre;41.72;41,72 €;860
7943;H09023;KIERO LINK;Kiero;PRÓTESIS;Opaquer en polvo Rosa Oscuro;Unión química entre;41.72;41,72 €;860
7944;H09024;KIERO LINK;Kiero;PRÓTESIS;Opaquer en polvo Blanco 10;Unión química entre;41.72;41,72 €;860
7945;H09025;KIERO LINK;Kiero;PRÓTESIS;Líquido de Opaquer 10 ml;Unión química entre;47.45;47,45 €;860
7946;H44069;GC COMPOSITE PRIMER;GC;PRÓTESIS;;Adhesivo que reconstruye la capa de inhibición para obtener una unión segura entre composite y composite.;35.7;35,70 €;860
7947;0310;F.I.T.T.;Kerr;PRÓTESIS;Kit: 100 gr. polvo + 100 líquido;Rebasado provisional, acondicionador, impresiones funcionales.;132.2;132,20 €;861
7948;4622;COE-COMFORT;G.C.;PRÓTESIS;;Reacondicionador duros. Color blanco.170 + 177 ml. Líquido;175.75;175,75 €;861
7949;4649;SOFT-LINER;G.C.;PRÓTESIS;;Soft-Liner Kit;132.2;132,20 €;861
7950;8339;TISSUE CONDITIONER;G.C.;PRÓTESIS;Tissue conditioner kit rosa 1:1;Kit: 90 gr. polvo + 101 15 ml. Coating y accesorios.;153.1;153,10 €;861
7951;83399;TISSUE CONDITIONER;G.C.;PRÓTESIS;Tissue reposición polvo rosa;Kit: 90 gr. polvo + 101 15 ml. Coating y accesorios.;77.3;77,30 €;861
7952;96776;F.I.T.T.;Kerr;PRÓTESIS;Polvo 100 gr.;Rebasado provisional, acondicionador, impresiones funcionales.;60.85;60,85 €;861
7953;99608;F.I.T.T.;Kerr;PRÓTESIS;Líquido 100 ml.;Rebasado provisional, acondicionador, impresiones funcionales.;60.85;60,85 €;861
7954;41520;REBASE BLANDO PROCLINIC EXPERT;Proclinic Expert;PRÓTESIS;KIT. Cartucho 50 ml, adhesivo 5 ml.,;Rebase rápido en solo 1 sesión . Material permanentemente elástico y sin olores ni sabores. Tiempo 5’ en boca CARTUCHOS;170.99;170,99 €;862
7955;41521;REBASE BLANDO PROCLINIC EXPERT;Proclinic Expert;PRÓTESIS;Reposición cartucho 50 ml.;Rebase rápido en solo 1 sesión . Material permanentemente elástico y sin olores ni sabores. Tiempo 5’ en boca CARTUCHOS;93.93;93,93 €;862
7956;41524;REBASE BLANDO PROCLINIC EXPERT;Proclinic Expert;PRÓTESIS;Primer 5 ml. para cartuchos;Rebase rápido en solo 1 sesión . Material permanentemente elástico y sin olores ni sabores. Tiempo 5’ en boca CARTUCHOS;14.95;14,95 €;862
7957;78649;REBASE BLANDO PROCLINIC EXPERT;Proclinic Expert;PRÓTESIS;Puntas mezcla rosas 1:1 - 50 uds.;Rebase rápido en solo 1 sesión . Material permanentemente elástico y sin olores ni sabores. Tiempo 5’ en boca CARTUCHOS;40.15;40,15 €;862
7958;43640;KIT SOFRELINER TOUGH M;Tokuyama;PRÓTESIS;;1 Cartucho de 48 ml. + 1 adhesivo de 10 ml. + 10 puntas de mezcla de rebase blando permanente para prótesis completas y + accesorios de acabado y pulido.;261.58;261,58 €;864
7959;4859;UFI GEL P;Voco;PRÓTESIS;Tubo base 50 ml + tubo catalizador 50 ml., glazing;Rebase permanente conservando su consistencia;184.2;184,20 €;864
7960;48591;UFI GEL P;Voco;PRÓTESIS;Base 50 ml. + activador 50 ml.;Rebase permanente conservando su consistencia;133.3;133,30 €;864
7961;48594;UFI GEL SOFT SC SET;Voco;PRÓTESIS;Set;Cartucho 50 ml. +10 ml. Adhesivo 10 ml. x Glazing Base y Catalizador;234.0;234,00 €;864
7962;48595;UFI GEL SOFT SC SET;Voco;PRÓTESIS;Cartucho 50 ml.;Cartucho 50 ml. +10 ml. Adhesivo 10 ml. x Glazing Base y Catalizador;121.7;121,70 €;864
7963;48596;UFI GEL SOFT SC SET;Voco;PRÓTESIS;Adhesivo 10 ml.;Cartucho 50 ml. +10 ml. Adhesivo 10 ml. x Glazing Base y Catalizador;46.9;46,90 €;864
7964;49071;UFI GEL P;Voco;PRÓTESIS;Adhesivo 10 ml.;Rebase permanente conservando su consistencia;31.4;31,40 €;864
7965;49072;UFI GEL SOFT SC SET;Voco;PRÓTESIS;Punta de mezcla tipo 8 Ufi Gel SC / hard C.;Cartucho 50 ml. +10 ml. Adhesivo 10 ml. x Glazing Base y Catalizador;58.1;58,10 €;864
7966;49077;UFI GEL SOFT SC SET;Voco;PRÓTESIS;Glazing 2x10ml (Base/catalizador);Cartucho 50 ml. +10 ml. Adhesivo 10 ml. x Glazing Base y Catalizador;46.9;46,90 €;864
7967;46011;RELINE II SOFT INTRO;G.C.;PRÓTESIS;Soft intro kit;Estuche 1 Cartucho x 62 gr. + 6 puntas + 12 gr. Primer R + Modificador A+B;313.05;313,05 €;865
7968;46012;RELINE II EXTRA-SOFT INTRO;G.C.;PRÓTESIS;Reline II Extra soft intro;Rebase blando y elástico no definitivo. 1 Cartucho de 56 gr.;313.05;313,05 €;865
7969;46013;RELINE II SOFT INTRO;G.C.;PRÓTESIS;Reline II Soft cartucho 48ml;Estuche 1 Cartucho x 62 gr. + 6 puntas + 12 gr. Primer R + Modificador A+B;84.15;84,15 €;865
7970;46014;RELINE II EXTRA-SOFT INTRO;G.C.;PRÓTESIS;Reline II Extra soft cartucho 48 ml;Rebase blando y elástico no definitivo. 1 Cartucho de 56 gr.;84.15;84,15 €;865
7971;46015;RELINE II EXTRA-SOFT INTRO;G.C.;PRÓTESIS;;Rebase blando y elástico no definitivo. 1 Cartucho de 56 gr.;113.1;113,10 €;865
7972;5807;MOLLOSIL PLUS;Detax;PRÓTESIS;Kit: 1 cartucho 50 ml + 5 ml Iniciador;;254.64;254,64 €;865
7973;8399;COE SOFT INTRO;GC;PRÓTESIS;;170 gr. polvo + 177 ml. líquido + accesorios;170.3;170,30 €;865
7974;96946;MOLLOSIL PLUS;Detax;PRÓTESIS;1 cartucho 50 ml.;Rebase blando y elástico no definitivo. 1 Cartucho de 56 gr.;153.69;153,69 €;865
7975;16549;SILAGUM COMFORT;DMG;PRÓTESIS;Silagum Comfort. cartucho 25;;41.13;41,13 €;866
7976;35521;UFI GEL HARD;Voco;PRÓTESIS;Adhesivo 10;;34.7;34,70 €;866
7977;43695;TOKUYAMA REBASE II;Tokuyama;PRÓTESIS;;80 gr. polvo + + 48 gr. resina;178.89;178,89 €;866
7978;4608;RELINE;G.C.;PRÓTESIS;;Material duro definitivo. 80 gr. polvo + 50 ml.;197.05;197,05 €;866
7979;48592;UFI GEL HARD;Voco;PRÓTESIS;Set Cartucho;;41.13;41,13 €;866
7980;48593;UFI GEL HARD;Voco;PRÓTESIS;Cartucho 80;;160.1;160,10 €;866
7981;49070;UFI GEL HARD;Voco;PRÓTESIS;Polvo 60 gr.;;156.0;156,00 €;866
7982;56981;SILAGUM COMFORT;DMG;PRÓTESIS;Puntas de mezcla amarillas. 50;;60.42;60,42 €;866
7983;7647;SILAGUM COMFORT;DMG;PRÓTESIS;Silagum Comfort primer 5 ml.;;42.57;42,57 €;866
7984;8388;RELINE;G.C.;PRÓTESIS;;15 gr. líquido;178.89;178,89 €;866
7985;2047;KOOLINER;G.C.;PRÓTESIS;Kit: 80 gr. polvo+ 55 ml. líquido.;Resina dura para rebases permanentes.;94.7;94,70 €;867
7986;6393;KOOLINER;G.C.;PRÓTESIS;Líquido. 55 ml.;Resina dura para rebases permanentes.;50.85;50,85 €;867
7987;69127;CREMA ADHESIVA PARA PRÓTESIS DENTAL;Senti2;PRÓTESIS;;40 gramos;4.99;4,99 €;867
7988;93417;DURALINER II HARD;Reliance;PRÓTESIS;Bonding 10 ml.;Resina dura para rebases permanentes.;50.85;50,85 €;867
7989;96520;DURALINER II HARD;Reliance;PRÓTESIS;4 oz. polvo + 4 oz.líquido +10 ml. bonding.;Resina dura para rebases permanentes.;94.7;94,70 €;867
7990;6870;RIBBOND THM SURTIDO;THM;PRÓTESIS;Surtido;22 cm. de cada fibra + Tijeras;446.24;446,24 €;868
7991;6871;RIBBOND THM SURTIDO;THM;PRÓTESIS;Orthodontic;68 cm. de fibra de;446.24;446,24 €;868
7992;6872;RIBBOND THM SURTIDO;THM;PRÓTESIS;2 mm.;68 cm.;354.42;354,42 €;868
7993;6873;RIBBOND THM SURTIDO;THM;PRÓTESIS;3 mm.;68 cm.;354.42;354,42 €;868
7994;6874;RIBBOND THM SURTIDO;THM;PRÓTESIS;4 mm.;68 cm.;354.42;354,42 €;868
7995;6875;RIBBOND THM SURTIDO;THM;PRÓTESIS;Orthodontic, 1 mm.;68 cm.;354.42;354,42 €;868
7996;68759;RIBBOND THM SURTIDO;THM;PRÓTESIS;Triaxial;68 cm.;354.42;354,42 €;868
7997;7729;FIBRA DE REFUERZO;Proclinic;PRÓTESIS;Fibra refuerzo Kit;Disponible en 4 1 mm. tubular, 2, Rollos de 50 cm. La fibra no tiene Esta fibra necesita;466.51;466,51 €;868
7998;7741;FIBRA DE REFUERZO;Proclinic;PRÓTESIS;Fibra refuerzo 1 mm.;Disponible en 4 1 mm. tubular, 2, Rollos de 50 cm. La fibra no tiene Esta fibra necesita;121.79;121,79 €;868
7999;7742;FIBRA DE REFUERZO;Proclinic;PRÓTESIS;Fibra refuerzo 2 mm.;Disponible en 4 1 mm. tubular, 2, Rollos de 50 cm. La fibra no tiene Esta fibra necesita;121.79;121,79 €;868
8000;7743;FIBRA DE REFUERZO;Proclinic;PRÓTESIS;Fibra refuerzo 3 mm.;Disponible en 4 1 mm. tubular, 2, Rollos de 50 cm. La fibra no tiene Esta fibra necesita;121.79;121,79 €;868
8001;7744;FIBRA DE REFUERZO;Proclinic;PRÓTESIS;Fibra refuerzo 4 mm.;Disponible en 4 1 mm. tubular, 2, Rollos de 50 cm. La fibra no tiene Esta fibra necesita;121.79;121,79 €;868
8002;9773;TENDER FIBER DUE-FERULIZACIÓN;Micerium;PRÓTESIS;Ø 1,3 mm.;Largo 12 cm.;354.42;354,42 €;868
8003;9774;TENDER FIBER DUE-FERULIZACIÓN;Micerium;PRÓTESIS;Ø 1’7 mm.;Largo 12 cm.;163.2;163,20 €;868
8004;14302;EVERSTICK INTRO KIT;StickTech;PRÓTESIS;EverStick Intro Kit: 8 cm everStick C&B fibra 8 cm everStick Perio;;147.7;147,70 €;869
8005;14303;EVERSTICK INTRO KIT;StickTech;PRÓTESIS;EverStick C&B. 2 x 12 cm.;;312.2;312,20 €;869
8006;14304;EVERSTICK INTRO KIT;StickTech;PRÓTESIS;EverStick Perio. 2 x 12 cm.;Splint-Mat. 5 mm. x 1 m.;292.3;292,30 €;869
8007;6384;SPLINT-MAT;Medirel;PRÓTESIS;;Splint-Mat. 5 mm. x 1 m.;67.41;67,41 €;869
8008;99856;GRANDTEC;Voco;PRÓTESIS;;5 tiras de 55 mm.;336.6;336,60 €;869
8009;4215;PLANO DE FOX;Mestra;PRÓTESIS;;Realizado en plástico.;13.2;13,20 €;870
8010;6800;MAJOR REPAIR;Major;PRÓTESIS;Ivoclar-Vetas (rosa naranja;Resina de fraguado dental en la clínica. Envases de sólo 100 y Kulzer.;26.78;26,78 €;870
8011;68586;CAJAS PARA;Larident;PRÓTESIS;Azul;;7.02;7,02 €;870
8012;68587;CAJAS PARA;Larident;PRÓTESIS;Blanco;;7.02;7,02 €;870
8013;68588;CAJAS PARA;Larident;PRÓTESIS;Rosa;;7.02;7,02 €;870
8014;6880;MAJOR REPAIR;Major;PRÓTESIS;Color Ivoclar (rosa naranja);Resina de fraguado dental en la clínica. Envases de sólo 100 y Kulzer.;26.78;26,78 €;870
8015;6881;MAJOR REPAIR;Major;PRÓTESIS;Color Kulzer (rosa oscuro);Resina de fraguado dental en la clínica. Envases de sólo 100 y Kulzer.;26.78;26,78 €;870
8016;68813;MAJOR REPAIR;Major;PRÓTESIS;Kulzer-Vetas (rosa oscuro;Resina de fraguado dental en la clínica. Envases de sólo 100 y Kulzer.;26.78;26,78 €;870
8017;6882;MAJOR REPAIR;Major;PRÓTESIS;Color Major (rosa rojo);Resina de fraguado dental en la clínica. Envases de sólo 100 y Kulzer.;26.78;26,78 €;870
8018;68823;MAJOR REPAIR;Major;PRÓTESIS;Major-Vetas (rosa rojo veteado);Resina de fraguado dental en la clínica. Envases de sólo 100 y Kulzer.;26.78;26,78 €;870
8019;69122;TABLETAS LIMPIADORAS PARA PRÓTESIS DENTAL;Senti2;PRÓTESIS;;30 unidades;3.99;3,99 €;870
8020;H00307;MAJOR REPAIR;Major;PRÓTESIS;Set color;gr.), 1 líquido (500;108.15;108,15 €;870
8021;H00308;MAJOR REPAIR;Major;PRÓTESIS;Set color;gr.), 1 líquido (500;108.15;108,15 €;870
8022;H00309;MAJOR REPAIR;Major;PRÓTESIS;Set color;gr.), 1 líquido (500;108.15;108,15 €;870
8023;H00310;MAJOR REPAIR;Major;PRÓTESIS;Set color;gr.), 1 líquido (500;108.15;108,15 €;870
8024;H00312;MAJOR REPAIR;Major;PRÓTESIS;Set color;gr.), 1 líquido (500;26.78;26,78 €;870
8025;H00318;MAJOR REPAIR;Major;PRÓTESIS;Set color;gr.), 1 líquido (500;26.78;26,78 €;870
8026;H00332;MAJOR REPAIR;Major;PRÓTESIS;Color I;500;26.78;26,78 €;870
8027;0812;VASITOS DE MEZCLA GRADUADOS;Larident;PRÓTESIS;;Con tapa y bandeja para contener prótesis. Fabricada en plástico.;10.94;10,94 €;871
8028;4179;VASOS EVE-MIX DE MEZCLADO;Eve;PRÓTESIS;;Silicona flexible. 3 unidades de 5;8.62;8,62 €;871
8029;6861;VASITOS DE MEZCLA GRADUADOS;Larident;PRÓTESIS;;Vasitos graduados. 100 uds. color azul transparente, que se indica;8.99;8,99 €;871
8030;6863;TAZAS DE SILICONA;Larident;PRÓTESIS;Taza 5 ml. 2 uds.;Tazas de silicona ventosa en la base;5.62;5,62 €;871
8031;6864;TAZAS DE SILICONA;Larident;PRÓTESIS;Taza 15 ml. 2 uds.;Tazas de silicona ventosa en la base;6.49;6,49 €;871
8032;H21047;SILICONA PARA MEZCLA;Proclinic;PRÓTESIS;30 ml.;Tazas de silicona ventosa en la base;7.14;7,14 €;871
8033;H21048;SILICONA PARA MEZCLA;Proclinic;PRÓTESIS;50 ml.;Tazas de silicona ventosa en la base;8.71;8,71 €;871
8034;H21049;SILICONA PARA MEZCLA;Proclinic;PRÓTESIS;;Tazas de silicona ventosa en la base;10.0;10,00 €;871
8035;H12723;KATANA ZR BLOCK STML Caja x 2;Katana;PRÓTESIS;;5PZS (A1, A2, A3, A3.5, B2) CEREC NW - H12724 - H12736 H12743 -;161.32;161,32 €;877
8036;H61899;CELTRA DUO LT;Dentsply;PRÓTESIS;;Bloques para el sistema CEREC INLAB y SIRONA formado por cristal cerámico de alta calidad de silicato;682.35;682,35 €;881
8037;H62392;CEREC TESSERA;Dentsply Sirona;PRÓTESIS;;2xA1 (MT), 2xA2 (MT & HT), - 2xA3 (MT & HT), 2xA3,5 (MT). Bandeja alveolar y discos de cocción, pines, líquido de sobreglaseado - y glaseado, pinceles de maquillaje/glaseado, silicona - moldeable, pinzas diamantadaas, liquido de glaseado. - H62385;547.2;547,20 €;882
8038;H72150;INITAL LISI BLOCK CONECTOR CEREC©;GC;PRÓTESIS;A1 HT;;144.84;144,84 €;883
8039;H72151;INITAL LISI BLOCK CONECTOR CEREC©;GC;PRÓTESIS;A2 HT;;144.84;144,84 €;883
8040;H72152;INITAL LISI BLOCK CONECTOR CEREC©;GC;PRÓTESIS;A3 HT;;144.84;144,84 €;883
8041;H72153;INITAL LISI BLOCK CONECTOR CEREC©;GC;PRÓTESIS;B1 HT;;144.84;144,84 €;883
8042;H72154;INITAL LISI BLOCK CONECTOR CEREC©;GC;PRÓTESIS;A1 LT;;144.84;144,84 €;883
8043;H72155;INITAL LISI BLOCK CONECTOR CEREC©;GC;PRÓTESIS;A2 LT;;144.84;144,84 €;883
8044;H72156;INITAL LISI BLOCK CONECTOR CEREC©;GC;PRÓTESIS;A3 LT;;144.84;144,84 €;883
8045;H72157;INITAL LISI BLOCK CONECTOR CEREC©;GC;PRÓTESIS;B1 LT;Lisi Block ofrece unas propiedades físicas óptimas sin gía patentada HDM (Micronización de Alta Densidad) para la odontología resitencia al desgaste y un resultado estético. Esto lo convierte en una solución sesión. GC recomienda cementar las restauraciones de Initial Lisi Block con curado G-CEM LinkForce o un cemento utoadhesivo como G-CEM ONE.;144.84;144,84 €;883
8046;H72159;INITAL LISI BLOCK CONECTOR CEREC©;GC;PRÓTESIS;BL;Lisi Block ofrece unas propiedades físicas óptimas sin gía patentada HDM (Micronización de Alta Densidad) para la odontología resitencia al desgaste y un resultado estético. Esto lo convierte en una solución sesión. GC recomienda cementar las restauraciones de Initial Lisi Block con curado G-CEM LinkForce o un cemento utoadhesivo como G-CEM ONE.;144.84;144,84 €;883
8047;H72160;INITAL LISI BLOCK CONECTOR CEREC©;GC;PRÓTESIS;A3,5 HT;Lisi Block ofrece unas propiedades físicas óptimas sin gía patentada HDM (Micronización de Alta Densidad) para la odontología resitencia al desgaste y un resultado estético. Esto lo convierte en una solución sesión. GC recomienda cementar las restauraciones de Initial Lisi Block con curado G-CEM LinkForce o un cemento utoadhesivo como G-CEM ONE.;144.84;144,84 €;883
8048;H72161;INITAL LISI BLOCK CONECTOR CEREC©;GC;PRÓTESIS;A3,5 LT;Lisi Block ofrece unas propiedades físicas óptimas sin gía patentada HDM (Micronización de Alta Densidad) para la odontología resitencia al desgaste y un resultado estético. Esto lo convierte en una solución sesión. GC recomienda cementar las restauraciones de Initial Lisi Block con curado G-CEM LinkForce o un cemento utoadhesivo como G-CEM ONE.;144.84;144,84 €;883
8049;H61699;E.MAX CAD CRYSTALLIZATION;Ivoclar;PRÓTESIS;;Nuevos pins para cristalizar;33.25;33,25 €;884
8050;H61700;E.MAX CAD CRYSTALL GLAZE;Ivoclar;PRÓTESIS;Paste Fluo 3 gr.;Pasta de glaseado especialmente desarrollada para su utilización con restauraciones completamente anatómicas de intensivos en pasta IPS e.max CAD. Puede aplicarse tanto después de la cristalización naturales. Coordinados como en estado “azul”. Líquido especial para diluir los IPS e.max CAD pueden aplicarse tanto en Crystall/Shades, Stains y la pasta de glasear IPS e.max CAD Crystall/ estado “azul”. Ivomix Glaze Paste. Spray de glaseado especial para utilizar con restauracio- nes completamente anatómicas de IPS e.max CAD. Se aplica sobre las;33.3;33,30 €;884
8051;H61876;E.MAX CAD CRYSTALL ADD-ON;Ivoclar;PRÓTESIS;Add-on Dentina;Adecuado para el en la técnica de CAD en IPS e.max una la cocción de fusión / cristalización. Masas para realizar ajustes, tales como males u oclusales. Estos ajustes pueden la cocción de cristalización o en un ciclo;34.15;34,15 €;884
8052;H99792;E.MAX CAD CRYSTALL ADD-ON;Ivoclar;PRÓTESIS;Add-on Líquido allround;Adecuado para el en la técnica de CAD en IPS e.max una la cocción de fusión / cristalización. Masas para realizar ajustes, tales como males u oclusales. Estos ajustes pueden la cocción de cristalización o en un ciclo;29.25;29,25 €;884
8053;H99819;E.MAX CAD CRYSTALLIZATION;Ivoclar;PRÓTESIS;;Bandeja de cocción de lización de las restauraciones de IPS e.max suministrados son necesarios para la cristalización de IPS e.max CAD completamente anatómicas. debe usarse para IPS e.max Ceram. ajuste en la zona de fusión vez que se ha completado;168.0;168,00 €;884
8054;H99820;E.MAX CAD CRYSTALL SHADE;Ivoclar;PRÓTESIS;1;Jeringa 3 gr. Colores para su utilización con IPS e.max CAD. restauraciones ya cristalizadas como en;69.3;69,30 €;884
8055;H99821;E.MAX CAD CRYSTALL SHADE;Ivoclar;PRÓTESIS;2;Jeringa 3 gr. Colores para su utilización con IPS e.max CAD. restauraciones ya cristalizadas como en;69.3;69,30 €;884
8056;H99822;E.MAX CAD CRYSTALL SHADE;Ivoclar;PRÓTESIS;3;Jeringa 3 gr. Colores para su utilización con IPS e.max CAD. restauraciones ya cristalizadas como en;69.3;69,30 €;884
8057;H99823;E.MAX CAD CRYSTALL SHADE;Ivoclar;PRÓTESIS;4;Jeringa 3 gr. Colores para su utilización con IPS e.max CAD. restauraciones ya cristalizadas como en;69.3;69,30 €;884
8058;H99824;E.MAX CAD CRYSTALL ADD-ON;Ivoclar;PRÓTESIS;Add-on Incisal;Adecuado para el en la técnica de CAD en IPS e.max una la cocción de fusión / cristalización. Masas para realizar ajustes, tales como males u oclusales. Estos ajustes pueden la cocción de cristalización o en un ciclo;34.15;34,15 €;884
8059;H99825;E.MAX CAD CRYSTALL STAINS;Ivoclar;PRÓTESIS;Copper;Jeringa 1 gr. Maquillajes dentinarios en pasta para la reproducción de características Pueden aplicarse tanto en para su uso con IPS e.max CAD y que estado “azul”. restauraciones ya cristalizadas como en;69.3;69,30 €;884
8060;H99826;E.MAX CAD CRYSTALL GLAZE;Ivoclar;PRÓTESIS;Paste 3 gr.;Pasta de glaseado especialmente desarrollada para su utilización con restauraciones completamente anatómicas de intensivos en pasta IPS e.max CAD. Puede aplicarse tanto después de la cristalización naturales. Coordinados como en estado “azul”. Líquido especial para diluir los IPS e.max CAD pueden aplicarse tanto en Crystall/Shades, Stains y la pasta de glasear IPS e.max CAD Crystall/ estado “azul”. Ivomix Glaze Paste. Spray de glaseado especial para utilizar con restauracio- nes completamente anatómicas de IPS e.max CAD. Se aplica sobre las;33.3;33,30 €;884
8061;H99827;E.MAX CAD CRYSTALL GLAZE;Ivoclar;PRÓTESIS;Líquido 15 ml;Pasta de glaseado especialmente desarrollada para su utilización con restauraciones completamente anatómicas de intensivos en pasta IPS e.max CAD. Puede aplicarse tanto después de la cristalización naturales. Coordinados como en estado “azul”. Líquido especial para diluir los IPS e.max CAD pueden aplicarse tanto en Crystall/Shades, Stains y la pasta de glasear IPS e.max CAD Crystall/ estado “azul”. Ivomix Glaze Paste. Spray de glaseado especial para utilizar con restauracio- nes completamente anatómicas de IPS e.max CAD. Se aplica sobre las;33.3;33,30 €;884
8062;H99828;E.MAX CAD CRYSTALL GLAZE;Ivoclar;PRÓTESIS;Spray 270 ml;Pasta de glaseado especialmente desarrollada para su utilización con restauraciones completamente anatómicas de intensivos en pasta IPS e.max CAD. Puede aplicarse tanto después de la cristalización naturales. Coordinados como en estado “azul”. Líquido especial para diluir los IPS e.max CAD pueden aplicarse tanto en Crystall/Shades, Stains y la pasta de glasear IPS e.max CAD Crystall/ estado “azul”. Ivomix Glaze Paste. Spray de glaseado especial para utilizar con restauracio- nes completamente anatómicas de IPS e.max CAD. Se aplica sobre las;33.3;33,30 €;884
8063;H99829;E.MAX CAD CRYSTALL SHADE;Ivoclar;PRÓTESIS;L1;Jeringa 3 gr. Colores para su utilización con IPS e.max CAD. restauraciones ya cristalizadas como en;69.3;69,30 €;884
8064;H99830;E.MAX CAD CRYSTALL SHADE;Ivoclar;PRÓTESIS;L2;Jeringa 3 gr. Colores para su utilización con IPS e.max CAD. restauraciones ya cristalizadas como en;69.3;69,30 €;884
8065;H99831;E.MAX CAD CRYSTALL SHADE;Ivoclar;PRÓTESIS;0;Jeringa 3 gr. Colores para su utilización con IPS e.max CAD. restauraciones ya cristalizadas como en;69.3;69,30 €;884
8066;H99832;E.MAX CAD CRYSTALL STAINS;Ivoclar;PRÓTESIS;Mahogani;Jeringa 1 gr. Maquillajes dentinarios en pasta para la reproducción de características Pueden aplicarse tanto en para su uso con IPS e.max CAD y que estado “azul”. restauraciones ya cristalizadas como en;69.3;69,30 €;884
8067;H99833;E.MAX CAD CRYSTALL STAINS;Ivoclar;PRÓTESIS;Sunset;Jeringa 1 gr. Maquillajes dentinarios en pasta para la reproducción de características Pueden aplicarse tanto en para su uso con IPS e.max CAD y que estado “azul”. restauraciones ya cristalizadas como en;69.3;69,30 €;884
8068;H99834;E.MAX CAD CRYSTALL STAINS;Ivoclar;PRÓTESIS;Creme;Jeringa 1 gr. Maquillajes dentinarios en pasta para la reproducción de características Pueden aplicarse tanto en para su uso con IPS e.max CAD y que estado “azul”. restauraciones ya cristalizadas como en;69.3;69,30 €;884
8069;H99835;E.MAX CAD CRYSTALL STAINS;Ivoclar;PRÓTESIS;Khaki;Jeringa 1 gr. Maquillajes dentinarios en pasta para la reproducción de características Pueden aplicarse tanto en para su uso con IPS e.max CAD y que estado “azul”. restauraciones ya cristalizadas como en;69.3;69,30 €;884
8070;H99836;E.MAX CAD CRYSTALL STAINS;Ivoclar;PRÓTESIS;Olive;Jeringa 1 gr. Maquillajes dentinarios en pasta para la reproducción de características Pueden aplicarse tanto en para su uso con IPS e.max CAD y que estado “azul”. restauraciones ya cristalizadas como en;69.3;69,30 €;884
8071;H99837;E.MAX CAD CRYSTALL STAINS;Ivoclar;PRÓTESIS;White;Jeringa 1 gr. Maquillajes dentinarios en pasta para la reproducción de características Pueden aplicarse tanto en para su uso con IPS e.max CAD y que estado “azul”. restauraciones ya cristalizadas como en;69.3;69,30 €;884
8072;H63711;IPS NATURAL DIE MATERIAL SEPARADOR REPOSICIÓN;Ivoclar;PRÓTESIS;;Envase 20 ml.;41.45;41,45 €;885
8073;H99597;OBJECT FIX;Ivoclar;PRÓTESIS;Flow 10 ml. *Todos;Pasta para facilitar el apoyo de las restaura- ciones de cerámica sin metal durante la cocción y la cristalización.;26.65;26,65 €;885
8074;H99598;OBJECT FIX;Ivoclar;PRÓTESIS;Putty 10 g.;Pasta para facilitar el apoyo de las restaura- ciones de cerámica sin metal durante la cocción y la cristalización.;26.65;26,65 €;885
8075;H61580;BRILLIANT CRIOS;Coltene;PRÓTESIS;;Bloques de composite reforzados para restauraciones estéticas permanentes. Alta resistencia a la flexión,;136.86;136,86 €;886
8076;H61581;BRILLIANT CRIOS;Coltene;PRÓTESIS;;Bloques de composite reforzados para restauraciones estéticas permanentes. Alta resistencia a la flexión,;136.86;136,86 €;886
8077;HD1031;DISCO CALIBRACIÓN PROGRAMILL+LABEL HD2080 689016 x;Ivoclar Digital;PRÓTESIS;;;48.24;48,24 €;889
8078;HD1053;PROGRAMILL FLUID;Ivoclar Digital;PRÓTESIS;1000 ml;Líquido refrigerante fresadoras Ivoclar.;38.07;38,07 €;890
8079;H103190;FRESAS COMPATIBLES CON;HORICO;PRÓTESIS;NEGRO 50 X 4 X 0,6mm;Fresa compatibles Nos garantizan una en negro (120 a calidad/precio.;37.31;37,31 €;896
8080;H103191;FRESAS COMPATIBLES CON;HORICO;PRÓTESIS;NEGRO 50 X 4 X 1,0mm;Fresa compatibles Nos garantizan una en negro (120 a calidad/precio.;37.31;37,31 €;896
8081;H103192;FRESAS COMPATIBLES CON;HORICO;PRÓTESIS;NEGRO 50 X 4 X 2,0mm;Fresa compatibles Nos garantizan una en negro (120 a calidad/precio.;37.31;37,31 €;896
8082;H104517;CORITEC LÍQUIDO REFRIGERANTE UNIVERSAL;Imes;PRÓTESIS;;5 litros. Líquido refrigerante CORiTEC UNIVERSAL. Líquido refrigerante para fresado en húmedo;367.5;367,50 €;896
8083;H20532;DENTALUB LUBRICANTE PARA PROCESAR TITANIO;Sirona;PRÓTESIS;1000ml;Líquido lubricante refrigerante para el pr ocesamiento de titanio;59.18;59,18 €;896
8084;H20542;MC CARE LÍQUIDO;Sirona;PRÓTESIS;250m;MC Care líquido preventivo de limpieza y lubrificación de los siste- proceso de limpieza Líquido concentrado que se unidades de tallado de agua dependien- Sirona. de tallado y su utilidad.;84.0;84,00 €;896
8085;H62047;LÍQUIDO REFRIGERANTE;Dentsply Sirona;PRÓTESIS;1000 ml;Liquido de limpieza mas CECREC®. diluye con una proporción do de la unidad;84.0;84,00 €;896
8086;H103610;RESINA 3D MODELOS ST;4Design;PRÓTESIS;Beige 385 nm;1000g. Es importante longitud de onda de la resina 3D coincida 3D y que esta disponga de los parámetros imprimir correctamente.;99.95;99,95 €;897
8087;H103611;RESINA 3D MODELOS HP;4Design;PRÓTESIS;Peach 385 nm;1000g. Es importante longitud de onda de la resina 3D coincida 3D y que esta disponga de los parámetros asegurarse de que la imprimir correctamente. con la de su impresora específicos para poder;162.5;162,50 €;897
8088;H103612;RESINA 3D MODELOS HP;4Design;PRÓTESIS;Gris 385 nm;1000g. Es importante longitud de onda de la resina 3D coincida 3D y que esta disponga de los parámetros asegurarse de que la imprimir correctamente. con la de su impresora específicos para poder;162.5;162,50 €;897
8089;H103613;RESINA 3D MODELOS HP;4Design;PRÓTESIS;Ivory 385 nm;1000g. Es importante longitud de onda de la resina 3D coincida 3D y que esta disponga de los parámetros asegurarse de que la imprimir correctamente. con la de su impresora específicos para poder;99.95;99,95 €;897
8090;H103614;RESINA 3D CALCINABLE;4Design;PRÓTESIS;Verde 385 nm;1000g. Es importante asegurarse de que la longitud de onda de la resina 3D coincida con la de su impresora 3D y que esta disponga de los parámetros específicos para poder;162.5;162,50 €;897
8091;H103674;RESINA 3D GINGIVA 4DESIGN;4Design;PRÓTESIS;385 nm;1000g. Es importante longitud de onda de la resina 3D coincida 3D y que esta disponga de los parámetros imprimir correctamente.;206.28;206,28 €;897
8092;H103675;RESINA 3D TEMP 4DESIGN;4Design;PRÓTESIS;A1;1000g. Es importante longitud de onda de la resina 3D coincida asegurarse de que la 3D y que esta disponga de los parámetros con la de su impresora imprimir correctamente. específicos para poder;252.43;252,43 €;897
8093;H103676;RESINA 3D TEMP 4DESIGN;4Design;PRÓTESIS;A2;1000g. Es importante longitud de onda de la resina 3D coincida asegurarse de que la 3D y que esta disponga de los parámetros con la de su impresora imprimir correctamente. específicos para poder;252.43;252,43 €;897
8094;H103677;RESINA 3D TEMP 4DESIGN;4Design;PRÓTESIS;A3;1000g. Es importante longitud de onda de la resina 3D coincida asegurarse de que la 3D y que esta disponga de los parámetros con la de su impresora imprimir correctamente. específicos para poder;206.28;206,28 €;897
8095;H103386;FREEPRINT SPLINTMASTER;Detax;PRÓTESIS;Flexible 1000gr;"Formulación La pronunciada estabilidad impresión 3D de férulas flexibles, retenedores, de modelos maestros claro transparente; Longitud de onda: considerablemente más clase Iia azul claro.";552.45;552,45 €;898
8096;H103387;FREEPRINT SPLINTMASTER;Detax;PRÓTESIS;Taff semi-flexible 1000g;"Formulación La pronunciada estabilidad impresión 3D de férulas flexibles, retenedores, de modelos maestros claro transparente; Longitud de onda: considerablemente más clase Iia azul claro.";385.78;385,78 €;898
8097;H103420;FREEPRINT TEMP UV;Detax;PRÓTESIS;A1 500 gr.;Resina 3D para la fabricación de coronas acabado natural. Compatible con con rango de fotopolimerización 378-388 a las roturas y la flexión, así como una De colores estéticos, brillantes y translúcidos Con el sistema de “smartrepair” restauraciones pueden ser caracterizadas;224.73;224,73 €;898
8098;H103421;FREEPRINT TEMP UV;Detax;PRÓTESIS;A1 1000 gr.;Resina 3D para la fabricación de coronas acabado natural. Compatible con con rango de fotopolimerización 378-388 a las roturas y la flexión, así como una De colores estéticos, brillantes y translúcidos Con el sistema de “smartrepair” restauraciones pueden ser caracterizadas;419.49;419,49 €;898
8099;H103422;FREEPRINT TEMP UV;Detax;PRÓTESIS;A2 500 gr.;Resina 3D para la fabricación de coronas acabado natural. Compatible con con rango de fotopolimerización 378-388 a las roturas y la flexión, así como una De colores estéticos, brillantes y translúcidos Con el sistema de “smartrepair” restauraciones pueden ser caracterizadas;224.73;224,73 €;898
8100;H103423;FREEPRINT TEMP UV;Detax;PRÓTESIS;A2 1000 gr.;Resina 3D para la fabricación de coronas acabado natural. Compatible con con rango de fotopolimerización 378-388 a las roturas y la flexión, así como una De colores estéticos, brillantes y translúcidos Con el sistema de “smartrepair” restauraciones pueden ser caracterizadas;419.49;419,49 €;898
8101;H103424;FREEPRINT TEMP UV;Detax;PRÓTESIS;A3 500 gr.;Resina 3D para la fabricación de coronas acabado natural. Compatible con con rango de fotopolimerización 378-388 a las roturas y la flexión, así como una De colores estéticos, brillantes y translúcidos Con el sistema de “smartrepair” restauraciones pueden ser caracterizadas;224.73;224,73 €;898
8102;H103425;FREEPRINT TEMP UV;Detax;PRÓTESIS;A3 1000 gr.;Resina 3D para la fabricación de coronas acabado natural. Compatible con con rango de fotopolimerización 378-388 a las roturas y la flexión, así como una De colores estéticos, brillantes y translúcidos Con el sistema de “smartrepair” restauraciones pueden ser caracterizadas;419.49;419,49 €;898
8103;H103439;FREEPRINT MODEL T;Detax;PRÓTESIS;385 nm;1000g. Resina a la temperatura. Para la impresión 3D de modelos de termoformado. Reproducción precisa de detalles, y estabilidad de los bordes de en la construcción, al tacto y la estabilidad exigencias de la fabricación de modelos.;385.78;385,78 €;898
8104;H103448;FREEPRINT DENTURE;Detax;PRÓTESIS;500 gr.;385 nm. Resina biocompatible fotopolimerizable para la impresión 3D de bases de prótesis removibles. Alta fiabilidad del proceso gracias a la alta dureza inicial después de la impresión. Baja viscosidad para reducir el consumo de material;209.75;209,75 €;898
8105;H103449;FREEPRINT DENTURE;Detax;PRÓTESIS;1000 gr.;385 nm. Resina biocompatible fotopolimerizable para la impresión 3D de bases de prótesis removibles. Alta fiabilidad del proceso gracias a la alta dureza inicial después de la impresión. Baja viscosidad para reducir el consumo de material;393.27;393,27 €;898
8106;H103495;FREEPRINT IBT;Detax;PRÓTESIS;385nm. 1000gr.;385nm. Resina biocompatible fotopolimerizable para la impresión 3D de bandejas de transferencia de ortodoncia para posicionar brackets. fotopolimerizable para la Las bandejas de unión indirecta son transparentes y facilitan;515.0;515,00 €;898
8107;H103427;FREEPRINT ORTHO;Detax;PRÓTESIS;UV 378-388;ortodoncia. Alta una buena elasticidad de alambre fácilmente.;393.27;393,27 €;899
8108;H103446;FREEPRINT GINGIVA;Detax;PRÓTESIS;500 gr.;Resina de impresión para la fabricación de encía elástica para compatible con impresoras con rango 388nm.;176.04;176,04 €;899
8109;H103447;FREEPRINT GINGIVA;Detax;PRÓTESIS;1000 gr.;Resina de impresión para la fabricación de encía elástica para compatible con impresoras con rango 388nm.;327.73;327,73 €;899
8110;H103490;FREEPRINT SPLINT 2.0;Detax;PRÓTESIS;500 gr. 385nm;Resina biocompatible fotocurable para la óptima del impresión de férulas, fijaciones y llaves de transferencia. Fórmula para transparente para facilitar el control visual del área de trabajo. Alta de dureza blanco.;385.78;385,78 €;899
8111;H103491;FREEPRINT SPLINT 2.0;Detax;PRÓTESIS;1000 gr. 385nm;Resina biocompatible fotocurable para la óptima del impresión de férulas, fijaciones y llaves de transferencia. Fórmula para transparente para facilitar el control visual del área de trabajo. Alta de dureza blanco.;385.78;385,78 €;899
8112;H103496;FREEPRINT MODEL;Detax;PRÓTESIS;385nm.;3D fotocurable estabilidad de la forma modelos de trabajo. Es Flujo de trabajo más de fotopolimerización 378- en la construcción, exigencias de la producción borde proporciona;385.78;385,78 €;899
8113;H103497;FREEPRINT MODEL;Detax;PRÓTESIS;385nm.;3D fotocurable estabilidad de la forma modelos de trabajo. Es Flujo de trabajo más de fotopolimerización 378- en la construcción, exigencias de la producción borde proporciona;385.78;385,78 €;899
8114;H103498;FREEPRINT MODEL;Detax;PRÓTESIS;385nm.;3D fotocurable estabilidad de la forma modelos de trabajo. Es Flujo de trabajo más de fotopolimerización 378- en la construcción, exigencias de la producción borde proporciona;385.78;385,78 €;899
8115;H103499;FREEPRINT MODEL;Detax;PRÓTESIS;385nm.;3D fotocurable estabilidad de la forma modelos de trabajo. Es Flujo de trabajo más de fotopolimerización 378- en la construcción, exigencias de la producción borde proporciona;176.04;176,04 €;899
8116;H130470;FREEPRINT MODEL;Detax;PRÓTESIS;385nm.;3D fotocurable estabilidad de la forma modelos de trabajo. Es Flujo de trabajo más de fotopolimerización 378- en la construcción, exigencias de la producción borde proporciona;327.73;327,73 €;899
8117;H103120;FREEPRINT MODEL;Detax;PRÓTESIS;Lightgrey;desarrollada para la de trabajo. Las características 3D fotocurable para requisitos en cuanto Es compatible con El aumento adicional 385nm. funcionalidad óptima. para una aplicación;177.91;177,91 €;900
8118;H103121;FREEPRINT MODEL;Detax;PRÓTESIS;Grey;desarrollada para la de trabajo. Las características 3D fotocurable para requisitos en cuanto Es compatible con El aumento adicional 385nm. funcionalidad óptima. para una aplicación;177.91;177,91 €;900
8119;H103122;FREEPRINT MODEL;Detax;PRÓTESIS;Sand;desarrollada para la de trabajo. Las características 3D fotocurable para requisitos en cuanto Es compatible con El aumento adicional 385nm. funcionalidad óptima. para una aplicación;177.91;177,91 €;900
8120;H103123;FREEPRINT MODEL;Detax;PRÓTESIS;Caramel;desarrollada para la de trabajo. Las características 3D fotocurable para requisitos en cuanto Es compatible con El aumento adicional 385nm. funcionalidad óptima. para una aplicación;177.91;177,91 €;900
8121;H103444;FREEPRINT CAST 2.0 UV;Detax;PRÓTESIS;500 gr.;Resina de impresión la fabricación de componentes calcinables. impresoras con rango de fotopolimerización;125.47;125,47 €;900
8122;H103445;FREEPRINT CAST 2.0 UV;Detax;PRÓTESIS;1000 gr.;Resina de impresión la fabricación de componentes calcinables. impresoras con rango de fotopolimerización;235.96;235,96 €;900
8123;H12710;FREEPRINT DENTURE FLEX;Detax;PRÓTESIS;Pink-Trans 1 Kg;Es importante con la de su impresora 3D y que esta correctamente. Resina fotopolimerizable y biocompatible Descubre un nuevo nivel de confort con Sin ganchos metálicos, con impresión ajuste perfecto y un aspecto natural. y aprovecha el uso sostenible del material;1016.91;1016,91 €;900
8124;H12711;FREEPRINT DENTURE FLEX;Detax;PRÓTESIS;Clear 1 Kg;Es importante con la de su impresora 3D y que esta correctamente. Resina fotopolimerizable y biocompatible Descubre un nuevo nivel de confort con Sin ganchos metálicos, con impresión ajuste perfecto y un aspecto natural. y aprovecha el uso sostenible del material;1016.91;1016,91 €;900
8125;H12712;FREEPRINT DENTURE IMPACT 1 KG;Detax;PRÓTESIS;Pink-Trans 1 Kg;Es importante asegurarse de que la longitud de onda de la resina 3D coincida con la de su impresora 3D y que esta disponga de los parámetros específicos para poder imprimir correctamente. coincida Resina fotopolimerizable y biocompatible para la impresión 3D de prótesis completas.;1016.91;1016,91 €;900
8126;H12713;FREEPRINT DENTURE IMPACT 1 KG;Detax;PRÓTESIS;Clear 1 Kg;Es importante asegurarse de que la longitud de onda de la resina 3D coincida con la de su impresora 3D y que esta disponga de los parámetros específicos para poder imprimir correctamente. coincida Resina fotopolimerizable y biocompatible para la impresión 3D de prótesis completas.;1016.91;1016,91 €;900
8127;H103475;DIMA PRINT STONE;Kulzer;PRÓTESIS;Beige LC2;1000 g. Resina para impresión 3D de eleva- de clase IIa para la da precisión, ideal para modelos de implantes. Resistente al calor, verificar el confort y la perfecto para el termoconformado plástico. Color estético para el de la prótesis definitiva. recubrimiento. Para modelos de situación, de sección, ortodoncia y de implantes.;407.0;407,00 €;902
8128;H103476;DIMA PRINT SPLINT;Kulzer;PRÓTESIS;Clear;1000 gr. Resina para;337.0;337,00 €;902
8129;H103479;DIMA PRINT STONE TEAL 1000G;Kulzer;PRÓTESIS;;Resina de impresión 3D para fabricar modelos de ortodoncia y modelos para elaborar alineadores PVP. mediante la técnica de vacío.;312.0;312,00 €;902
8130;H103581;DIMA DENTURE BASE TRAY-IN;Kulzer;PRÓTESIS;1000gr;Resina biocompatible impresión 3D Producto impresión de dentaduras de prueba para;337.0;337,00 €;902
8131;H103474;DIMA PRINT GINGIVA MASK;Kulzer;PRÓTESIS;Rosa. LC2;1000 gr. Resina para;312.0;312,00 €;903
8132;H103489;DIMA PRINT CAST;Kulzer;PRÓTESIS;Ruby;1000 gr. Resina de impresión 3D flexible, todas las aplicaciones y estructuras calcinables: con dima print (hasta 5 unidades), parciales y cerámica prensada y no preciosos. No deja residuos.;312.0;312,00 €;903
8133;H103582;DIMA PRINT DENTURE;Kulzer;PRÓTESIS;Light Reddish Pink;1000 g. Resina 3D biocompatible de clase IIa para la impresión y reparación de bases de dentaduras removibles completas. En combinación con dima Print Denture Teeth podrá fabri- car una dentadura 3D impresa en menos de 2 horas. Fácil de repasar y impresión 3D para todas pulir con herramientas convencionales. Se integra perfectamente en el coronas y puentes sistema de impresión 3D cara Print. en metales preciosos;389.0;389,00 €;903
8134;H103583;DIMA PRINT DENTURE;Kulzer;PRÓTESIS;Light;1000 g. Resina 3D biocompatible de clase IIa para la impresión y reparación de bases de dentaduras removibles completas. En combinación con dima Print Denture Teeth podrá fabri- car una dentadura 3D impresa en menos de 2 horas. Fácil de repasar y impresión 3D para todas pulir con herramientas convencionales. Se integra perfectamente en el coronas y puentes sistema de impresión 3D cara Print. en metales preciosos;389.0;389,00 €;903
8135;H103584;DIMA PRINT DENTURE;Kulzer;PRÓTESIS;Original Pink;1000 g. Resina 3D biocompatible de clase IIa para la impresión y reparación de bases de dentaduras removibles completas. En combinación con dima Print Denture Teeth podrá fabri- car una dentadura 3D impresa en menos de 2 horas. Fácil de repasar y impresión 3D para todas pulir con herramientas convencionales. Se integra perfectamente en el coronas y puentes sistema de impresión 3D cara Print. en metales preciosos;312.0;312,00 €;903
8136;H103586;DIMA PRINT DENTURE TEETH;Kulzer;PRÓTESIS;A1;1000 g. Resina 3D para la impresión dientes para prótesis. En Denture podrá fabricar una dentadura 3D horas. Fácil de repasar y pulir con herramientas Se integra perfectamente en el sistema de;470.0;470,00 €;903
8137;H103587;DIMA PRINT DENTURE TEETH;Kulzer;PRÓTESIS;A2;1000 g. Resina 3D para la impresión dientes para prótesis. En Denture podrá fabricar una dentadura 3D horas. Fácil de repasar y pulir con herramientas Se integra perfectamente en el sistema de;470.0;470,00 €;903
8138;H103588;DIMA PRINT DENTURE TEETH;Kulzer;PRÓTESIS;A3;1000 g. Resina 3D para la impresión dientes para prótesis. En Denture podrá fabricar una dentadura 3D horas. Fácil de repasar y pulir con herramientas Se integra perfectamente en el sistema de;470.0;470,00 €;903
8139;H103589;DIMA PRINT DENTURE TEETH;Kulzer;PRÓTESIS;A3,5;1000 g. Resina 3D para la impresión dientes para prótesis. En Denture podrá fabricar una dentadura 3D horas. Fácil de repasar y pulir con herramientas Se integra perfectamente en el sistema de;470.0;470,00 €;903
8140;H103593;DIMA PRINT C&B TEMP;Kulzer;PRÓTESIS;A1;1000 g. Resina 3D de coronas y puentes temporales (hasta permite elaborar provisionales estéticos tras la preparación de los dientes del paciente. Puentes anteriores de hasta 6 unidades Cubre la dentina expuesta, por lo que minimiza Se integra perfectamente en el sistema de Puede caracterizarse con Signum cre-active;491.0;491,00 €;903
8141;H103594;DIMA PRINT C&B TEMP;Kulzer;PRÓTESIS;A2;1000 g. Resina 3D de coronas y puentes temporales (hasta permite elaborar provisionales estéticos tras la preparación de los dientes del paciente. Puentes anteriores de hasta 6 unidades Cubre la dentina expuesta, por lo que minimiza Se integra perfectamente en el sistema de Puede caracterizarse con Signum cre-active;491.0;491,00 €;903
8142;H103595;DIMA PRINT C&B TEMP;Kulzer;PRÓTESIS;A3;1000 g. Resina 3D de coronas y puentes temporales (hasta permite elaborar provisionales estéticos tras la preparación de los dientes del paciente. Puentes anteriores de hasta 6 unidades Cubre la dentina expuesta, por lo que minimiza Se integra perfectamente en el sistema de Puede caracterizarse con Signum cre-active;491.0;491,00 €;903
8143;H103596;DIMA PRINT C&B TEMP;Kulzer;PRÓTESIS;A3,5;1000 g. Resina 3D de coronas y puentes temporales (hasta permite elaborar provisionales estéticos tras la preparación de los dientes del paciente. Puentes anteriores de hasta 6 unidades Cubre la dentina expuesta, por lo que minimiza Se integra perfectamente en el sistema de Puede caracterizarse con Signum cre-active;470.0;470,00 €;903
8144;H103597;DIMA PRINT C&B TEMP;Kulzer;PRÓTESIS;B1;1000 g. Resina 3D de coronas y puentes temporales (hasta permite elaborar provisionales estéticos tras la preparación de los dientes del paciente. Puentes anteriores de hasta 6 unidades Cubre la dentina expuesta, por lo que minimiza Se integra perfectamente en el sistema de Puede caracterizarse con Signum cre-active;470.0;470,00 €;903
8145;H103598;DIMA PRINT C&B TEMP;Kulzer;PRÓTESIS;B2;1000 g. Resina 3D de coronas y puentes temporales (hasta permite elaborar provisionales estéticos tras la preparación de los dientes del paciente. Puentes anteriores de hasta 6 unidades Cubre la dentina expuesta, por lo que minimiza Se integra perfectamente en el sistema de Puede caracterizarse con Signum cre-active;470.0;470,00 €;903
8146;H103599;DIMA PRINT C&B TEMP;Kulzer;PRÓTESIS;BL1;1000 g. Resina 3D de coronas y puentes temporales (hasta permite elaborar provisionales estéticos tras la preparación de los dientes del paciente. Puentes anteriores de hasta 6 unidades Cubre la dentina expuesta, por lo que minimiza Se integra perfectamente en el sistema de Puede caracterizarse con Signum cre-active;470.0;470,00 €;903
8147;H103381;OPTIPRINT MODEL SPRINT;Dentona;PRÓTESIS;Optiprint model sprint marrón;Optiprint sprint es impresión rápida de modelos con aspecto viscosidad y económica. Tratamiento: Indicación: Modelos Temperatura de procesado: +30ºC CAD grosor mínimo del material: 0,5mm Limpieza en ultrasonidos: 2 x 5min (Isopropanol);161.9;161,90 €;904
8148;H103529;OPTIPRINT LUMINA;Dentona;PRÓTESIS;A1 1kg/910ml;Optiprint Lumina da para dientes de aspecto natural. Como;327.0;327,00 €;904
8149;H103540;OPTIPRINT MODEL;Dentona;PRÓTESIS;Pardo dorado 1 kg./910 ml.;Resina para impresión 3D de 385 nm.;206.7;206,70 €;904
8150;H103542;OPTIPRINT MODEL;Dentona;PRÓTESIS;Marfi2ro 1 kg./910 ml.;Resina para impresión 3D de 385 nm.;206.7;206,70 €;904
8151;H103556;OPTIPRINT MODEL;Dentona;PRÓTESIS;1 kg / 910ml;Resina para impresión 3D de 385 nm.;206.7;206,70 €;904
8152;H103558;OPTIPRINT MODEL;Dentona;PRÓTESIS;1 kg / 910ml;Resina para impresión 3D de 385 nm.;206.7;206,70 €;904
8153;H103561;OPTIPRINT LUMINA;Dentona;PRÓTESIS;A2 1 kg / 910ml;Optiprint Lumina da para dientes de aspecto natural. Como;327.0;327,00 €;904
8154;H103562;OPTIPRINT LUMINA;Dentona;PRÓTESIS;A3 1 kg / 910ml;Optiprint Lumina da para dientes de aspecto natural. Como;327.0;327,00 €;904
8155;H103563;OPTIPRINT LUMINA;Dentona;PRÓTESIS;A2 500gr/455ml;Optiprint Lumina da para dientes de aspecto natural. Como;179.4;179,40 €;904
8156;H103564;OPTIPRINT LUMINA;Dentona;PRÓTESIS;A3 500gr/455ml;Optiprint Lumina da para dientes de aspecto natural. Como;179.4;179,40 €;904
8157;H103565;OPTIPRINT LAVIVA;Dentona;PRÓTESIS;Rosa Claro 1 kg / 910ml;Optiprint Laviva realistas. Gracias a una coloración translúcida imprimir dentaduras postizas que deleitan necesario se pueden caracterizar las zonas puede trabajar un poco más de naturalidad. (Isopropanol) sión y también soporta cargas elevadas material en la botella o en la cubeta de H171: 2 x 2000 flashes (N2);294.2;294,20 €;904
8158;H103566;OPTIPRINT LAVIVA;Dentona;PRÓTESIS;Rosa Claro 500gr/455ml;Optiprint Laviva realistas. Gracias a una coloración translúcida imprimir dentaduras postizas que deleitan necesario se pueden caracterizar las zonas puede trabajar un poco más de naturalidad. (Isopropanol) sión y también soporta cargas elevadas material en la botella o en la cubeta de H171: 2 x 2000 flashes (N2);161.9;161,90 €;904
8159;H103567;OPTIPRINT LAVIVA;Dentona;PRÓTESIS;Rosa Oscuro 1 kg / 910ml;Optiprint Laviva realistas. Gracias a una coloración translúcida imprimir dentaduras postizas que deleitan necesario se pueden caracterizar las zonas puede trabajar un poco más de naturalidad. (Isopropanol) sión y también soporta cargas elevadas material en la botella o en la cubeta de H171: 2 x 2000 flashes (N2);154.2;154,20 €;904
8160;H103568;OPTIPRINT LAVIVA;Dentona;PRÓTESIS;Rosa Oscuro 500gr/455ml;Optiprint Laviva realistas. Gracias a una coloración translúcida imprimir dentaduras postizas que deleitan necesario se pueden caracterizar las zonas puede trabajar un poco más de naturalidad. (Isopropanol) sión y también soporta cargas elevadas material en la botella o en la cubeta de H171: 2 x 2000 flashes (N2);161.9;161,90 €;904
8161;H103574;OPTIPRINT LUMINA;Dentona;PRÓTESIS;A1 500gr/455ml;Optiprint Lumina da para dientes de aspecto natural. Como;179.4;179,40 €;904
8162;H103383;OPTIPRINT GINGIVA 2.0;Dentona;PRÓTESIS;1kg/910ml.;Es importante asegurarse de onda de la resina 3D coincida con la esta disponga de los parámetros específicos correctamente.;327.0;327,00 €;905
8163;H103384;OPTIPRINT GINGIVA 2.0;Dentona;PRÓTESIS;500g/4550ml;Es importante asegurarse de onda de la resina 3D coincida con la esta disponga de los parámetros específicos correctamente.;179.4;179,40 €;905
8164;H103506;OPTIPRINT TRAY;Dentona;PRÓTESIS;385 Ocean Blue 1 kg;Optiprint Tray ha sido ventaja del material supone consecuentemente para la producción dentista como para el impresión individuales en términos de de polimerización y óptica. Gracias a la componente impreso en 3D, el odontólogo durante el proceso de impresión y al retirar;158.3;158,30 €;905
8165;H103559;s a;Dentona a;PRÓTESIS;1 kg / 910ml;Optiprint clara consta de una alta resistencia n para la fabricación aditiva i;272.3;272,30 €;905
8166;H103560;s a;Dentona a;PRÓTESIS;500gr/455ml;Optiprint clara consta de una alta resistencia n para la fabricación aditiva i;174.5;174,50 €;905
8167;H103575;OPTIPRINT I-B-T TRANSP 385;Dentona;PRÓTESIS;Transparente 385 1KG/910ml;Es importante asegurarse de onda de la resina 3D coincida con la esta disponga de los parámetros específicos correctamente.;179.4;179,40 €;905
8168;H12541;OPTIPRINT DUROTEC;Dentona;PRÓTESIS;385nm Transpa 1 Kg;Optiprint durotec mecánica en las férulas fabricadas, por las fracturas y flexibilidad en la boca del desarrollo de material, no existe riesgo de la férula en la boca del paciente. optiprint a la boca y tiene un sabor neutro. Esta una satisfacción del 100% tanto para el paciente.;286.8;286,80 €;905
8169;H12542;OPTIPRINT DUROTEC;Dentona;PRÓTESIS;385nm Transpa 500 Gr;Optiprint durotec mecánica en las férulas fabricadas, por las fracturas y flexibilidad en la boca del desarrollo de material, no existe riesgo de la férula en la boca del paciente. optiprint a la boca y tiene un sabor neutro. Esta una satisfacción del 100% tanto para el paciente.;158.3;158,30 €;905
8170;H12543;OPTIPRINT DUROTEC;Dentona;PRÓTESIS;405nm Azul Trans 1 Kg;Optiprint durotec mecánica en las férulas fabricadas, por las fracturas y flexibilidad en la boca del desarrollo de material, no existe riesgo de la férula en la boca del paciente. optiprint a la boca y tiene un sabor neutro. Esta una satisfacción del 100% tanto para el paciente.;286.8;286,80 €;905
8171;H12544;OPTIPRINT DUROTEC;Dentona;PRÓTESIS;405nm Azul Trans 500gr;Optiprint durotec mecánica en las férulas fabricadas, por las fracturas y flexibilidad en la boca del desarrollo de material, no existe riesgo de la férula en la boca del paciente. optiprint a la boca y tiene un sabor neutro. Esta una satisfacción del 100% tanto para el paciente.;158.3;158,30 €;905
8172;H12545;OPTIPRINT INTERIM FLEXIBLE ROSA;Dentona;PRÓTESIS;1 kg;El material termoelástico rosa impresiona por;286.8;286,80 €;905
8173;H12571;OPTIPRINT INTERIM FLEXIBLE ROSA;Dentona;PRÓTESIS;500 gr;El material termoelástico rosa impresiona por;184.8;184,80 €;905
8174;H12546;OPTIPRINT SPORTEC;Dentona;PRÓTESIS;Soft Azul Transpa 1 Kg;Con optiprint sportec, pacientes un protector bucal deportivo de forma rápida y precisa mediante un producción digital sin necesidad de un material de impresión 3D especialmente perfectamente a la forma de los dientes comodidad de uso. El protector bucal cómoda, incluso durante actividades deportivas;256.0;256,00 €;906
8175;H12547;OPTIPRINT SPORTEC;Dentona;PRÓTESIS;Hard Azul Transpa 1 Kg;Con optiprint sportec, pacientes un protector bucal deportivo de forma rápida y precisa mediante un producción digital sin necesidad de un material de impresión 3D especialmente perfectamente a la forma de los dientes comodidad de uso. El protector bucal cómoda, incluso durante actividades deportivas;256.0;256,00 €;906
8176;H12548;OPTIPRINT MATTEC;Dentona;PRÓTESIS;385-405nm Caramelo 1 Kg;Optiprint mattec es un protector bucal producción de modelos completos y centrales y rentable. El optiprint;115.75;115,75 €;906
8177;H12549;OPTIPRINT MATTEC;Dentona;PRÓTESIS;385-405nm Cashemira 1kg;Optiprint mattec es un protector bucal producción de modelos completos y centrales y rentable. El optiprint;256.0;256,00 €;906
8178;H12550;OPTIPRINT MATTEC;Dentona;PRÓTESIS;385nm-405nm Delfin 1 Kg;Optiprint mattec es un protector bucal producción de modelos completos y centrales y rentable. El optiprint;256.0;256,00 €;906
8179;H12551;OPTIPRINT MODEL 5KG;Dentona;PRÓTESIS;Marron Dorado 5 Kg;Resina para impresión 3D para la fabricación por adición de modelos dentales (385nm/405nm).;115.75;115,75 €;906
8180;H12552;OPTIPRINT MODEL 5KG;Dentona;PRÓTESIS;Gris 5kg/910ml;Resina para impresión 3D para la fabricación por adición de modelos dentales (385nm/405nm).;115.75;115,75 €;906
8181;H12553;OPTIPRINT GUIDE;Dentona;PRÓTESIS;385 500 gr;Optiprint guide es transparente de alta calidad a base de fabricación de guías quirúrgicas de implantes. caracteriza por su excepcional estabilidad;152.6;152,60 €;906
8182;H12554;OPTIPRINT GUIDE;Dentona;PRÓTESIS;405 500 gr;Optiprint guide es transparente de alta calidad a base de fabricación de guías quirúrgicas de implantes. caracteriza por su excepcional estabilidad;149.9;149,90 €;906
8183;H12555;OPTIPRINT CAST NF;Dentona;PRÓTESIS;1 Kg;La resina de impresión guide pueden esterilizarse cast nf lleva el proceso CAD/cast a un estables y prácticamente no de primera calidad, que se quema sin dejar y es biocompatible. por su precisión, sus superficies lisas y distorsiones: la base para estructuras de precisión, así como coronas y puentes de soporte muy delicadas garantizan piezas Las superficies lisas simplifican los pasos;272.3;272,30 €;906
8184;H12556;OPTIPRINT CAST NF;Dentona;PRÓTESIS;385-405nm Rojo 500 Gr;La resina de impresión guide pueden esterilizarse cast nf lleva el proceso CAD/cast a un estables y prácticamente no de primera calidad, que se quema sin dejar y es biocompatible. por su precisión, sus superficies lisas y distorsiones: la base para estructuras de precisión, así como coronas y puentes de soporte muy delicadas garantizan piezas Las superficies lisas simplifican los pasos;149.9;149,90 €;906
8185;H12557;OPTIPRINT MATCH;Dentona;PRÓTESIS;385-405nm Marron Claro 1 Kg;Este innovador plástico de impresión 3D se dental 3D optiprint ha desarrollado especialmente para documentar el proceso de nuevo nivel. La resina fabricación digital mediante impresión 3D con fines de gestión de residuos, impresiona la calidad. La pieza moldeada impresa con optiprint match puede sus objetos colados sin volver a escanearse sin necesidad de acondicionar la superficie colado de modelos de alta para comparar los datos obtenidos con el conjunto de datos inicial metálicos. Unas estructuras del trabajo. De este modo, el usuario conserva el control sobre la coladas sin distorsiones. precisión de su proceso de fabricación digital y una valiosa ayuda;149.9;149,90 €;906
8186;H103344;V-PRINT SPLINT CLEAR COMFORT;Voco;PRÓTESIS;;Resina fotopolimerizable transparente para la fabricación generativa de férulas de férulas dentales terapéuticas y dentales terapéuticas termoflexibles. - Muy flexible y resistente a la abrasión enormemente resistente a la fractura y duradero. - Termo flexible e insípido para un gran confort de uso. - Transparente para obtener férulas discretas. y durabilidad. - Prácticamente inodoro y fácil de pulir para una elaboración agradable. - Biocompatible para una elevada aceptación por parte del paciente. - Clasificado como PS IIa para garantizar la seguridad y para uso en tratamientos de larga duración.;520.17;520,17 €;907
8187;H103349;V-PRINT MODEL BEIGE 2.0;Voco;PRÓTESIS;Beige 1kg;Resina fotopolimerizable para la fabricación generativa de modelos dentales mock-ups. El tiempo máximo de uso clínico SIN AGITACIÓN – ¡SE PUEDE EMPEZAR ENSEGUIDA! Rápido y preciso – óptimo ajuste también con un grosor de capa de 100 μm;315.83;315,83 €;907
8188;H103505;V-PRINT SPLINT 2.0 CLEAR 1000 GR;Voco;PRÓTESIS;;V-Print splint 2.0 es una resina fotopolimerizable desarrollada para la fabricación generativa (impresión 3D) dispositivos funcionales. -No requiere agitación: el material puede usarse directamente. -No necesita atmósfera de nitrógeno durante la post-exposición. -Baja absorción y solubilidad de agua, lo que asegura estabilidad -Superficie fácil de pulir para un acabado brillante y suave. -Inodoro y sin sabor, mejorando la comodidad del paciente.;520.17;520,17 €;907
8189;H61031;V-PRINT C&B TEMPORAL;Voco;PRÓTESIS;A1 500gr;V-Print c&b temp es una resina fotopolimerizable de provisionales/provisionales de larga duración altamente Provisionales de larga duración como coronas, puentes y es de 12 meses.;315.83;315,83 €;907
8190;H61032;V-PRINT C&B TEMPORAL;Voco;PRÓTESIS;A2 500gr;V-Print c&b temp es una resina fotopolimerizable de provisionales/provisionales de larga duración altamente Provisionales de larga duración como coronas, puentes y es de 12 meses.;315.83;315,83 €;907
8191;H61034;V-PRINT C&B TEMPORAL;Voco;PRÓTESIS;A3 500gr;V-Print c&b temp es una resina fotopolimerizable de provisionales/provisionales de larga duración altamente Provisionales de larga duración como coronas, puentes y es de 12 meses.;315.83;315,83 €;907
8192;H61042;V-PRINT C&B TEMPORAL;Voco;PRÓTESIS;A3,5 500gr;V-Print c&b temp es una resina fotopolimerizable de provisionales/provisionales de larga duración altamente Provisionales de larga duración como coronas, puentes y es de 12 meses.;315.83;315,83 €;907
8193;H61043;V-PRINT C&B TEMPORAL;Voco;PRÓTESIS;B1 500gr;V-Print c&b temp es una resina fotopolimerizable de provisionales/provisionales de larga duración altamente Provisionales de larga duración como coronas, puentes y es de 12 meses.;315.83;315,83 €;907
8194;H61044;V-PRINT C&B TEMPORAL;Voco;PRÓTESIS;BL 500gr;V-Print c&b temp es una resina fotopolimerizable de provisionales/provisionales de larga duración altamente Provisionales de larga duración como coronas, puentes y es de 12 meses.;315.83;315,83 €;907
8195;H103347;V-PRINT DENTABASE PINK;Voco;PRÓTESIS;1000 g.;Resina fotopolimerizable rosa de 385 nm para la producción generativa de bases de dentaduras para para la producción la prótesis removible. Compatible con resinas y composites la prostodoncia. convencionales. Biocompatible.;346.67;346,67 €;908
8196;H103348;V-PRINT TRY-IN BEIGE;Voco;PRÓTESIS;1000 g.;R esina fotopolimerizable generativa de objetos de prueba para;349.67;349,67 €;908
8197;H103473;V-PRINT SG;Voco;PRÓTESIS;;1000 gr. Producto médico clase II desarrollado para la fabricación por adición de plantillas de perforación. Gracias a su precisión se puede realizar la implantación con mayor exactitud y previsibilidad. V- Print SG se puede esterilizar con vapor durante 5 minutos a 134º. Es biocompatible, tiene sabor;389.0;389,00 €;908
8198;H103477;V-PRINT CAST;Voco;PRÓTESIS;Azul;1000 gr. Resina para la fabricación generativa de el proceso de colado y prensado. Alta y cantos. Compatible con materiales de con fosfato convencionales.;298.83;298,83 €;908
8199;H103619;V-PRINT TRAY GREEN;Voco;PRÓTESIS;1000 g.;V-Print tray fotopolimerizable desarrollada para (impresión 3D) de cubetas individuales, mordida. Su formulación avanzada permite obtener precisión y estabilidad dimensional, optimizando digital en el laboratorio dental.;349.67;349,67 €;908
8200;H103480;FOTODENT CAST;Dreve;PRÓTESIS;Rojo transparente;Botella 1 fotopolimerizable para el diseño de estructuras fabricación de esqueléticos.;399.79;399,79 €;909
8201;H103482;FOTODENT MODEL;Dreve;PRÓTESIS;Beige;Botella 1 Kg. especialmente para las nuevas generaciones 405nm. Resina fotopolimerizable para estudio, trabajo para ortodoncia y restauraciones rápida y de alta precisión. Para eliminar recomiendan lámparas de fotopolimerización;165.28;165,28 €;909
8202;H103483;FOTODENT MODEL 2;Dreve;PRÓTESIS;Beige;Botella 1 Kg. la impresión de modelos de especialmente para las nuevas generaciones varias. Impresión 385nm. Resina fotopolimerizable para la capa de inhibición se estudio, trabajo para ortodoncia y restauraciones LED. rápida y de alta precisión.;165.28;165,28 €;909
8203;H103485;FOTODENT GUIDE;Dreve;PRÓTESIS;Clear transparente;Botella 1 Kg. 385nm. Resina varias. Impresión fotopolimerizable para el diseño de guías quirúrgicas basadas en la sterelithografía.;201.73;201,73 €;909
8204;H103486;FOTODENT GINGIVA;Dreve;PRÓTESIS;Pink opaque;Botella 1 fotopolimerizable para la impresión de;399.79;399,79 €;909
8205;H103468;GC TEMP PRINT;GC;PRÓTESIS;Light;500g. Es un líquido para impresión 3D para restauraciones temporales de larga duración con alta resistencia al desgaste y con la tecnología de reología de control dinámico (RCD) que asegura la estabilidad del material en cualquier momento, dándole la alta calidad continua que;311.0;311,00 €;910
8206;H103469;GC TEMP PRINT;GC;PRÓTESIS;Medium;500g. Es un líquido para impresión 3D para restauraciones temporales de larga duración con alta resistencia al desgaste y con la tecnología de reología de control dinámico (RCD) que asegura la estabilidad del material en cualquier momento, dándole la alta calidad continua que;311.0;311,00 €;910
8207;H103503;VARSEOWAX MODEL GREY;Bego;PRÓTESIS;1000g;Resina para la impresión 3D de modelos dentales. Color gris. La alta estabilidad física permite periodos largos de almacenamiento sin dejar ninguna sedimentación y está listo para ser utilizado en todo momento. No es necesario mezclar.;215.85;215,85 €;910
8208;H103504;VARSEOWAX MODEL GREY;Bego;PRÓTESIS;250g;Resina para la impresión 3D de modelos dentales. Color gris. La alta estabilidad física permite periodos largos de almacenamiento sin dejar ninguna sedimentación y está listo para ser utilizado en todo momento. No es necesario mezclar.;92.35;92,35 €;910
8209;H103357;VARSEOSMILE CROWN PLUS;BEGO;PRÓTESIS;A1;VarseoSmile Crown que los dientes para la impresión 3D de Ventajas para el trabajo en el laboratorio: - Los parámetros de impresión y procesamiento de fabricación óptimos con resultados reproducibles - Elevada estabilidad dimensional y gran;359.65;359,65 €;911
8210;H103358;VARSEOSMILE CROWN PLUS;BEGO;PRÓTESIS;A2;VarseoSmile Crown que los dientes para la impresión 3D de Ventajas para el trabajo en el laboratorio: - Los parámetros de impresión y procesamiento de fabricación óptimos con resultados reproducibles - Elevada estabilidad dimensional y gran;359.65;359,65 €;911
8211;H103359;VARSEOSMILE CROWN PLUS;BEGO;PRÓTESIS;A3;VarseoSmile Crown que los dientes para la impresión 3D de Ventajas para el trabajo en el laboratorio: - Los parámetros de impresión y procesamiento de fabricación óptimos con resultados reproducibles - Elevada estabilidad dimensional y gran;359.65;359,65 €;911
8212;H103360;VARSEOSMILE CROWN PLUS;BEGO;PRÓTESIS;B1;VarseoSmile Crown que los dientes para la impresión 3D de Ventajas para el trabajo en el laboratorio: - Los parámetros de impresión y procesamiento de fabricación óptimos con resultados reproducibles - Elevada estabilidad dimensional y gran;359.65;359,65 €;911
8213;H103361;VARSEOSMILE CROWN PLUS;BEGO;PRÓTESIS;B3;VarseoSmile Crown que los dientes para la impresión 3D de Ventajas para el trabajo en el laboratorio: - Los parámetros de impresión y procesamiento de fabricación óptimos con resultados reproducibles - Elevada estabilidad dimensional y gran;359.65;359,65 €;911
8214;H103362;VARSEOSMILE CROWN PLUS;BEGO;PRÓTESIS;C2;VarseoSmile Crown que los dientes para la impresión 3D de Ventajas para el trabajo en el laboratorio: - Los parámetros de impresión y procesamiento de fabricación óptimos con resultados reproducibles - Elevada estabilidad dimensional y gran;359.65;359,65 €;911
8215;H103363;VARSEOSMILE CROWN PLUS;BEGO;PRÓTESIS;D3;VarseoSmile Crown que los dientes para la impresión 3D de Ventajas para el trabajo en el laboratorio: - Los parámetros de impresión y procesamiento de fabricación óptimos con resultados reproducibles - Elevada estabilidad dimensional y gran;359.65;359,65 €;911
8216;H103364;VARSEOSMILE TEMP;BEGO;PRÓTESIS;A2;VarseoSmile Temp necesario veneres temporales de color natural. Ventajas para el trabajo en el laboratorio: - Los parámetros de impresión y procesamiento fabricación óptimos con resultados reproducibles bajo la - El acabado es sencillo gracias a las superficies - Elevada estabilidad dimensional y gran deformación en la boca del paciente;359.65;359,65 €;911
8217;H103365;VARSEOSMILE TEMP;BEGO;PRÓTESIS;A3;VarseoSmile Temp necesario veneres temporales de color natural. Ventajas para el trabajo en el laboratorio: - Los parámetros de impresión y procesamiento fabricación óptimos con resultados reproducibles bajo la - El acabado es sencillo gracias a las superficies - Elevada estabilidad dimensional y gran deformación en la boca del paciente;359.65;359,65 €;911
8218;H103366;VARSEOSMILE TEMP;BEGO;PRÓTESIS;C2;VarseoSmile Temp necesario veneres temporales de color natural. Ventajas para el trabajo en el laboratorio: - Los parámetros de impresión y procesamiento fabricación óptimos con resultados reproducibles bajo la - El acabado es sencillo gracias a las superficies - Elevada estabilidad dimensional y gran deformación en la boca del paciente;359.65;359,65 €;911
8219;H103510;DENTAMODEL;Asiga;PRÓTESIS;1kg.;esqueléticos, materiales;202.52;202,52 €;911
8220;H103518;DENTACAST;Asiga;PRÓTESIS;1 kg. Turquesa 385/405;M aterial de impresión de estructuras para para colado de metal.;202.52;202,52 €;911
8221;H103385;DENTATRAY;Asiga;PRÓTESIS;Color Turquesa;Asiga DentaTRAY reproducción de la Compatible con todo precisa y rápida para Compatibilidad con Fabricado por Asiga Certificación biocompatible:;202.52;202,52 €;912
8222;H103508;DENTALFORM;Asiga;PRÓTESIS;1Kg;color gris. Aplicaciones: 3D rosa para la ‘AntiStick’ hace que vacío. Compatibilidad;202.52;202,52 €;912
8223;H103509;DENTALSTUDY BLANCO 385UV/405NM;Asiga;PRÓTESIS;1Kg;Resina para impresión 3D DentaStudy de color blanco. Aplicaciones: Modelos de estudio de diagnóstico, modelos al de estudio de ortodoncia. Compatibilidad de la impresora: 385nm y 405nm.;143.0;143,00 €;912
8224;H103521;DENTAGUM 385/405NM;ASIGA;PRÓTESIS;1 KILO;Resina fotopolimerizable realización de máscaras gingivales;202.52;202,52 €;912
8225;H103523;DENTATRY 385/405NM;Asiga;PRÓTESIS;A1 1.000gr;Material biocompatible La producción de una dentadura de prueba para verificar que el diseño de su dentadura optimizado y la estética deseada para los pacientes y obtenga la aprobación dentadura completa. Asiga DentaTRY es fácil de tallar, ajustar ajustes necesarios en la fase de prueba.;202.52;202,52 €;912
8226;H103524;DENTATRY 385/405NM;Asiga;PRÓTESIS;A2 1.000gr;Material biocompatible La producción de una dentadura de prueba para verificar que el diseño de su dentadura optimizado y la estética deseada para los pacientes y obtenga la aprobación dentadura completa. Asiga DentaTRY es fácil de tallar, ajustar ajustes necesarios en la fase de prueba.;202.52;202,52 €;912
8227;H103525;DENTATRY 385/405NM;Asiga;PRÓTESIS;A3 1.000gr;Material biocompatible La producción de una dentadura de prueba para verificar que el diseño de su dentadura optimizado y la estética deseada para los pacientes y obtenga la aprobación dentadura completa. Asiga DentaTRY es fácil de tallar, ajustar ajustes necesarios en la fase de prueba.;202.52;202,52 €;912
8228;H103526;DENTATRY 385/405NM;Asiga;PRÓTESIS;B1 1.000gr;Material biocompatible La producción de una dentadura de prueba para verificar que el diseño de su dentadura optimizado y la estética deseada para los pacientes y obtenga la aprobación dentadura completa. Asiga DentaTRY es fácil de tallar, ajustar ajustes necesarios en la fase de prueba.;202.52;202,52 €;912
8229;H103527;DENTATRY 385/405NM;Asiga;PRÓTESIS;B2 1.000gr;Material biocompatible La producción de una dentadura de prueba para verificar que el diseño de su dentadura optimizado y la estética deseada para los pacientes y obtenga la aprobación dentadura completa. Asiga DentaTRY es fácil de tallar, ajustar ajustes necesarios en la fase de prueba.;202.52;202,52 €;912
8230;H103528;DENTATRY 385/405NM;Asiga;PRÓTESIS;B3 1.000gr;Material biocompatible La producción de una dentadura de prueba para verificar que el diseño de su dentadura optimizado y la estética deseada para los pacientes y obtenga la aprobación dentadura completa. Asiga DentaTRY es fácil de tallar, ajustar ajustes necesarios en la fase de prueba.;202.52;202,52 €;912
8231;H104880;DENTATRAY;Asiga;PRÓTESIS;Color Naranja;Asiga DentaTRAY reproducción de la Compatible con todo precisa y rápida para Compatibilidad con Fabricado por Asiga Certificación biocompatible:;202.52;202,52 €;912
8232;H103507;FOTOCLEAN LÍQUIDO;Dreve;PRÓTESIS;2 x 1000ml;Líquido;947.36;947,36 €;913
8233;H11307;LUCITONE DIGITAL PRINT 3D;Dentsply sirona lab;PRÓTESIS;Original 1000g;"Resina para dentaduras 3D Lucitone Print™ Material para imprimir diseños definitivos de bases de dentaduras - Validado para impresoras 3D ASIGA Max/ Pro, SprintRay 55/95 y Carbon - Diseñada con tecnología True Color para colores consistentes - No es necesario mezclar o medir; simplemente verter - Fácil de pulir y abrillantar";1082.08;1082,08 €;913
8234;H11308;LUCITONE DIGITAL PRINT 3D;Dentsply sirona lab;PRÓTESIS;Original opaque 1000g;"Resina para dentaduras 3D Lucitone Print™ Material para imprimir diseños definitivos de bases de dentaduras - Validado para impresoras 3D ASIGA Max/ Pro, SprintRay 55/95 y Carbon - Diseñada con tecnología True Color para colores consistentes - No es necesario mezclar o medir; simplemente verter - Fácil de pulir y abrillantar";1082.08;1082,08 €;913
8235;H11309;LUCITONE DIGITAL PRINT 3D;Dentsply sirona lab;PRÓTESIS;Light 1000g;"Resina para dentaduras 3D Lucitone Print™ Material para imprimir diseños definitivos de bases de dentaduras - Validado para impresoras 3D ASIGA Max/ Pro, SprintRay 55/95 y Carbon - Diseñada con tecnología True Color para colores consistentes - No es necesario mezclar o medir; simplemente verter - Fácil de pulir y abrillantar";1082.08;1082,08 €;913
8236;H11310;LUCITONE DIGITAL PRINT 3D;Dentsply sirona lab;PRÓTESIS;Light reddish pink 1000g;"Resina para dentaduras 3D Lucitone Print™ Material para imprimir diseños definitivos de bases de dentaduras - Validado para impresoras 3D ASIGA Max/ Pro, SprintRay 55/95 y Carbon - Diseñada con tecnología True Color para colores consistentes - No es necesario mezclar o medir; simplemente verter - Fácil de pulir y abrillantar";1082.08;1082,08 €;913
8237;H11311;LUCITONE DIGITAL PRINT 3D;Dentsply sirona lab;PRÓTESIS;Dark reddish pink 1000g;"Resina para dentaduras 3D Lucitone Print™ Material para imprimir diseños definitivos de bases de dentaduras - Validado para impresoras 3D ASIGA Max/ Pro, SprintRay 55/95 y Carbon - Diseñada con tecnología True Color para colores consistentes - No es necesario mezclar o medir; simplemente verter - Fácil de pulir y abrillantar";1082.08;1082,08 €;913
8238;H11312;LUCITONE DIGITAL VALUE 3D;Dentsply sirona lab;PRÓTESIS;A1 1000g;Lucitone Digital 3D Value. - Resina para dientes definitivos y para provisionales. - Material monolítico fácil de imprimir: rápido y sencillo - Importante paso de flujo de trabajo para verificar el diseño y la funcionalidad. - 6 colores: A1, A2, A3, B1, B2 y BL3.;947.36;947,36 €;913
8239;H11313;LUCITONE DIGITAL VALUE 3D;Dentsply sirona lab;PRÓTESIS;A2 1000g;Lucitone Digital 3D Value. - Resina para dientes definitivos y para provisionales. - Material monolítico fácil de imprimir: rápido y sencillo - Importante paso de flujo de trabajo para verificar el diseño y la funcionalidad. - 6 colores: A1, A2, A3, B1, B2 y BL3.;947.36;947,36 €;913
8240;H11314;LUCITONE DIGITAL VALUE 3D;Dentsply sirona lab;PRÓTESIS;A3 1000g;Lucitone Digital 3D Value. - Resina para dientes definitivos y para provisionales. - Material monolítico fácil de imprimir: rápido y sencillo - Importante paso de flujo de trabajo para verificar el diseño y la funcionalidad. - 6 colores: A1, A2, A3, B1, B2 y BL3.;947.36;947,36 €;913
8241;H11315;LUCITONE DIGITAL VALUE 3D;Dentsply sirona lab;PRÓTESIS;B1 1000g;Lucitone Digital 3D Value. - Resina para dientes definitivos y para provisionales. - Material monolítico fácil de imprimir: rápido y sencillo - Importante paso de flujo de trabajo para verificar el diseño y la funcionalidad. - 6 colores: A1, A2, A3, B1, B2 y BL3.;947.36;947,36 €;913
8242;H11316;LUCITONE DIGITAL VALUE 3D;Dentsply sirona lab;PRÓTESIS;B2 1000g;Lucitone Digital 3D Value. - Resina para dientes definitivos y para provisionales. - Material monolítico fácil de imprimir: rápido y sencillo - Importante paso de flujo de trabajo para verificar el diseño y la funcionalidad. - 6 colores: A1, A2, A3, B1, B2 y BL3.;947.36;947,36 €;913
8243;H11317;LUCITONE DIGITAL VALUE 3D;Dentsply sirona lab;PRÓTESIS;BL3 1000g;Lucitone Digital 3D Value. - Resina para dientes definitivos y para provisionales. - Material monolítico fácil de imprimir: rápido y sencillo - Importante paso de flujo de trabajo para verificar el diseño y la funcionalidad. - 6 colores: A1, A2, A3, B1, B2 y BL3.;947.36;947,36 €;913
8244;H11318;LUCITONE DIGITAL;Dentsply sirona;PRÓTESIS;A1 - 500 ML;Lucitone y provisionales. Material para Pro rápido y sencillo.;947.36;947,36 €;913
8245;H11319;LUCITONE DIGITAL;Dentsply sirona;PRÓTESIS;A2 - 500 ML;Lucitone y provisionales. Material para Pro rápido y sencillo.;947.36;947,36 €;913
8246;H11320;LUCITONE DIGITAL;Dentsply sirona;PRÓTESIS;A3 - 500 ML;Lucitone y provisionales. Material para Pro rápido y sencillo.;947.36;947,36 €;913
8247;H11360;LUCITONE DIGITAL;Dentsply sirona;PRÓTESIS;A3.5 - 500 ML;Lucitone y provisionales. Material para Pro rápido y sencillo.;947.36;947,36 €;913
8248;H11361;LUCITONE DIGITAL;Dentsply sirona;PRÓTESIS;A4 - 500 ML;Lucitone y provisionales. Material para Pro rápido y sencillo.;947.36;947,36 €;913
8249;H11362;LUCITONE DIGITAL;Dentsply sirona;PRÓTESIS;B1 - 500 ML;Lucitone y provisionales. Material para Pro rápido y sencillo.;947.36;947,36 €;913
8250;H11363;LUCITONE DIGITAL;Dentsply sirona;PRÓTESIS;B2 - 500 ML;Lucitone y provisionales. Material para Pro rápido y sencillo.;947.36;947,36 €;913
8251;H11364;LUCITONE DIGITAL;Dentsply sirona;PRÓTESIS;B3 - 500 ML;Lucitone y provisionales. Material para Pro rápido y sencillo.;947.36;947,36 €;913
8252;H11365;LUCITONE DIGITAL;Dentsply sirona;PRÓTESIS;B4 - 500 ML;Lucitone y provisionales. Material para Pro rápido y sencillo.;947.36;947,36 €;913
8253;H11366;LUCITONE DIGITAL;Dentsply sirona;PRÓTESIS;C1 - 500 ML;Lucitone y provisionales. Material para Pro rápido y sencillo.;947.36;947,36 €;913
8254;H11367;LUCITONE DIGITAL;Dentsply sirona;PRÓTESIS;C2 - 500 ML;Lucitone y provisionales. Material para Pro rápido y sencillo.;947.36;947,36 €;913
8255;H11368;LUCITONE DIGITAL;Dentsply sirona;PRÓTESIS;C3 - 500 ML;Lucitone y provisionales. Material para Pro rápido y sencillo.;947.36;947,36 €;913
8256;H11369;LUCITONE DIGITAL;Dentsply sirona;PRÓTESIS;C4 - 500 ML;Lucitone y provisionales. Material para Pro rápido y sencillo.;947.36;947,36 €;913
8257;H11370;LUCITONE DIGITAL;Dentsply sirona;PRÓTESIS;D2 - 500 ML;Lucitone y provisionales. Material para Pro rápido y sencillo.;947.36;947,36 €;913
8258;H11371;LUCITONE DIGITAL;Dentsply sirona;PRÓTESIS;D3 - 500 ML;Lucitone y provisionales. Material para Pro rápido y sencillo.;947.36;947,36 €;913
8259;H11372;LUCITONE DIGITAL;Dentsply sirona;PRÓTESIS;D4 - 500 ML;Lucitone y provisionales. Material para Pro rápido y sencillo.;947.36;947,36 €;913
8260;H11373;LUCITONE DIGITAL;Dentsply sirona;PRÓTESIS;BL1 - 500 ML;Lucitone y provisionales. Material para Pro rápido y sencillo.;947.36;947,36 €;913
8261;H11374;LUCITONE DIGITAL;Dentsply sirona;PRÓTESIS;BL3 - 500 ML;Lucitone y provisionales. Material para Pro rápido y sencillo.;947.36;947,36 €;913
8262;H12694;VITA VIONIC® TRY-IN RESIN;Vita;PRÓTESIS;;Es importante con la de su impresora 3D y que esta correctamente Material de impresión 3D para la confección Casi inodoro y caducidad larga Resina 3 años respecto a sus competidores Rentable Confección de pruebas en costes, para prótesis parciales y completas.;385.81;385,81 €;914
8263;H12695;VITA VIONIC® DENT RESIN;Vita;PRÓTESIS;0M3, 0,5KG;Es importante disponga de los parámetros específicos Material de impresión 3D para elementos Impresión rentable de arcadas y elementos estéticos modernos: todo esto resulta Resultados cromáticamente estables 0M3. Con VIONIC DENT RESIN irá facilidad de pulido del producto.;451.61;451,61 €;914
8264;H12696;VITA VIONIC® DENT RESIN;Vita;PRÓTESIS;A1, 0,5KG;Es importante disponga de los parámetros específicos Material de impresión 3D para elementos Impresión rentable de arcadas y elementos estéticos modernos: todo esto resulta Resultados cromáticamente estables 0M3. Con VIONIC DENT RESIN irá facilidad de pulido del producto.;451.61;451,61 €;914
8265;H12697;VITA VIONIC® DENT RESIN;Vita;PRÓTESIS;A2, 0,5KG;Es importante disponga de los parámetros específicos Material de impresión 3D para elementos Impresión rentable de arcadas y elementos estéticos modernos: todo esto resulta Resultados cromáticamente estables 0M3. Con VIONIC DENT RESIN irá facilidad de pulido del producto.;451.61;451,61 €;914
8266;H12698;VITA VIONIC® DENT RESIN;Vita;PRÓTESIS;A3, 0,5KG;Es importante disponga de los parámetros específicos Material de impresión 3D para elementos Impresión rentable de arcadas y elementos estéticos modernos: todo esto resulta Resultados cromáticamente estables 0M3. Con VIONIC DENT RESIN irá facilidad de pulido del producto.;451.61;451,61 €;914
8267;H12699;VITA VIONIC® DENT RESIN;Vita;PRÓTESIS;A3.5, 0,5KG;Es importante disponga de los parámetros específicos Material de impresión 3D para elementos Impresión rentable de arcadas y elementos estéticos modernos: todo esto resulta Resultados cromáticamente estables 0M3. Con VIONIC DENT RESIN irá facilidad de pulido del producto.;451.61;451,61 €;914
8268;H12700;VITA VIONIC® DENT RESIN;Vita;PRÓTESIS;B1, 0,5KG;Es importante disponga de los parámetros específicos Material de impresión 3D para elementos Impresión rentable de arcadas y elementos estéticos modernos: todo esto resulta Resultados cromáticamente estables 0M3. Con VIONIC DENT RESIN irá facilidad de pulido del producto.;451.61;451,61 €;914
8269;H12701;VITA VIONIC® DENT RESIN;Vita;PRÓTESIS;B3, 0,5KG;Es importante disponga de los parámetros específicos Material de impresión 3D para elementos Impresión rentable de arcadas y elementos estéticos modernos: todo esto resulta Resultados cromáticamente estables 0M3. Con VIONIC DENT RESIN irá facilidad de pulido del producto.;451.61;451,61 €;914
8270;H12702;VITA VIONIC® DENT RESIN;Vita;PRÓTESIS;C2, 0,5KG;Es importante disponga de los parámetros específicos Material de impresión 3D para elementos Impresión rentable de arcadas y elementos estéticos modernos: todo esto resulta Resultados cromáticamente estables 0M3. Con VIONIC DENT RESIN irá facilidad de pulido del producto.;451.61;451,61 €;914
8271;H12703;VITA VIONIC® DENT RESIN;Vita;PRÓTESIS;D3, 0,5KG;Es importante disponga de los parámetros específicos Material de impresión 3D para elementos Impresión rentable de arcadas y elementos estéticos modernos: todo esto resulta Resultados cromáticamente estables 0M3. Con VIONIC DENT RESIN irá facilidad de pulido del producto.;451.61;451,61 €;914
8272;H12704;VITA VIONIC® BASE RESIN IMPACT;Vita;PRÓTESIS;Pink;Es importante asegurarse de que la longitud de onda de la resina 3D coincida con la de su impresora 3D y que esta disponga de los parámetros específicos para poder imprimir correctamente Material de impresión 3D resistente a impactos para la confección de bases de prótesis definitivas. VITA VIONIC® BASE RESIN IMPACT Alcance el siguiente nivel de calidad en la impresión 3D con el material de impresión resistente a impactos para bases de prótesis removibles VITA VIONIC BASE RESIN IMPACT. La convincente;579.35;579,35 €;914
8273;H12705;VITA VIONIC® BASE RESIN IMPACT;Vita;PRÓTESIS;Pinkt;Es importante asegurarse de que la longitud de onda de la resina 3D coincida con la de su impresora 3D y que esta disponga de los parámetros específicos para poder imprimir correctamente Material de impresión 3D resistente a impactos para la confección de bases de prótesis definitivas. VITA VIONIC® BASE RESIN IMPACT Alcance el siguiente nivel de calidad en la impresión 3D con el material de impresión resistente a impactos para bases de prótesis removibles VITA VIONIC BASE RESIN IMPACT. La convincente;385.81;385,81 €;914
8274;H20487;CEREC OPTISPRAY;Sirona;PRÓTESIS;;Spray de cobertura de uso sencillo para lograr una toma precisa de la impresión óptica. Para uso intraoral y extraoral.;73.27;73,27 €;915
8275;H20488;BOQUILLA ESPECIAL CEREC OPTISPRAY 25U.;Sirona;PRÓTESIS;;Boquilla especial para Spray Cerec Optisprayl.;40.02;40,02 €;915
8276;H20489;TUBO ESTABILIZADOR CEREC OPTISPRAY 25U.;Sirona;PRÓTESIS;;Tubo estabilizador Cerec para spray Optispray;38.73;38,73 €;915
8277;H51954;VITA POWDER SCAN SPRAY;Vita;PRÓTESIS;75 ml;Es un spray de escaneado realizado con pigmentos azules en suspensión que se ajusta a las propiedades ópticas de las superficies dentales para el escaneado. Para uso intraoral e indirecto.;124.95;124,95 €;915
8278;98070;REPOSICIÓN DISCOS Ø;Proclinic;PULIDORES;Grueso;100 uds.;57.87;57,87 €;918
8279;98071;REPOSICIÓN DISCOS Ø;Proclinic;PULIDORES;Medio;100 uds.;59.1;59,10 €;918
8280;98072;REPOSICIÓN DISCOS Ø;Proclinic;PULIDORES;Fino;100 uds.;57.87;57,87 €;918
8281;98073;REPOSICIÓN DISCOS Ø;Proclinic;PULIDORES;Extrafino;100 uds.;59.1;59,10 €;918
8282;98074;DISCOS DE PULIDO PROCLINIC;Proclinic;PULIDORES;Set discos Ø 14 mm;100 uds. (25 uds.;59.1;59,10 €;918
8283;98075;REPOSICIÓN DISCOS Ø 14 MM;Proclinic;PULIDORES;Grueso;100 uds.;57.87;57,87 €;918
8284;98076;REPOSICIÓN DISCOS Ø 14 MM;Proclinic;PULIDORES;Medio;100 uds.;57.87;57,87 €;918
8285;98077;REPOSICIÓN DISCOS Ø 14 MM;Proclinic;PULIDORES;Fino;100 uds.;57.87;57,87 €;918
8286;98078;REPOSICIÓN DISCOS Ø 14 MM;Proclinic;PULIDORES;Extrafino;100 uds.;57.87;57,87 €;918
8287;98079;REPOSICIÓN DISCOS Ø 14 MM;Proclinic;PULIDORES;Mandril 3 unidades;100 uds.;57.87;57,87 €;918
8288;98080;DISCOS DE PULIDO PROCLINIC;Proclinic;PULIDORES;Set discos Ø 10 mm;100 uds. (25 uds.;59.1;59,10 €;918
8289;25194;REPOSICIÓN POP-ON 1981;3M;PULIDORES;;Caja con 85 uds. de papel. Ø;53.27;53,27 €;919
8290;25195;REPOSICIÓN POP-ON 1981;3M;PULIDORES;;Caja con 85 uds. de papel. Ø;68.0;68,00 €;919
8291;25197;REPOSICIÓN POP-ON 1981;3M;PULIDORES;;Caja con 85 uds. de papel. Ø;41.64;41,64 €;919
8292;2520;POP-ON ESTUCHE 1980;3M;PULIDORES;;Estuche surtido con 240 discos (3 uds. x 4 granos en 2 diámetros). + 1 mandril Pop-on.;140.01;140,01 €;919
8293;2521;REPOSICIÓN POP-ON 1981;3M;PULIDORES;Grueso 1981-C;Caja con 85 uds. de papel. Ø;62.16;62,16 €;919
8294;2522;REPOSICIÓN POP-ON 1981;3M;PULIDORES;Medio 1981-M;Caja con 85 uds. de papel. Ø;62.16;62,16 €;919
8295;2523;REPOSICIÓN POP-ON 1981;3M;PULIDORES;Fino 1981-F;Caja con 85 uds. de papel. Ø;62.16;62,16 €;919
8296;2524;REPOSICIÓN POP-ON 1981;3M;PULIDORES;Extrafino 1981-XF;Caja con 85 uds. de papel. Ø;62.16;62,16 €;919
8297;2525;REPOSICIÓN POP-ON 1981;3M;PULIDORES;Grueso 1982-C;Caja con 85 uds. de papel. Ø;62.16;62,16 €;919
8298;2526;REPOSICIÓN POP-ON 1981;3M;PULIDORES;Medio 1982-M;Caja con 85 uds. de papel. Ø;62.16;62,16 €;919
8299;2527;REPOSICIÓN POP-ON 1981;3M;PULIDORES;Fino 1982-F;Caja con 85 uds. de papel. Ø;62.16;62,16 €;919
8300;2528;REPOSICIÓN POP-ON 1981;3M;PULIDORES;Extrafino 1982-XF;Caja con 85 uds. de papel. Ø;62.16;62,16 €;919
8301;2529;MANDRILES;3M;PULIDORES;;hay que dedicar a conseguir un adecuado “brillo final” en las;28.5;28,50 €;919
8302;3980;POP-ON XT ESTUCHE 2380;3M;PULIDORES;;Estuche surtido con 240 discos extrafinos de plástico (3uds. x 4 granos 2 diámetros) + 1 mandril Pop-on.;146.13;146,13 €;919
8303;3981;REPOSICIÓN POP-ON XT 2381;3M;PULIDORES;Grueso 2381-C;Caja con 85 uds. de plástico. Ø 9,5 mm.;62.16;62,16 €;919
8304;3982;REPOSICIÓN POP-ON XT 2381;3M;PULIDORES;Medio 2381-M;Caja con 85 uds. de plástico. Ø 9,5 mm.;62.16;62,16 €;919
8305;3983;REPOSICIÓN POP-ON XT 2381;3M;PULIDORES;Fino 2381-F;Caja con 85 uds. de plástico. Ø 9,5 mm.;62.16;62,16 €;919
8306;3984;REPOSICIÓN POP-ON XT 2381;3M;PULIDORES;Extrafino 2381-XF;Caja con 85 uds. de plástico. Ø 9,5 mm.;62.16;62,16 €;919
8307;3985;REPOSICIÓN POP-ON XT 2381;3M;PULIDORES;Grueso 2382-C;Caja con 85 uds. de plástico. Ø 12,7 mm.;62.16;62,16 €;919
8308;3986;REPOSICIÓN POP-ON XT 2381;3M;PULIDORES;Medio 2382-M;Caja con 85 uds. de plástico. Ø 12,7 mm.;62.16;62,16 €;919
8309;3987;REPOSICIÓN POP-ON XT 2381;3M;PULIDORES;Fino 2382-F;Caja con 85 uds. de plástico. Ø 12,7 mm.;62.16;62,16 €;919
8310;3988;REPOSICIÓN POP-ON XT 2381;3M;PULIDORES;Extrafino 2382-XF;Caja con 85 uds. de plástico. Ø 12,7 mm.;62.16;62,16 €;919
8311;16750;OPTIDISC ESTUCHE;Kerr;PULIDORES;Kit: 240 discos + 5 mandriles;;149.84;149,84 €;920
8312;16751;OPTIDISC ESTUCHE;Kerr;PULIDORES;Grueso /Medio 9,6mm.;;41.24;41,24 €;920
8313;16752;OPTIDISC ESTUCHE;Kerr;PULIDORES;Grueso /Medio 12,6mm.;;41.24;41,24 €;920
8314;16753;OPTIDISC ESTUCHE;Kerr;PULIDORES;Extragrueso /Medio 9,6mm.;;41.24;41,24 €;920
8315;45711;MANDRIL PARA DISCOS 303.204;Komet;PULIDORES;;6 uds.;19.91;19,91 €;920
8316;45759;REPOSICIÓN SUPER-SNAP;Shofu;PULIDORES;Super-Snap doble cara;Caja con 50 uds.;24.05;24,05 €;920
8317;52492;DISCOS FLEXI SNAP;Edenta;PULIDORES;Discos Flexi Snap. Kit:;;24.05;24,05 €;920
8318;59273;OPTIDISC ESTUCHE;Kerr;PULIDORES;Fino 9,6mm.;;41.24;41,24 €;920
8319;59274;OPTIDISC ESTUCHE;Kerr;PULIDORES;X-Fino 9,6mm.;6 uds.;41.24;41,24 €;920
8320;59275;OPTIDISC ESTUCHE;Kerr;PULIDORES;Fino 12,6mm.;;41.24;41,24 €;920
8321;59276;OPTIDISC ESTUCHE;Kerr;PULIDORES;X-Fino 12,6mm.;;41.24;41,24 €;920
8322;69211;REPOSICIÓN SUPER-SNAP;Shofu;PULIDORES;Discos negros gruesos;Caja con 50 uds.;24.05;24,05 €;920
8323;69212;REPOSICIÓN SUPER-SNAP;Shofu;PULIDORES;Mini discos negros gruesos;Caja con 50 uds.;24.05;24,05 €;920
8324;69215;REPOSICIÓN SUPER-SNAP;Shofu;PULIDORES;Mini discos violeta;Caja con 50 uds.;24.05;24,05 €;920
8325;69216;REPOSICIÓN SUPER-SNAP;Shofu;PULIDORES;Discos verdes finos;Caja con 50 uds.;24.05;24,05 €;920
8326;69217;REPOSICIÓN SUPER-SNAP;Shofu;PULIDORES;Mini discos verdesfinos;Caja con 50 uds.;24.05;24,05 €;920
8327;69218;REPOSICIÓN SUPER-SNAP;Shofu;PULIDORES;Discos rojos superfinos;Caja con 50 uds.;24.05;24,05 €;920
8328;69219;REPOSICIÓN SUPER-SNAP;Shofu;PULIDORES;Mini discos rojos superfinos;Caja con 50 uds.;24.05;24,05 €;920
8329;74059;REPOSICIÓN SUPER-SNAP;Shofu;PULIDORES;Super-Snap discos violetas;Caja con 50 uds.;24.05;24,05 €;920
8330;96083;OPTIDISC ESTUCHE;Kerr;PULIDORES;Mandriles para discos Optidisc;;35.67;35,67 €;920
8331;96765;OPTIDISC ESTUCHE;Kerr;PULIDORES;X-Fino 15,9mm.;;41.24;41,24 €;920
8332;0116;TIRAS PROCLINIC;Proclinic;PULIDORES;;Caja de 150 uds. Grano grueso-medio. Parte central neutra.;37.12;37,12 €;921
8333;2539;TIRAS SOF-LEX;3M;PULIDORES;1956 Ancho 3,9 mm.;En rollo de 10 m. Ancho 4 mm.;41.31;41,31 €;921
8334;2540;TIRAS SOF-LEX;3M;PULIDORES;1954 Ancho 3,9 mm.;;41.31;41,31 €;921
8335;2541;TIRAS SOF-LEX;3M;PULIDORES;1954 N Ancho 1,9 mm.;;41.31;41,31 €;921
8336;6530;TIRAS DE PULIR POLYDENTIA;Polydentia;PULIDORES;Media grano: 40 micras;En rollo de 10 m. Ancho 4 mm.;27.0;27,00 €;921
8337;6531;TIRAS DE PULIR POLYDENTIA;Polydentia;PULIDORES;Gruesa grano: 60 micras;En rollo de 10 m. Ancho 4 mm.;27.0;27,00 €;921
8338;78384;TIRAS ACABADO;Bestdent;PULIDORES;Tiras pulido en poliéster.;En rollo de 10 m. Ancho 4 mm.;28.07;28,07 €;921
8339;78385;TIRAS ACABADO;Bestdent;PULIDORES;Tiras separar en acero.;En rollo de 10 m. Ancho 4 mm.;11.91;11,91 €;921
8340;01170;TIRAS SEPARAR METAL;Proclinic;PULIDORES;;Ancho 4 mm.;13.0;13,00 €;922
8341;49509;METAL STRIPS;GC;PULIDORES;Rojas. Gruesas. 140 mμ;12 unidades. 1 cara.;121.7;121,70 €;922
8342;49566;METAL STRIPS;GC;PULIDORES;Azules. Preparación. 90;12 unidades. 1 cara.;121.7;121,70 €;922
8343;49568;METAL STRIPS;GC;PULIDORES;Amarillas. Pulido. 50 mμ;12 unidades. 1 cara.;121.7;121,70 €;922
8344;5140;TIRAS DE SEPARAR METÁLICAS;Horico;PULIDORES;Tiras 6 mm. 1 lado finas;Sobre12 unidades.;9.98;9,98 €;922
8345;5168;TIRAS DE SEPARAR METÁLICAS;Horico;PULIDORES;Tiras 4 mm. 1 lado;Sobre12 unidades.;10.87;10,87 €;922
8346;51682;TIRAS 444;Horico;PULIDORES;Tiras de acabado perforadas. 10;;121.7;121,70 €;922
8347;5169;TIRAS DE SEPARAR METÁLICAS;Horico;PULIDORES;Tiras 6 mm. 1 lado;Sobre12 unidades.;9.98;9,98 €;922
8348;5170;TIRAS DE SEPARAR METÁLICAS;Horico;PULIDORES;Tiras 4 mm. 2 lados;Sobre12 unidades.;9.92;9,92 €;922
8349;5171;TIRAS DE SEPARAR METÁLICAS;Horico;PULIDORES;Tiras 4 mm. 1 lado finas;Sobre12 unidades.;10.87;10,87 €;922
8350;5172;TIRAS DE SEPARAR METÁLICAS;Horico;PULIDORES;Acero dentadas 6 mm.;Sobre12 unidades.;11.51;11,51 €;922
8351;8398;METAL STRIPS;GC;PULIDORES;Surtidas;12 unidades. 1 cara.;121.7;121,70 €;922
8352;0180;PULIDORES;Proclinic;PULIDORES;Taza. Desbastar negro;Caja de 10 uds.;28.58;28,58 €;924
8353;0181;PULIDORES;Proclinic;PULIDORES;Punta. Desbastar negro;Caja de 10 uds.;28.58;28,58 €;924
8354;0182;PULIDORES;Proclinic;PULIDORES;Taza. Pulido marrón;Caja de 10 uds.;28.58;28,58 €;924
8355;0183;PULIDORES;Proclinic;PULIDORES;Punta. Pulido marrón;Caja de 10 uds.;28.58;28,58 €;924
8356;0184;ALPHAFLEX KIT AMALGAM REDUCER;Edenta;PULIDORES;;"Surtido 12 uds. : 1 taza y 1 punta negra; 1 taza, 2 puntas y 2 minipuntas marrones; 1 taza, 2 puntas y 2 minipuntas verdes.";28.58;28,58 €;924
8357;0185;ALPHAFLEX KIT AMALGAM REDUCER;Edenta;PULIDORES;;"Surtido 12 uds. : 1 taza y 1 punta negra; 1 taza, 2 puntas y 2 minipuntas marrones; 1 taza, 2 puntas y 2 minipuntas verdes.";28.58;28,58 €;924
8358;0186;ALPHAFLEX KIT AMALGAM REDUCER;Edenta;PULIDORES;;"Surtido 12 uds. : 1 taza y 1 punta negra; 1 taza, 2 puntas y 2 minipuntas marrones; 1 taza, 2 puntas y 2 minipuntas verdes.";28.58;28,58 €;924
8359;0187;ALPHAFLEX KIT AMALGAM REDUCER;Edenta;PULIDORES;;"Surtido 12 uds. : 1 taza y 1 punta negra; 1 taza, 2 puntas y 2 minipuntas marrones; 1 taza, 2 puntas y 2 minipuntas verdes.";28.58;28,58 €;924
8360;2051;SHOFU KIT - 0308;Shofu;PULIDORES;;Caja de 12 uds.: 3 tazas y 3 puntas;27.11;27,11 €;924
8361;5410;Punta Taza Minipunta Punta Taza ALPHAFLEX REPOSICIÓN;Edenta;PULIDORES;Taza. Desbastar negro;Caja de 12 uds.;25.34;25,34 €;924
8362;5411;Punta Taza Minipunta Punta Taza ALPHAFLEX REPOSICIÓN;Edenta;PULIDORES;Punta. Desbastar negro;Caja de 12 uds.;25.34;25,34 €;924
8363;5412;Punta Taza Minipunta Punta Taza ALPHAFLEX REPOSICIÓN;Edenta;PULIDORES;Taza. Pulido marrón;Caja de 12 uds.;25.34;25,34 €;924
8364;5413;Punta Taza Minipunta Punta Taza ALPHAFLEX REPOSICIÓN;Edenta;PULIDORES;Punta. Pulido marrón;Caja de 12 uds.;25.34;25,34 €;924
8365;5414;Punta Taza Minipunta Punta Taza ALPHAFLEX REPOSICIÓN;Edenta;PULIDORES;Minipunta. Pulido marrón;Caja de 12 uds.;25.34;25,34 €;924
8366;5415;Punta Taza Minipunta Punta Taza ALPHAFLEX REPOSICIÓN;Edenta;PULIDORES;Taza. Brillo final verde;Caja de 12 uds.;25.34;25,34 €;924
8367;5416;Punta Taza Minipunta Punta Taza ALPHAFLEX REPOSICIÓN;Edenta;PULIDORES;Punta. Brillo final verde;Caja de 12 uds.;25.34;25,34 €;924
8368;5417;Punta Taza Minipunta Punta Taza ALPHAFLEX REPOSICIÓN;Edenta;PULIDORES;Minipunta. Brillo final verde;Caja de 12 uds.;25.34;25,34 €;924
8369;5419;ALPHAFLEX KIT AMALGAM REDUCER;Edenta;PULIDORES;;"Surtido 12 uds. : 1 taza y 1 punta negra; 1 taza, 2 puntas y 2 minipuntas marrones; 1 taza, 2 puntas y 2 minipuntas verdes.";27.0;27,00 €;924
8370;98062;PULIDOR EVEFLEX TWIST;Eve;PULIDORES;ET-AF14 10 uds. Gris grano grueso;Pulidores para amalgama no preciosos. Sistema de pulido en 3;25.34;25,34 €;924
8371;98064;PULIDOR EVEFLEX TWIST;Eve;PULIDORES;ET-BV14 10 uds. Rosa grano medio;Pulidores para amalgama no preciosos. Sistema de pulido en 3;25.34;25,34 €;924
8372;98066;PULIDOR EVEFLEX TWIST;Eve;PULIDORES;ET-GH14 10 uds. Verde grano;Pulidores para amalgama no preciosos. Sistema de pulido en 3;25.34;25,34 €;924
8373;98068;PULIDOR EVEFLEX TWIST;Eve;PULIDORES;Set RA240 12 uds.;Pulidores para amalgama no preciosos. Sistema de pulido en 3;25.34;25,34 €;924
8374;01872;PUNTAS DE ARKANSAS;Proclinic;PULIDORES;Puntas Arkansas F.G. (10 uds.);Caja de 10 uds.;17.57;17,57 €;925
8375;01873;PUNTAS DE ARKANSAS;Proclinic;PULIDORES;Puntas Arkansas C.A. (10 uds.);Caja de 10 uds.;17.57;17,57 €;925
8376;2243;Pulido marrón Brillo Final Verde Super Verde SHOFU KIT REPOSICIÓN;Shofu;PULIDORES;Punta. Pulido marrón;Caja de 12 uds.;32.32;32,32 €;925
8377;2244;Pulido marrón Brillo Final Verde Super Verde SHOFU KIT REPOSICIÓN;Shofu;PULIDORES;Punta. Brillo final verde;Caja de 12 uds.;32.32;32,32 €;925
8378;2245;Pulido marrón Brillo Final Verde Super Verde SHOFU KIT REPOSICIÓN;Shofu;PULIDORES;Minipunta. Super verde;Caja de 12 uds.;32.32;32,32 €;925
8379;25737;PULIDORES PLUS COMPOSITE;Proclinic Expert;PULIDORES;;2 unidades.;27.56;27,56 €;925
8380;5401;EXA ESPECIAL COMPOSITE;Edenta;PULIDORES;;Surtido de 6 gomas;51.94;51,94 €;925
8381;5402;EXA ESPECIAL COMPOSITE;Edenta;PULIDORES;Copas beige para C.A.;Caja de 12 uds.;25.34;25,34 €;925
8382;5403;EXA ESPECIAL COMPOSITE;Edenta;PULIDORES;Mini puntas beige para C.A.;Caja de 12 uds.;25.34;25,34 €;925
8383;5450;EXA ESPECIAL COMPOSITE;Edenta;PULIDORES;Arkansas 01.025 FG;Caja de 12 uds.;33.57;33,57 €;925
8384;5928;EXA ESPECIAL COMPOSITE;Edenta;PULIDORES;Arkansas 03.025 FG;Caja de 12 uds.;33.57;33,57 €;925
8385;5929;EXA ESPECIAL COMPOSITE;Edenta;PULIDORES;Arkansas 04.025 FG;Caja de 12 uds.;51.94;51,94 €;925
8386;96475;Pulido marrón Brillo Final Verde Super Verde SHOFU KIT REPOSICIÓN;Shofu;PULIDORES;Pulidor Marron 401 Copa C.A;Caja de 12 uds.;32.32;32,32 €;925
8387;96476;Pulido marrón Brillo Final Verde Super Verde SHOFU KIT REPOSICIÓN;Shofu;PULIDORES;Pulidor Verde 402 Copa C.A;Caja de 12 uds.;32.32;32,32 €;925
8388;98081;PUNTAS DE ARKANSAS PARA;Bestdent;PULIDORES;;10 uds.;25.23;25,23 €;925
8389;51511;adicional* KIT ACABADO COMPOSITE;Edenta;PULIDORES;;Kit pulido composite: 6 fresas de tungsteno. Con el pulidor rosa + 6 pulidores diamentados TopGloss. un prepulido.;100.72;100,72 €;926
8390;5681;PULIDORES DIAGLOSS;Edenta;PULIDORES;;Pulidores diamantados para el contorneado brillo de composite.;91.85;91,85 €;926
8391;97533;PULIDOR DIACOMP PLUS;Eve;PULIDORES;DCP10M Rosa grano medio;Sistema de pulido impregnados con resultados, incluso Compatible con;9.25;9,25 €;926
8392;97534;PULIDOR DIACOMP PLUS;Eve;PULIDORES;DCP10M Rosa grano medio;Sistema de pulido impregnados con resultados, incluso Compatible con;87.89;87,89 €;926
8393;97535;PULIDOR DIACOMP PLUS;Eve;PULIDORES;DCP14M Rosa grano medio;Sistema de pulido impregnados con resultados, incluso Compatible con;10.06;10,06 €;926
8394;97536;PULIDOR DIACOMP PLUS;Eve;PULIDORES;DCP14M Rosa grano medio;Sistema de pulido impregnados con resultados, incluso Compatible con;95.6;95,60 €;926
8395;97537;PULIDOR DIACOMP PLUS;Eve;PULIDORES;DCP10F Gris grano fino 1;Sistema de pulido impregnados con resultados, incluso Compatible con;9.25;9,25 €;926
8396;97538;PULIDOR DIACOMP PLUS;Eve;PULIDORES;DCP10F Gris grano fino 10;Sistema de pulido impregnados con resultados, incluso Compatible con;87.89;87,89 €;926
8397;97539;PULIDOR DIACOMP PLUS;Eve;PULIDORES;DCP14F Gris grano fino 1;Sistema de pulido impregnados con resultados, incluso Compatible con;10.06;10,06 €;926
8398;97540;PULIDOR DIACOMP PLUS;Eve;PULIDORES;DCP14F Gris grano fino 10;Sistema de pulido impregnados con resultados, incluso Compatible con;95.6;95,60 €;926
8399;97541;PULIDOR DIACOMP PLUS;Eve;PULIDORES;Set 343 11 mm diámetro;Sistema de pulido impregnados con resultados, incluso Compatible con;53.19;53,19 €;926
8400;97542;PULIDOR DIACOMP PLUS;Eve;PULIDORES;Set 342 14 mm diámetro;Sistema de pulido impregnados con resultados, incluso Compatible con;57.91;57,91 €;926
8401;2052;KIT PULIDORES;Shofu;PULIDORES;Para turbinas (0302).;;95.68;95,68 €;928
8402;25903;PULIDORES DIACOMP PLUS;Eve;PULIDORES;Cepillo rosa 1ud.;;7.79;7,79 €;928
8403;25904;PULIDORES DIACOMP PLUS;Eve;PULIDORES;Cepillo rosa 10 uds.;;74.06;74,06 €;928
8404;25905;PULIDORES DIACOMP PLUS;Eve;PULIDORES;Punta rosa 1ud.;;6.79;6,79 €;928
8405;25906;PULIDORES DIACOMP PLUS;Eve;PULIDORES;Punta rosa 10 uds.;;64.47;64,47 €;928
8406;25907;PULIDORES DIACOMP PLUS;Eve;PULIDORES;Copa rosa 1ud.;;6.79;6,79 €;928
8407;25908;PULIDORES DIACOMP PLUS;Eve;PULIDORES;Copa rosa 10 uds.;;64.47;64,47 €;928
8408;25909;PULIDORES DIACOMP PLUS;Eve;PULIDORES;Cepillo gris 1ud.;10 unidades (5u de grano;7.79;7,79 €;928
8409;25910;PULIDORES DIACOMP PLUS;Eve;PULIDORES;Cepillo gris 10 uds.;;74.06;74,06 €;928
8410;25911;PULIDORES DIACOMP PLUS;Eve;PULIDORES;Punta gris 1ud.;10 unidades (5u de grano;6.79;6,79 €;928
8411;25912;DIACOMP PLUS OCCLUFLEX MIX SET RA 345;Eve;PULIDORES;Punta gris 10 uds.;10 unidades (5u de grano;64.47;64,47 €;928
8412;25913;PULIDORES DIACOMP PLUS;Eve;PULIDORES;Copa gris 1ud.;10 unidades (5u de grano;6.79;6,79 €;928
8413;25914;DIACOMP PLUS OCCLUFLEX MIX SET RA 345;Eve;PULIDORES;Copa gris 10 uds.;10 unidades (5u de grano;64.47;64,47 €;928
8414;25915;DIACOMP PLUS OCCLUFLEX MIX SET RA 345;Eve;PULIDORES;Set diacomp plus 8 uds.;10 unidades (5u de grano;6.79;6,79 €;928
8415;25930;DIACOMP PLUS OCCLUFLEX MIX SET RA 345;Eve;PULIDORES;;10 unidades (5u de grano;49.07;49,07 €;928
8416;69170;KIT PULIDORES;Shofu;PULIDORES;Para C.A. (0306).;6 unidades (3u. de;57.91;57,91 €;928
8417;98093;PULIDORES DIACOMP PLUS;EVE;PULIDORES;14M;1 unidad;10.07;10,07 €;928
8418;98094;PULIDORES DIACOMP PLUS;EVE;PULIDORES;14M;10 unidades;95.68;95,68 €;928
8419;98095;PULIDORES DIACOMP PLUS;EVE;PULIDORES;14F;1 unidad;10.07;10,07 €;928
8420;98096;PULIDORES DIACOMP PLUS;EVE;PULIDORES;14F;10 unidades;95.68;95,68 €;928
8421;98097;PULIDORES DIACOMP PLUS;EVE;PULIDORES;Surtido;6 unidades (3u. de;57.91;57,91 €;928
8422;2242;PIEDRAS VERDES;Shofu;PULIDORES;F.G. (0104);Caja de 12 puntas;33.87;33,87 €;929
8423;2713;ENHANCE;Dentsply;PULIDORES;Kit;Estuche pulido de todas restauraciones en resina. Surtido con 20 discos, 10 copas y 10 puntas + 25 copas de espuma de pulido y 2 prisma gloss, fino y extrafino.;201.35;201,35 €;929
8424;27661;ENHANCE;Dentsply;PULIDORES;40 discos.;Estuche pulido de todas restauraciones en resina. Surtido con 20 discos, 10 copas y 10 puntas + 25 copas de espuma de pulido y 2 prisma gloss, fino y extrafino.;107.91;107,91 €;929
8425;27662;ENHANCE;Dentsply;PULIDORES;40 copas.;Estuche pulido de todas restauraciones en resina. Surtido con 20 discos, 10 copas y 10 puntas + 25 copas de espuma de pulido y 2 prisma gloss, fino y extrafino.;107.91;107,91 €;929
8426;27663;ENHANCE;Dentsply;PULIDORES;40 puntas.;Estuche pulido de todas restauraciones en resina. Surtido con 20 discos, 10 copas y 10 puntas + 25 copas de espuma de pulido y 2 prisma gloss, fino y extrafino.;107.91;107,91 €;929
8427;3077;PRISMA GLOSS;Dentsply;PULIDORES;Fino;Pasta para el pulido Jeringa de 4 gr.;75.22;75,22 €;929
8428;30779;PRISMA GLOSS;Dentsply;PULIDORES;Extrafino;Pasta para el pulido Jeringa de 4 gr.;74.11;74,11 €;929
8429;69190;PIEDRAS VERDES;Shofu;PULIDORES;C.A. (0060);Caja de 12 puntas;33.87;33,87 €;929
8430;93751;DIAPOLISHER PASTA;G.C.;PULIDORES;;1 jeringa 2 gr.;57.4;57,40 €;929
8431;96531;PIEDRAS VERDES;Shofu;PULIDORES;Punta dura Green CN1 F.G. 024;Caja de 12 puntas;33.87;33,87 €;929
8432;99920;PIEDRAS VERDES;Shofu;PULIDORES;Fresas dura Green CN1 C.A. 024;Caja de 12 puntas;33.87;33,87 €;929
8433;1634;CEPILLOS OCCLUBRUSH DORADOS;Kerr;PULIDORES;Copa 3 uds.;Cepillo con agente de pulido incorporado (carburo de silicio) en las cerdas. Para composites, amalgamas y cerámica. Esterilizables.;34.59;34,59 €;930
8434;16340;CEPILLOS OCCLUBRUSH DORADOS;Kerr;PULIDORES;Surtido 15 uds.;Cepillo con agente de pulido incorporado (carburo de silicio) en las cerdas. Para composites, amalgamas y cerámica. Esterilizables.;141.87;141,87 €;930
8435;16341;CEPILLOS OCCLUBRUSH DORADOS;Kerr;PULIDORES;Copa pequeña 3 uds.;Cepillo con agente de pulido incorporado (carburo de silicio) en las cerdas. Para composites, amalgamas y cerámica. Esterilizables.;34.59;34,59 €;930
8436;16342;CEPILLOS OCCLUBRUSH DORADOS;Kerr;PULIDORES;Punta 3 uds.;Cepillo con agente de pulido incorporado (carburo de silicio) en las cerdas. Para composites, amalgamas y cerámica. Esterilizables.;34.59;34,59 €;930
8437;27891;PULIDORES POGO MICROPULIDO;Dentsply;PULIDORES;Discos. 40 uds.;10 uds.;167.5;167,50 €;930
8438;27892;PULIDORES POGO MICROPULIDO;Dentsply;PULIDORES;Copas. 40 uds.;10 uds.;167.5;167,50 €;930
8439;27893;PULIDORES POGO MICROPULIDO;Dentsply;PULIDORES;Puntas. 40 uds.;10 uds.;167.5;167,50 €;930
8440;81838;CEPILLO DE PULIDO DORADO;Proclinic;PULIDORES;;10 uds.;167.5;167,50 €;930
8441;81839;CEPILLO DE PULIDO DORADO;Bestdent;PULIDORES;;10 uds.;62.15;62,15 €;930
8442;9776;SHINY SF PULIDOR ALGODÓN;Micerium;PULIDORES;;12 unidades restaurador, composite o compómero. y diamante.;32.76;32,76 €;930
8443;98633;PULIDORES JIFFY;Ultradent;PULIDORES;Cepillos Jiffy Pulido;10 uds.;139.2;139,20 €;930
8444;25738;DISILICATO LITIO;Proclinic Expert;PULIDORES;;2 uds.;10.06;10,06 €;931
8445;25739;PULIDORES ZIRCONIO;Proclinic Expert;PULIDORES;;2 uds.;21.25;21,25 €;931
8446;25916;PULIDORES DIAPOL;Eve;PULIDORES;Punta azul 1ud.;;6.57;6,57 €;931
8447;25917;PULIDOR DIAPOL TWIST C.A.;Eve;PULIDORES;Cepillo rosa 10 uds.;Pulidores para cerámica en sistema de 3 pasos con partículas de diamante impregnado. Correcciones rápidas sin;62.43;62,43 €;931
8448;25918;PULIDORES DIAPOL;Eve;PULIDORES;Copa azul 1ud.;;6.57;6,57 €;931
8449;25919;PULIDOR DIAPOL TWIST C.A.;Eve;PULIDORES;Punta rosa 10 uds.;Pulidores para cerámica en sistema de 3 pasos con partículas de diamante impregnado. Correcciones rápidas sin;62.43;62,43 €;931
8450;25920;PULIDORES DIAPOL;Eve;PULIDORES;Punta rosa 1ud.;;6.57;6,57 €;931
8451;25921;PULIDOR DIAPOL TWIST C.A.;Eve;PULIDORES;Copa rosa 10 uds.;Pulidores para cerámica en sistema de 3 pasos con partículas de diamante impregnado. Correcciones rápidas sin;62.43;62,43 €;931
8452;25922;PULIDORES DIAPOL;Eve;PULIDORES;Copa rosa 1ud.;;6.57;6,57 €;931
8453;25923;PULIDOR DIAPOL TWIST C.A.;Eve;PULIDORES;Cepillo gris 10 uds.;Pulidores para cerámica en sistema de 3 pasos con partículas de diamante impregnado. Correcciones rápidas sin;62.43;62,43 €;931
8454;25924;PULIDORES DIAPOL;Eve;PULIDORES;Punta gris 1ud.;;6.57;6,57 €;931
8455;25925;PULIDOR DIAPOL TWIST C.A.;Eve;PULIDORES;Punta gris 10 uds.;Pulidores para cerámica en sistema de 3 pasos con partículas de diamante impregnado. Correcciones rápidas sin;62.43;62,43 €;931
8456;25926;PULIDORES DIAPOL;Eve;PULIDORES;Copa gris 1ud.;;6.57;6,57 €;931
8457;25927;PULIDOR DIAPOL TWIST C.A.;Eve;PULIDORES;Copa gris 10 uds.;Pulidores para cerámica en sistema de 3 pasos con partículas de diamante impregnado. Correcciones rápidas sin;62.43;62,43 €;931
8458;25928;PULIDOR DIAPOL TWIST C.A.;Eve;PULIDORES;Set diapol 9 uds.;Pulidores para cerámica en sistema de 3 pasos con partículas de diamante impregnado. Correcciones rápidas sin;6.57;6,57 €;931
8459;97543;PULIDOR DIAPOL TWIST C.A.;Eve;PULIDORES;DT-W14DG 1 ud. Azul grano grueso;Pulidores para cerámica en sistema de 3 pasos con partículas de diamante impregnado. Correcciones rápidas sin;10.06;10,06 €;931
8460;97544;PULIDOR DIAPOL TWIST C.A.;Eve;PULIDORES;DT-W14DG 10 uds. Azul grano grueso;Pulidores para cerámica en sistema de 3 pasos con partículas de diamante impregnado. Correcciones rápidas sin;95.6;95,60 €;931
8461;97545;PULIDOR DIAPOL TWIST C.A.;Eve;PULIDORES;DT-W14DMF 1 ud. Rosa grano medio;Pulidores para cerámica en sistema de 3 pasos con partículas de diamante impregnado. Correcciones rápidas sin;10.06;10,06 €;931
8462;97546;PULIDOR DIAPOL TWIST C.A.;Eve;PULIDORES;DT-W14DMF 10 uds. Rosa grano medio;Pulidores para cerámica en sistema de 3 pasos con partículas de diamante impregnado. Correcciones rápidas sin;95.6;95,60 €;931
8463;98059;PULIDOR DIAPOL TWIST C.A.;Eve;PULIDORES;DT-W14D 1 ud. Gris grano fino;Pulidores para cerámica en sistema de 3 pasos con partículas de diamante impregnado. Correcciones rápidas sin;10.06;10,06 €;931
8464;98060;PULIDOR DIAPOL TWIST C.A.;Eve;PULIDORES;DT-W14D 10 uds. Gris grano fino;Pulidores para cerámica en sistema de 3 pasos con partículas de diamante impregnado. Correcciones rápidas sin;95.6;95,60 €;931
8465;98061;PULIDOR DIAPOL TWIST C.A.;Eve;PULIDORES;Set 306 14 mm. diámetro 6 uds.;Pulidores para cerámica en sistema de 3 pasos con partículas de diamante impregnado. Correcciones rápidas sin;57.91;57,91 €;931
8466;52501;Produto Dentário;;PULIDORES;;;74.05;74,05 €;932
8467;52502;Produto Dentário;;PULIDORES;;;74.05;74,05 €;932
8468;52503;Produto Dentário;;PULIDORES;;;74.05;74,05 €;932
8469;52504;Produto Dentário;;PULIDORES;;;59.14;59,14 €;932
8470;52505;Produto Dentário;;PULIDORES;;;59.14;59,14 €;932
8471;52506;Produto Dentário;;PULIDORES;;;59.14;59,14 €;932
8472;52507;Produto Dentário;;PULIDORES;;;59.14;59,14 €;932
8473;52508;Produto Dentário;;PULIDORES;;;59.14;59,14 €;932
8474;52509;Produto Dentário;;PULIDORES;;;59.14;59,14 €;932
8475;5426;PULIDORES CERAPOL;Edenta;PULIDORES;Caja de 12 puntas.;Para cerámica.;25.34;25,34 €;932
8476;5427;PULIDORES CERAPOL;Edenta;PULIDORES;Caja de 12 copas.;Para cerámica.;25.34;25,34 €;932
8477;63296;EVE DIAPOL OCCLUFLEX;Eve;PULIDORES;Azul grano grueso;10 unidades.;74.05;74,05 €;932
8478;63297;EVE DIAPOL OCCLUFLEX;Eve;PULIDORES;Rosa grano medio;10 unidades.;74.05;74,05 €;932
8479;63298;EVE DIAPOL OCCLUFLEX;Eve;PULIDORES;Gris grano fino;10 unidades.;74.05;74,05 €;932
8480;63299;EVE DIAPOL OCCLUFLEX;Eve;PULIDORES;Set surtido 9 uds.;10 unidades.;66.69;66,69 €;932
8481;7691;PULIDORES DE CERÁMICA D+Z;D+Z;PULIDORES;Copas diapol;Caja de 2 uds. Para el brillo final de la cerámica.;23.89;23,89 €;932
8482;7697;PULIDORES DE CERÁMICA D+Z;D+Z;PULIDORES;Puntas diapol;Caja de 2 uds. Para el brillo final de la cerámica.;18.08;18,08 €;932
8483;H14295;CEPILLO BORREGO CON EJE MONTADO;Mestra;PULIDORES;Cepillo de algodón montado;12 uds.;28.5;28,50 €;932
8484;43280;PULIDO RESINA-ACRÍLICO;Eve;PULIDORES;;6 uds. 3 puntas;19.06;19,06 €;933
8485;5421;KIT PULIDO PARA ACRÍLICOS;Edenta;PULIDORES;;6 puntas de P.M. para resinas.;22.24;22,24 €;933
8486;5423;KIT PULIDO PRÓTESIS P.M;Edenta;PULIDORES;;Surtido para pieza 4 puntas grises + 1u. x mandril + 1 punta amarilla discos de pulir) + 1 fresero. + 1 fresa P.M.;40.55;40,55 €;933
8487;5424;PUNTAS PULIDO ACRÍLICOS;Edenta;PULIDORES;;6 puntas g rises;19.06;19,06 €;933
8488;90577;KIT DE PULIDO ACRÍLICO;Eve;PULIDORES;;7 unidades (4u. x pulidores para discos + 2u. x;26.28;26,28 €;933
8489;3525;PLACAS INSIGHT;Carestream;RADIOGRAFÍA;IP-21 INSIGHT tamaño 2;;111.99;111,99 €;936
8490;3526;PLACAS INSIGHT;Carestream;RADIOGRAFÍA;IP-01 INSIGHT NIÑOS tamaño;3 x 4 cm. Caja 100 uds. Películas con bolsa protectora de plástico para prevenir la infección durante la manipulación.;87.86;87,86 €;936
8491;3528;PLACAS INSIGHT;Carestream;RADIOGRAFÍA;IO-41 INSIGHT OCLUSALES tamaño;3 x 4 cm. Caja 100 uds. Películas con bolsa protectora de plástico para prevenir la infección durante la manipulación.;107.2;107,20 €;936
8492;3544;IP-21C INSIGHT CLINASEPT;Carestream;RADIOGRAFÍA;;3 x 4 cm. Caja 100 uds. Películas con bolsa protectora de plástico para prevenir la infección durante la manipulación.;105.44;105,44 €;936
8493;3549;PLACAS INSIGHT;Carestream;RADIOGRAFÍA;IP-22 INSIGHT DOBLES tamaño;3 x 4 cm. Caja 100 uds. Películas con bolsa protectora de plástico para prevenir la infección durante la manipulación.;152.9;152,90 €;936
8494;2206;ERGONOM X AUTORREVELABLES;Dentalfilm;RADIOGRAFÍA;;Caja de 50 uds. Revelador y fijador;81.73;81,73 €;937
8495;3501;PLACAS ULTRASPEED;Carestream;RADIOGRAFÍA;DF-58 ULTRASPEED;;93.48;93,48 €;937
8496;3502;PLACAS ULTRASPEED;Carestream;RADIOGRAFÍA;DF-57 ULTRASPEED DOBLES;;93.48;93,48 €;937
8497;3503;PLACAS ULTRASPEED;Carestream;RADIOGRAFÍA;DF-54 ULTRASPEED NIÑOS;;140.8;140,80 €;937
8498;3538;ORTOPANORÁMICA T-MAT G/RA;Carestream;RADIOGRAFÍA;T-MAT G/RA 15 x 30 cm.;Caja de 50 uds. o ropa, y además el monobaño siempre;123.4;123,40 €;937
8499;4309;SD-SPEEDX AUTORREVELABLES;Medex;RADIOGRAFÍA;3 x 4 cm.;Caja de 50 uds Sin necesidad de;76.42;76,42 €;937
8500;3536;REVELADOR / FIJADOR READYMATIC;Car estream;RADIOGRAFÍA;Revelador 2 x 5 l. Negro.;Listo para el uso. Para reveladoras automáticas;53.32;53,32 €;938
8501;3537;REVELADOR / FIJADOR READYMATIC;Car estream;RADIOGRAFÍA;Fijador 2 x 5 l. Rojo;Listo para el uso. Para reveladoras automáticas;53.32;53,32 €;938
8502;3540;TELEPANORAMICA T-MAT-G;Carestream;RADIOGRAFÍA;;Caja de 50 uds.;130.56;130,56 €;938
8503;73118;SET PARA REVELADORAS;Dürr;RADIOGRAFÍA;Automat XR 24/C+.;Listo para el uso. Para reveladoras automáticas;27.3;27,30 €;938
8504;99986;REVELADOR / FIJADOR;CARESTREAM;RADIOGRAFÍA;Revelador 4X1L;4 unidades de 230 solución al mezclar con agua);27.3;27,30 €;938
8505;99987;REVELADOR / FIJADOR;CARESTREAM;RADIOGRAFÍA;Fijador 4x1L;4 unidades de 230 solución al mezclar con agua);27.3;27,30 €;938
8506;42270;REVELADORA MANUAL;Mestra;RADIOGRAFÍA;;Con 4 vasos. Totalmente de metacrilato rojo.;295.14;295,14 €;939
8507;63251;REVELADORA MANUAL;Mestra;RADIOGRAFÍA;Collar plomo 0,35 mm.;Con 4 vasos. Totalmente de metacrilato rojo.;0.35;0,35 €;939
8508;63252;REVELADORA MANUAL;Mestra;RADIOGRAFÍA;Delantal plomo c/ collar niño 0,35 mm.;Con 4 vasos. Totalmente de metacrilato rojo.;0.35;0,35 €;939
8509;63253;REVELADORA MANUAL;Mestra;RADIOGRAFÍA;Delantal plomo c/collar adulto 0,35 mm.;Con 4 vasos. Totalmente de metacrilato rojo.;0.35;0,35 €;939
8510;63256;REVELADORA MANUAL;Mestra;RADIOGRAFÍA;Delantal plomo c/collar adulto 0,5 mm.;Con 4 vasos. Totalmente de metacrilato rojo.;234.84;234,84 €;939
8511;63257;REVELADORA MANUAL;Mestra;RADIOGRAFÍA;Chaleco plomo adulto 0,35 mm.;Con 4 vasos. Totalmente de metacrilato rojo.;0.35;0,35 €;939
8512;63268;REVELADORA MANUAL;Mestra;RADIOGRAFÍA;Capa-Poncho 0,35 mm.;Con 4 vasos. Totalmente de metacrilato rojo.;0.35;0,35 €;939
8513;63269;REVELADORA MANUAL;Mestra;RADIOGRAFÍA;Delantal sin collar 0,35 mm.;Con 4 vasos. Totalmente de metacrilato rojo.;0.35;0,35 €;939
8514;63300;REVELADORA MANUAL;Mestra;RADIOGRAFÍA;Chaleco plomo niño 0,35 mm.;Con 4 vasos. Totalmente de metacrilato rojo.;0.35;0,35 €;939
8515;1629;CENTRADOR RX KWIK-BITE;Kerr;RADIOGRAFÍA;;5 unidades;89.85;89,85 €;940
8516;1630;CENTRADOR RX SUPER-BITE;Kerr;RADIOGRAFÍA;;Portarradiografías para radiografías XCP de diente entero: 4 anteriores;36.89;36,89 €;940
8517;1641;CENTRADOR RX ENDO-BITE;Kerr;RADIOGRAFÍA;Endo-Bite;Portarradiografías horizontales. Se evitan radiogra- exposiciones de radiaciones para los diques . 2 anteriores;156.93;156,93 €;940
8518;1659;TEST SET RX;Kerr;RADIOGRAFÍA;;1 kwik Bite, 1 Super Bite Anterior, 1 Super Bite Posterior, 1 Paro Bite, para trabajos con 1 Endo Bite Anterior, 1 Endo Bite + 2 posteriores. Posterior, 6 dispositivos de ayuda al;156.93;156,93 €;940
8519;4307;XCP 2000;Denstply;RADIOGRAFÍA;25 uds. Bloques mordida XCP;Portarradiografías para radiografías XCP de diente entero: 4 anteriores;36.89;36,89 €;940
8520;4308;XCP 2000;Denstply;RADIOGRAFÍA;25 uds. Bloques mordida XCP;Portarradiografías para radiografías XCP de diente entero: 4 anteriores;36.89;36,89 €;940
8521;49528;CENTRADOR RX ENDO-BITE;Kerr;RADIOGRAFÍA;Endo-Bite posterior;Portarradiografías horizontales. Se evitan radiogra- exposiciones de radiaciones para los diques . 2 anteriores;156.93;156,93 €;940
8522;1665;KWIK-BITE SENSO;Kerr;RADIOGRAFÍA;Kwik-Bite Senso. Kit con 4 soportes de captador y 1 dispositivo;Kwik-Bite Senso es el primer soporte de captador universal para la representación digital directa de la imagen con placa de mordida.;276.31;276,31 €;941
8523;1666;KWIK-BITE SENSO;Kerr;RADIOGRAFÍA;Funda para Captador. 500 uds. 4 x 21 cm.;Kwik-Bite Senso es el primer soporte de captador universal para la representación digital directa de la imagen con placa de mordida.;30.99;30,99 €;941
8524;35519;KWIK-BITE SENSO;Kerr;RADIOGRAFÍA;Funda para Captador. 500 uds. 3,5 x 20,5 cm.;Kwik-Bite Senso es el primer soporte de captador universal para la representación digital directa de la imagen con placa de mordida.;30.99;30,99 €;941
8525;13493;REPOSICIÓN XCP BRAZOS POSICIONADORES;Dentsply Rinn;RADIOGRAFÍA;XCP Brazo Anterior - Azul;1 unidad XCP-ORA + 1 anillo endo/verde +;55.19;55,19 €;942
8526;13494;XCP-DS FIT KIT COMPLETO;Dentsply Rinn;RADIOGRAFÍA;;1 Anillo XCP-ORA + 1 Brazo posicionador 1 brazo endo/verde + 10 x bloque azul, posterior/amarillo, aleta de zontal/rojo, endo/verde).;390.51;390,51 €;942
8527;43080;REPOSICIÓN XCP BRAZOS POSICIONADORES;Dentsply Rinn;RADIOGRAFÍA;XCP Brazo Posterior - Amarillo;1 unidad XCP-ORA + 1 anillo endo/verde +;55.19;55,19 €;942
8528;43081;REPOSICIÓN XCP BRAZOS POSICIONADORES;Dentsply Rinn;RADIOGRAFÍA;XCP Brazo Aleta De Mordida - Rojo;1 unidad XCP-ORA + 1 anillo endo/verde +;55.19;55,19 €;942
8529;43084;REPOSICIÓN XCP BRAZOS POSICIONADORES;Dentsply Rinn;RADIOGRAFÍA;XCP Brazo Endo - Verde;1 unidad XCP-ORA + 1 anillo endo/verde +;390.51;390,51 €;942
8530;43087;REPOSICIÓN BLOQUES MORDIDA XCP-DS;DENTSPLY RINN;RADIOGRAFÍA;XCP-DS Fit anterior - Azul;2 unidades;55.19;55,19 €;942
8531;98746;REPOSICIÓN BLOQUES MORDIDA XCP-DS;DENTSPLY RINN;RADIOGRAFÍA;XCP-DS Fit horizontal BW - Rojo;2 unidades;55.19;55,19 €;942
8532;98748;REPOSICIÓN BLOQUES MORDIDA XCP-DS;DENTSPLY RINN;RADIOGRAFÍA;XCP-DS Fit endo BW - Verde;2 unidades;55.19;55,19 €;942
8533;98755;REPOSICIÓN BLOQUES MORDIDA XCP-DS;DENTSPLY RINN;RADIOGRAFÍA;XCP-DS Fit vertical BW - Rojo;2 unidades;55.19;55,19 €;942
8534;98757;REPOSICIÓN BLOQUES MORDIDA XCP-DS;DENTSPLY RINN;RADIOGRAFÍA;XCP-DS Fit posterior - Amarillo;2 unidades;55.19;55,19 €;942
8535;0802;PORTA-RADIOGRAFÍAS;Hager;RADIOGRAFÍA;3 uds.;;26.65;26,65 €;943
8536;0863;EMMENIX FLAP;Hager & Werken;RADIOGRAFÍA;500 uds.;Para la técnica aleta de mordida.;53.95;53,95 €;943
8537;15750;POSICIONADORES TROLLBYTE KIMERA;Troll Dental;RADIOGRAFÍA;Talla 0;3 posicionadores + 1 anillo universal;208.2;208,20 €;943
8538;15751;POSICIONADORES TROLLBYTE KIMERA;Troll Dental;RADIOGRAFÍA;Talla 1;3 posicionadores + 1 anillo universal;208.2;208,20 €;943
8539;15752;POSICIONADORES TROLLBYTE KIMERA;Troll Dental;RADIOGRAFÍA;Carestream 5100/5200/6100/6200;3 posicionadores + 1 anillo universal;208.2;208,20 €;943
8540;15754;POSICIONADORES TROLLBYTE KIMERA;Troll Dental;RADIOGRAFÍA;Acteon Sopix y Sopix 2 Talla;3 posicionadores + 1 anillo universal;208.2;208,20 €;943
8541;15755;POSICIONADORES TROLLBYTE KIMERA;Troll Dental;RADIOGRAFÍA;Talla 2;3 posicionadores + 1 anillo universal;208.2;208,20 €;943
8542;25659;PORTA-RADIOGRAFÍAS;Bestdent;RADIOGRAFÍA;;4 uds.;14.5;14,50 €;943
8543;96547;UNI-GRIP;Rinn;RADIOGRAFÍA;Uni-Grip;;90.24;90,24 €;943
8544;96548;UNI-GRIP;Rinn;RADIOGRAFÍA;Uni-Grip;;208.2;208,20 €;943
8545;96549;UNI-GRIP;Rinn;RADIOGRAFÍA;Uni-Grip;;208.2;208,20 €;943
8546;1685;SUPER-BITE SENSO KIT;Kerr;RADIOGRAFÍA;;2 Super-Bite Anterior 2 Super-Bite Posterior 2 Dispositivos de;281.24;281,24 €;944
8547;4226;PINZAS PORTAPLACAS METALICAS;Mestra;RADIOGRAFÍA;;Bolsa c on 12 uds.;47.92;47,92 €;944
8548;80254;PINZAS PORTAPLACAS LARGAS BESTDENT;Bestdent;RADIOGRAFÍA;;6 uds.;47.92;47,92 €;944
8549;80301;SOPORTE CON 10 PINZAS PARA RX BESTDENT;Bestdent;RADIOGRAFÍA;;;47.89;47,89 €;944
8550;0236;FUNDAS PROTECTORAS PLACAS FÓSFORO;Dürr;RADIOGRAFÍA;N.0 - 2 x 3 cm. 100 uds.;;35.76;35,76 €;945
8551;0237;FUNDAS PROTECTORAS PLACAS FÓSFORO;Dürr;RADIOGRAFÍA;N.2 - 3 x 4 cm. 300 uds.;;85.68;85,68 €;945
8552;02370;FUNDAS PROTECTORAS PLACAS FÓSFORO;Dürr;RADIOGRAFÍA;N.2 - 3 x 4 cm. 1000 uds.;;264.0;264,00 €;945
8553;0238;FUNDAS PROTECTORAS PLACAS FÓSFORO;Dürr;RADIOGRAFÍA;N.1 - 2 x 4 cm. 100 uds.;;38.16;38,16 €;945
8554;20497;PARA PLACAS FÓSFORO;Proclinic;RADIOGRAFÍA;Nº 1 - 2 x 4 cm. (100 uds.);Fundas para Placas de Fósforo.;28.28;28,28 €;945
8555;49991;PARA PLACAS FÓSFORO;Proclinic;RADIOGRAFÍA;Nº 2 - 3 x 4 cm. (300 uds.);Fundas para Placas de Fósforo.;57.35;57,35 €;945
8556;49992;PARA PLACAS FÓSFORO;Proclinic;RADIOGRAFÍA;Nº 0 - 2 x 3 cm. (100 uds.);Fundas para Placas de Fósforo.;29.19;29,19 €;945
8557;96875;FUNDAS PROTECTORAS PLACAS FÓSFORO;Dürr;RADIOGRAFÍA;N.3 - 2,7 x 5,4 cm. 100 uds.;;29.19;29,19 €;945
8558;99662;FUNDAS PROTECTORAS PLACAS FÓSFORO;Dürr;RADIOGRAFÍA;N.4 - 5,7 x 7,5 cm. 100 uds.;;28.28;28,28 €;945
8559;10116;FUNDAS PLACAS DE FÓSFORO;Carestream;RADIOGRAFÍA;cm. 100 uds.;MGK;48.01;48,01 €;946
8560;10117;FUNDAS PLACAS DE FÓSFORO;Carestream;RADIOGRAFÍA;Fundas nº1. 2 x 4 cm. 100 uds.;MGK;17.25;17,25 €;946
8561;10118;FUNDAS PLACAS DE FÓSFORO;Carestream;RADIOGRAFÍA;Fundas nº2. 3 x 4 cm. 300 uds.;MGK;31.52;31,52 €;946
8562;20493;FUNDAS PLACAS FÓSFORO;Bestdent;RADIOGRAFÍA;Fundas nº2. 3 x 4 cm. 300 uds.;MGK;31.52;31,52 €;946
8563;20495;FUNDAS PLACAS FÓSFORO;Bestdent;RADIOGRAFÍA;Fundas nº0. 2 x 3 cm. 100 uds.;MGK;17.21;17,21 €;946
8564;20496;FUNDAS PLACAS FÓSFORO;Bestdent;RADIOGRAFÍA;Fundas nº1. 2 x 4 cm. 100 uds.;MGK;17.25;17,25 €;946
8565;35462;FUNDAS HIGIÉNICAS CS 7600;Carestream;RADIOGRAFÍA;Nº1;200 uds..;79.23;79,23 €;946
8566;35463;FUNDAS HIGIÉNICAS CS 7600;Carestream;RADIOGRAFÍA;Nº2;200 uds..;79.23;79,23 €;946
8567;35464;FUNDAS HIGIÉNICAS CS 7600;Carestream;RADIOGRAFÍA;Nº3;200 uds..;79.23;79,23 €;946
8568;35465;FUNDAS HIGIÉNICAS CS 7600;Carestream;RADIOGRAFÍA;Nº4;200 uds..;79.23;79,23 €;946
8569;35466;FUNDAS HIGIÉNICAS CS 7600;Carestream;RADIOGRAFÍA;Nº0;200 uds..;79.23;79,23 €;946
8570;49769;FUNDA HIGIENICA TALLA;ACTEON;RADIOGRAFÍA;Talla 0;250 unidades;56.24;56,24 €;946
8571;49772;FUNDA HIGIENICA TALLA;ACTEON;RADIOGRAFÍA;Talla 2;250 unidades;56.24;56,24 €;946
8572;49773;FUNDA HIGIENICA TALLA;ACTEON;RADIOGRAFÍA;Talla 1;250 unidades;56.24;56,24 €;946
8573;49778;FUNDA HIGIENICA TALLA;ACTEON;RADIOGRAFÍA;Talla 3;250 unidades;56.24;56,24 €;946
8574;0212;PELÍCULAS VISTASCAN FÓSFORO;Dürr;RADIOGRAFÍA;Nº 0. 2 x 3 cm. 2 uds.;;204.0;204,00 €;948
8575;0214;TOALLITAS LIMPIADORAS DE PLACAS;Dürr;RADIOGRAFÍA;Caja de 10 uds.;Sobre individual. cm. Fundas para la cobertura del;19.2;19,20 €;948
8576;0225;PELÍCULAS VISTASCAN FÓSFORO;Dürr;RADIOGRAFÍA;Nº 2. 3 x 4 cm. 4 uds.;;349.0;349,00 €;948
8577;28560;PELÍCULAS VISTASCAN FÓSFORO;Dürr;RADIOGRAFÍA;Nº 1. 2 x 4 cm. 2 uds.;;208.0;208,00 €;948
8578;35481;FUNDAS HIGIÉNICAS BLOQUE MORDIDA 3D;Carestream;RADIOGRAFÍA;;80 unidades (2 paquetes;81.65;81,65 €;948
8579;63453;PROTECTOR PARA SENSOR;MGK;RADIOGRAFÍA;Protector para Sensor RVG (500;Fundas de uso único paciente. Con reborde de agarre en el Ancho de 4 cm. Longitud de 21 cm.;30.7;30,70 €;948
8580;83147;FUNDAS PARA SENSOR RVG;Dochem;RADIOGRAFÍA;4,10 x 20 cm. 500 uds.;;30.7;30,70 €;948
8581;94279;PROTECTORES MORDEDOR;Kavo;RADIOGRAFÍA;;200 unidades;59.97;59,97 €;948
8582;08520;SALIBAG;Hager & Werken;RADIOGRAFÍA;;Caja de 320 uds. Bolsas para proteger;35.0;35,00 €;949
8583;6345;PROTECTOR HIGIÉNICO RVG Y ORTOS;MGK;RADIOGRAFÍA;;500 uds.;33.38;33,38 €;949
8584;10115;SHORTCAM FUNDAS CÁMARA;MGK;RADIOGRAFÍA;;250 uds.;60.82;60,82 €;950
8585;24983;FUNDAS PROTECTORAS;Itero;RADIOGRAFÍA;Element;25 unidades;123.33;123,33 €;950
8586;24984;FUNDAS PROTECTORAS;Itero;RADIOGRAFÍA;Element 5D;25 unidades;123.33;123,33 €;950
8587;24985;FUNDAS DESECHABLES ITERO LUMINA;Itero;RADIOGRAFÍA;;25 unidades;123.33;123,33 €;950
8588;63452;PROTECTOR CÁMARAS INTRAORALES;MGK;RADIOGRAFÍA;;250 uds. Funda universal en color blanco. cámaras. La especial y clara transparencia para el paciente. imágenes de alta calidad con un manejo fácil de ajuste mediantestick adhesivo.;91.42;91,42 €;950
8589;6448;PROTECTOR DE MORDEDOR;Omnia;RADIOGRAFÍA;Rectangular 4 x 6 cm.;No estériles.;36.96;36,96 €;950
8590;6449;PROTECTOR DE MORDEDOR;Omnia;RADIOGRAFÍA;Redondo. 7-9 mm. x 10 cm.;No estériles.;36.96;36,96 €;950
8591;64660;PROTECTOR PARA SENSOR;Omnia;RADIOGRAFÍA;;200 uds. De nitrilo, Máximo confort;53.2;53,20 €;950
8592;49990;BOLSAS PORTA-RADIOGRAFÍAS;Proclinic;RADIOGRAFÍA;;Portarradiografías. 1008 uds.;14.23;14,23 €;951
8593;6862;PORTARADIOGRAFÍAS TRANSPARENTES;Larident;RADIOGRAFÍA;;Envase de 1000 + rotulador indeleble;69.54;69,54 €;951
8594;6879;CLEANER;Dentaflux;RADIOGRAFÍA;;Quitamanchas;14.23;14,23 €;951
8595;69800;PORTARADIOGRAFÍAS ADHESIVO;Larident;RADIOGRAFÍA;;500 uds. + Rotulador indeleble.;53.79;53,79 €;951
8596;68602;CAJA DE MODELOS;Bestdent;VARIOS;;;128.99;128,99 €;960
8597;L0223;MODELOS CON DE PLÁSTICO;Proclinic;VARIOS;;10 unidades: Largo 9,5 Ancho 11,5 Alto 7;13.25;13,25 €;960
8598;L0225;CAJA DE MODELOS;Bestdent;VARIOS;L0225;Para 6 modelos cm. 1 unidad. cm. Largo 26,5 cm. Ancho 23,5 Alto 6;13.25;13,25 €;960
8599;L0226;CAJA DE MODELOS;Bestdent;VARIOS;L0226;Para 12 modelos verticales. 1 unidad. cm. Largo 31 cm. cm. Ancho 23,5 cm. cm. Alto 8 cm.;14.89;14,89 €;960
8600;L1000;CAJA DE MODELOS;Bestdent;VARIOS;;;132.99;132,99 €;960
8601;26310;CAJAS PARA ALINEADORES;Bestdent;VARIOS;;;49.99;49,99 €;961
8602;41060;CAJAS PARA ALINEADORES;Bestdent;VARIOS;Con agujeros;;39.45;39,45 €;961
8603;41062;CAJAS PARA ALINEADORES;Bestdent;VARIOS;Sin agujeros;;38.35;38,35 €;961
8604;56680;CAJAS PARA ALINEADORES;Bestdent;VARIOS;;;25.39;25,39 €;961
8605;56681;CAJAS PARA ALINEADORES;Bestdent;VARIOS;;;25.39;25,39 €;961
8606;68590;CAJAS DE Descripción:;;VARIOS;Con;;35.89;35,89 €;961
8607;68592;CAJAS DE;Bestdent;VARIOS;Sin agujeros;;35.89;35,89 €;961
8608;68593;CAJAS DE;Bestdent;VARIOS;Surtido;;32.95;32,95 €;961
8609;68594;CAJAS DE;Bestdent;VARIOS;Surtido;;27.79;27,79 €;961
8610;68600;CAJAS DE;Bestdent;VARIOS;Surtido;;33.55;33,55 €;961
8611;68601;CAJAS DE;Bestdent;VARIOS;Surtido;;29.35;29,35 €;961
8612;69810;CAJAS PARA ALINEADORES;Bestdent;VARIOS;Con cordón;;42.55;42,55 €;961
8613;502102;CAJA PARA PRÓTESIS;Mestra;VARIOS;;;19.17;19,17 €;962
8614;H80021;CAJA PARA PRÓTESIS;Mestra;VARIOS;Color azul;100 uds. Fabricada en;100.4;100,40 €;962
8615;H80023;CAJA PARA PRÓTESIS;Mestra;VARIOS;Color rosa;100 uds. Fabricada en;100.4;100,40 €;962
8616;L0227;COFRES PARA DIENTES;Hager & Werken;VARIOS;;100 unidades surtido;42.0;42,00 €;962
8617;L15000;CAJAS DE RETENEDORES PERFORACIONES;BADER;VARIOS;Pequeña;24 unidades surtidas Tamaño de las cajas: Pequeñas: 80 x 82 x 30 mm.;33.69;33,69 €;962
8618;L15001;CAJAS DE RETENEDORES PERFORACIONES;BADER;VARIOS;Grande;24 unidades surtidas Tamaño de las cajas: Pequeñas: 80 x 82 x 30 mm.;35.99;35,99 €;962
8619;L15002;CAJAS DE RETENEDORES PERFORACIONES;BADER;VARIOS;Surtido de colores;24 unidades surtidas Tamaño de las cajas: Pequeñas: 80 x 82 x 30 mm.;33.69;33,69 €;962
8620;L15003;CAJAS DE RETENEDORES PERFORACIONES;BADER;VARIOS;Negras;24 unidades surtidas Tamaño de las cajas: Pequeñas: 80 x 82 x 30 mm.;33.69;33,69 €;962
8621;L15004;CAJAS DE RETENEDORES PERFORACIONES;BADER;VARIOS;Transaparentes;24 unidades surtidas Tamaño de las cajas: Pequeñas: 80 x 82 x 30 mm.;35.99;35,99 €;962
8622;L5820;Fundas para cajas de retenedores;BADER;VARIOS;;24 unidades surtidas Tamaño de las cajas: Pequeñas: 80 x 82 x 30 mm.;4.25;4,25 €;962
8623;L5821;Fundas para cajas de retenedores;BADER;VARIOS;;24 unidades surtidas Tamaño de las cajas: Pequeñas: 80 x 82 x 30 mm.;4.25;4,25 €;962
8624;L5822;CAJAS DE RETENEDORES PERFORACIONES;BADER;VARIOS;;24 unidades surtidas Tamaño de las cajas: Pequeñas: 80 x 82 x 30 mm.;4.25;4,25 €;962
8625;L5823;CAJAS DE RETENEDORES PERFORACIONES;BADER;VARIOS;;24 unidades surtidas Tamaño de las cajas: Pequeñas: 80 x 82 x 30 mm.;4.25;4,25 €;962
8626;L5824;CAJAS DE RETENEDORES PERFORACIONES;BADER;VARIOS;;24 unidades surtidas Tamaño de las cajas: Pequeñas: 80 x 82 x 30 mm.;4.25;4,25 €;962
8627;08310;JUGUETES “ANIMALES GRANJA”;Hager & Werken;VARIOS;;150 juguetes surtidos.;34.35;34,35 €;963
8628;08320;JUGUETES “ANIMALES GRANJA”;Hager & Werken;VARIOS;;100 animales granja.;30.65;30,65 €;963
8629;08330;JUGUETES “ANIMALES GRANJA”;Hager & Werken;VARIOS;;100 animales selva.;30.65;30,65 €;963
8630;99980;PELOTAS DE JUGUETE;HAGER & WERKEN;VARIOS;;100 unidades;41.95;41,95 €;963
8631;99981;JUGUETES “ANIMALES GRANJA”;Hager & Werken;VARIOS;;100 unidades;27.29;27,29 €;963
8632;0880;MINI PONIS;Hager & Werken;VARIOS;;50 uds. ahora!;60.67;60,67 €;964
8633;0881;MINI SKATE;Hager & Werken;VARIOS;;50 uds.;60.67;60,67 €;964
8634;0882;PULSERAS;Hager & Werken;VARIOS;;50 uds.;36.9;36,90 €;964
8635;22710;COFRES PARA DIENTES;Dochem;VARIOS;;50 uds. surtidos. la oscuridad. Las pulseras retractables;13.23;13,23 €;964
8636;63535;SACAPUNTAS BOLA;Bader;VARIOS;;48 uds.;23.29;23,29 €;964
8637;502103;RELOJ DE ARENA MOLAR;Bader;VARIOS;;40 unidades (rosa,;39.72;39,72 €;966
8638;63530;JUGUETES Y REGALOS;Bader;VARIOS;Portadientes Ratoncito González;Juguetes y regalos para jóvenes.;35.6;35,60 €;966
8639;63531;JUGUETES Y REGALOS;Bader;VARIOS;Boquitas Saltarinas 10 uds.;Juguetes y regalos para jóvenes.;23.29;23,29 €;966
8640;63533;JUGUETES Y REGALOS;Bader;VARIOS;Diploma del Buen Paciente 20 uds.;Juguetes y regalos para jóvenes.;43.46;43,46 €;966
8641;63536;PORTADIENTES RATATOUILLE;Bader;VARIOS;;100 unidades;35.6;35,60 €;966
8642;63938;POPITDENT ANTIESTRÉS;Bader;VARIOS;;20 unidades;39.36;39,36 €;966
8643;9615;MODELO;;VARIOS;;;483.0;483,00 €;967
8644;L8740;incluye Cocodrilo;;VARIOS;L8740 L8741;;64.99;64,99 €;967
8645;L8741;incluye Cocodrilo;;VARIOS;L8741 L8744;;64.99;64,99 €;967
8646;L8744;incluye Cocodrilo;;VARIOS;L8744 L8745;;64.99;64,99 €;967
8647;L8745;incluye Cocodrilo;;VARIOS;L8745;;64.99;64,99 €;967
8648;L8746;incluye Cocodrilo;;VARIOS;L8746 L8747;;156.99;156,99 €;967
8649;L8747;cepillo de Dragón;;VARIOS;L8747 L8749;;156.99;156,99 €;967
8650;L8749;dientes. Dinosaurio;;VARIOS;L8749 L8750;;156.99;156,99 €;967
8651;L8750;Perro;;VARIOS;L8750;;156.99;156,99 €;967
8652;16076;MODELO DE ESTUDIO TRANSPARENTE DELUXE;Hager & Werken;VARIOS;;;254.53;254,53 €;968
8653;16077;MODELO DE ESTUDIO IMPLANTES Y PRÓTESIS;Hager & Werken;VARIOS;;;254.53;254,53 €;968
8654;37301;MODELO CON BRACKETS METAL;Dentalstore;VARIOS;;Modelo de demostración.;309.0;309,00 €;968
8655;37302;MODELO CON BRACKETS;Dentalstore;VARIOS;;Modelo de demostración.;309.0;309,00 €;968
8656;63020;FANTOMAS Y CEPILLO GIGANTES;Hager & Werken;VARIOS;;Gran tamaño, para explicación a los pacientes.;309.0;309,00 €;968
8657;9607;MODELO DE PARODONTOPATÍAS;Dentalstore;VARIOS;;Modelo en tamaño culador. Dientes desmontables sobre Muestra caries, sarro, bolsas y retracción estados de inflamación.;482.0;482,00 €;969
8658;9608;ESTADOS DE;Dentalstore;VARIOS;;encías de goma blanda. de encías con diferentes;482.0;482,00 €;969
8659;9610;CRÁNEO HUMANO DESMONTABLE;Dentalstore;VARIOS;;;846.95;846,95 €;969
8660;9612;MODELO STANDARD DE BOCA;Dentalstore;VARIOS;Tamaño: 38 x 38 cm.;Modelo standard de boca sobre articulador, el con dientes extraíbles con raíces. Encía de goma rosa.;414.94;414,94 €;969
8661;9616;CRÁNEO HUMANO;Dentalstore;VARIOS;;;1109.2;1109,20 €;969
8662;37304;AMBIENTADOR SPRAY;Amedics;VARIOS;;350 ml.;7.32;7,32 €;970
8663;37305;AMBIENTADOR SPRAY;Amedics;VARIOS;Green Butterfly;350 ml.;7.32;7,32 €;970
8664;37306;AMBIENTADOR SPRAY;Amedics;VARIOS;Atlantic Breeze;350 ml.;7.32;7,32 €;970
8665;5000;MANDÍBULA PARA PRÁCTICAS IMPLANTOLOGÍACON DENSIDAD;Dentalstore;VARIOS;;;19.99;19,99 €;970
8666;77162;MANDÍBULA PARA PRÁCTICAS IMPLANTOLOGÍACON DENSIDAD;Dentalstore;VARIOS;;1 unidad;67.25;67,25 €;970
8667;93400;MANIQUÍES Y MODELOS;Dentalstore;VARIOS;Maniquí con enganche a equipo.;;1376.89;1376,89 €;970
8668;93401;MANIQUÍES Y MODELOS;Dentalstore;VARIOS;Maniquí con enganche lateral;;1464.0;1464,00 €;970
8669;93402;MANIQUÍES Y MODELOS;Dentalstore;VARIOS;Maniquí de sobremesa.;;1297.83;1297,83 €;970
8670;93403;MODELOS;;VARIOS;;93403;226.0;226,00 €;970
8671;93405;MODELOS;;VARIOS;;93403;370.8;370,80 €;970
8672;93406;MODELOS;;VARIOS;;93403;107.2;107,20 €;970
8673;93407;MANIQUÍES Y MODELOS;Dentalstore;VARIOS;;;363.64;363,64 €;970
8674;93408;MANIQUÍES Y MODELOS;Dentalstore;VARIOS;;;107.2;107,20 €;970
8675;93412;MANIQUÍES Y MODELOS;Dentalstore;VARIOS;;;579.41;579,41 €;970
